date,stock_id,percent,people,unit
2026-09-04,000218,100.0,1,422278902
2026-09-04,000560,100.0,1,29700000
2026-09-04,000708,100.0,1,20200000
2026-09-04,000779,100.0,1,1150000000
2026-09-04,000815,100.0,1,2505407068
2026-09-04,000856,100.0,1,323400000
2026-09-04,00400A,16.01,209,304775825
2026-09-04,00401A,19.72,30,44368034
2026-09-04,00402A,20.27,103,144136243
2026-09-04,00403A,15.93,1762,2487243957
2026-09-04,00404A,18.68,35,64189461
2026-09-04,00405A,18.49,452,589905375
2026-09-04,00406A,21.57,793,749931020
2026-09-04,00407A,24.42,363,643200770
2026-09-04,00408A,30.62,37,45230928
2026-09-04,00409A,39.13,495,715456470
2026-09-04,00410A,36.17,29,56584707
2026-09-04,00411A,31.63,109,207127678
2026-09-04,0050,26.48,917,5915628180
2026-09-04,0051,12.83,5,3144828
2026-09-04,0052,19.92,163,512139653
2026-09-04,0053,55.620000000000005,5,5556377
2026-09-04,0055,43.32,17,36684201
2026-09-04,0056,11.54,720,1626755372
2026-09-04,0057,0.0,0,0
2026-09-04,0061,32.9,22,31637330
2026-09-04,006201,46.64,7,10709422
2026-09-04,006203,74.49,5,7612977
2026-09-04,006204,0.0,0,0
2026-09-04,006205,45.35,26,42396605
2026-09-04,006206,20.85,4,5586521
2026-09-04,006207,14.22,5,2974839
2026-09-04,006208,10.2,58,190082850
2026-09-04,00625K,0.0,0,0
2026-09-04,00631L,29.19,1505,2132091799
2026-09-04,00632R,47.010000000000005,853,1296860035
2026-09-04,00633L,33.95,37,39901089
2026-09-04,00634R,53.54,14,22903363
2026-09-04,00635U,20.17,32,62327354
2026-09-04,00636,21.09,19,19800500
2026-09-04,00636K,0.0,0,0
2026-09-04,00637L,56.96,277,424566676
2026-09-04,00638R,52.63,8,12084182
2026-09-04,00639,25.49,22,24455673
2026-09-04,00640L,28.18,3,1810001
2026-09-04,00641R,57.790000000000006,33,52750048
2026-09-04,00642U,42.48,13,28613540
2026-09-04,00643,40.35,21,29270180
2026-09-04,00643K,0.0,0,0
2026-09-04,00645,23.98,10,10318526
2026-09-04,00646,43.0,72,264603623
2026-09-04,00647L,30.47,1,1955463
2026-09-04,00648R,46.54,39,66434967
2026-09-04,00650L,50.4,39,48588298
2026-09-04,00651R,69.81,16,22478935
2026-09-04,00652,31.03,15,18945774
2026-09-04,00653L,13.33,1,1720112
2026-09-04,00654R,55.03,9,10716403
2026-09-04,00655L,29.22,20,16942390
2026-09-04,00656R,74.71000000000001,14,15212208
2026-09-04,00657,10.07,1,613023
2026-09-04,00657K,0.0,0,0
2026-09-04,00660,27.26,3,1917000
2026-09-04,00661,17.369999999999997,5,4072617
2026-09-04,00662,37.27,95,339524183
2026-09-04,00663L,28.1,21,42219686
2026-09-04,00664R,58.85,398,520747052
2026-09-04,00665L,58.25,150,235379579
2026-09-04,00666R,80.98,7,9820645
2026-09-04,00668,32.48,2,2430513
2026-09-04,00668K,0.0,0,0
2026-09-04,00669R,46.33,63,95073447
2026-09-04,00670L,13.07,9,10096832
2026-09-04,00671R,69.64,206,362873117
2026-09-04,00673R,45.51,235,353853248
2026-09-04,00674R,45.46,4,6557307
2026-09-04,00675L,20.87,12,22927063
2026-09-04,00676R,46.0,74,90113968
2026-09-04,00678,17.73,3,1498000
2026-09-04,00679B,42.74,691,2669550337
2026-09-04,00680L,53.88,512,785905311
2026-09-04,00681R,91.68,6,6962896
2026-09-04,00682U,77.88,4,5953992
2026-09-04,00683L,67.39,6,7706485
2026-09-04,00684R,81.2,6,7867279
2026-09-04,00685L,31.43,1524,1819344600
2026-09-04,00686R,67.53,115,178147905
2026-09-04,00687B,42.74,554,1824843705
2026-09-04,00687C,93.67,1,1819400
2026-09-04,00688L,49.89,211,312001640
2026-09-04,00689R,87.38,5,6019920
2026-09-04,00690,12.73,13,10692791
2026-09-04,00692,16.650000000000002,34,102357842
2026-09-04,00693U,40.47,19,29010054
2026-09-04,00694B,63.86,8,17614000
2026-09-04,00695B,75.14,9,30199536
2026-09-04,00696B,83.5,28,516688274
2026-09-04,00697B,23.54,11,15364035
2026-09-04,00700,13.63,7,4367703
2026-09-04,00701,6.69,11,11400349
2026-09-04,00702,55.32,5,3700414
2026-09-04,00703,23.42,3,2237591
2026-09-04,00706L,31.38,30,41209818
2026-09-04,00707R,96.03,5,5623837
2026-09-04,00708L,28.24,27,41710852
2026-09-04,00709,38.57,9,5772951
2026-09-04,00710B,82.02000000000001,8,147447448
2026-09-04,00711B,99.33,5,866083082
2026-09-04,00712,31.94,1192,1663682755
2026-09-04,00713,22.34,77,377226344
2026-09-04,00714,46.23,12,9280820
2026-09-04,00715L,53.0,16,43046161
2026-09-04,00717,27.03,25,32351004
2026-09-04,00719B,30.2,49,93251877
2026-09-04,00720B,65.62,300,2650487979
2026-09-04,00722B,89.86,48,1314156784
2026-09-04,00723B,99.71,13,1516400087
2026-09-04,00724B,97.61,32,2950936170
2026-09-04,00725B,81.91,157,3023470328
2026-09-04,00726B,97.97,17,1163571779
2026-09-04,00727B,89.22,5,51029260
2026-09-04,00728,5.3,2,2119575
2026-09-04,00730,15.69,8,10838743
2026-09-04,00731,12.510000000000002,4,2517452
2026-09-04,00733,14.27,6,9200288
2026-09-04,00734B,82.53,2,20619000
2026-09-04,00735,20.27,21,24411555
2026-09-04,00736,74.32,6,5000325
2026-09-04,00737,15.06,4,3397591
2026-09-04,00738U,18.14,41,43732827
2026-09-04,00739,39.760000000000005,9,10138387
2026-09-04,00740B,96.64,46,2115910482
2026-09-04,00741B,49.510000000000005,3,6502236
2026-09-04,00746B,99.57,28,2540030464
2026-09-04,00749B,99.75,7,1107810000
2026-09-04,00750B,99.73,4,147617234
2026-09-04,00751B,75.59,326,3953158610
2026-09-04,00752,30.51,31,78221106
2026-09-04,00753L,49.73,241,331166099
2026-09-04,00754B,99.75,14,1300670000
2026-09-04,00755B,97.59,7,273500000
2026-09-04,00756B,97.6,19,1268266952
2026-09-04,00757,30.47,30,81433914
2026-09-04,00758B,90.49,1,5000000
2026-09-04,00759B,98.89,1,47000000
2026-09-04,00760B,99.15,6,431365472
2026-09-04,00761B,98.52,31,2695436170
2026-09-04,00762,17.259999999999998,5,8075396
2026-09-04,00763U,50.83,12,20880943
2026-09-04,00764B,94.12,31,1454410631
2026-09-04,00768B,98.27,28,778053252
2026-09-04,00770,12.36,9,9901066
2026-09-04,00771,15.17,2,2159118
2026-09-04,00772B,80.43,144,2711697196
2026-09-04,00773B,95.62,42,2482568554
2026-09-04,00775B,99.66,7,231330000
2026-09-04,00777B,99.92,14,2075360000
2026-09-04,00778B,99.92,10,1521080000
2026-09-04,00779B,99.6,9,1292579158
2026-09-04,00780B,97.37,9,239645365
2026-09-04,00781B,29.24,3,2438000
2026-09-04,00782B,23.31,4,4775020
2026-09-04,00783,10.16,1,715006
2026-09-04,00785B,99.83,11,1061720810
2026-09-04,00786B,28.82,6,5640679
2026-09-04,00787B,41.03,5,4845949
2026-09-04,00788B,26.15,7,6464516
2026-09-04,00789B,99.38,11,452790000
2026-09-04,00791B,99.68,6,280204000
2026-09-04,00792B,99.87,15,2314770577
2026-09-04,00793B,24.2,1,611504
2026-09-04,00795B,55.46,141,846184223
2026-09-04,00799B,24.78,7,6454970
2026-09-04,00830,20.58,58,174239806
2026-09-04,00834B,94.36,4,21890000
2026-09-04,00836B,99.53,12,628104734
2026-09-04,00840B,99.27,3,59000000
2026-09-04,00841B,99.43,5,70047000
2026-09-04,00842B,44.24,6,9190000
2026-09-04,00844B,99.21,5,211503000
2026-09-04,00845B,99.57,4,236061210
2026-09-04,00846B,98.18,2,73000000
2026-09-04,00847B,31.21,2,1344000
2026-09-04,00848B,99.51,3,135410000
2026-09-04,00849B,99.83,6,485335445
2026-09-04,00850,17.93,32,74859024
2026-09-04,00851,27.87,1,1540000
2026-09-04,00852L,68.29,3,5713662
2026-09-04,00853B,91.01,10,162159549
2026-09-04,00856B,56.77,2,3856501
2026-09-04,00857B,59.35,67,357030741
2026-09-04,00858,15.18,13,17911108
2026-09-04,00859B,19.76,6,5934010
2026-09-04,00860B,0.0,0,0
2026-09-04,00861,6.15,4,4306726
2026-09-04,00862B,98.3,11,864558201
2026-09-04,00863B,99.59,9,509877000
2026-09-04,00864B,34.28,21,37639112
2026-09-04,00865B,30.26,50,93463874
2026-09-04,00867B,99.79,10,563996000
2026-09-04,00870B,99.61,9,561975476
2026-09-04,00875,20.3,4,3045018
2026-09-04,00876,27.3,11,25815307
2026-09-04,00877,15.92,26,26118849
2026-09-04,00878,11.25,879,2121179727
2026-09-04,00881,15.27,129,455254187
2026-09-04,00882,26.61,390,525994189
2026-09-04,00884B,98.76,4,74511597
2026-09-04,00885,17.53,88,105751198
2026-09-04,00886,13.5,1,601021
2026-09-04,00887,31.04,117,138970550
2026-09-04,00888,10.3,31,67708006
2026-09-04,00890B,73.39,3,13406305
2026-09-04,00891,13.68,111,263240146
2026-09-04,00892,16.86,27,54659667
2026-09-04,00893,8.48,21,30468105
2026-09-04,00894,12.22,10,18109255
2026-09-04,00895,9.28,7,13372108
2026-09-04,00896,7.939999999999999,22,32775255
2026-09-04,00897,17.12,24,22023032
2026-09-04,00898,20.84,26,24400284
2026-09-04,00899,5.63,1,909211
2026-09-04,00900,15.3,86,237054656
2026-09-04,00901,13.3,10,8303283
2026-09-04,00902,17.17,28,38499568
2026-09-04,00903,10.69,5,5059000
2026-09-04,00904,12.33,18,19524392
2026-09-04,00905,7.76,19,27972682
2026-09-04,00907,11.45,13,16994769
2026-09-04,00908,37.35,9,12864893
2026-09-04,00909,11.62,10,12412858
2026-09-04,00910,9.670000000000002,10,11193742
2026-09-04,00911,16.37,6,5309765
2026-09-04,00912,21.660000000000004,8,12627387
2026-09-04,00913,21.49,8,12746992
2026-09-04,00915,16.57,36,84606012
2026-09-04,00916,15.05,16,15947970
2026-09-04,00917,13.56,10,8349718
2026-09-04,00918,11.78,214,426516745
2026-09-04,00919,11.09,1041,2030292132
2026-09-04,00920,22.22,5,4509968
2026-09-04,00921,8.24,4,4522220
2026-09-04,00922,31.44,108,672432221
2026-09-04,00923,14.419999999999998,46,137624810
2026-09-04,00924,22.28,27,97028106
2026-09-04,00926,56.66,12,58934216
2026-09-04,00927,12.56,82,171571530
2026-09-04,00928,19.76,10,8674716
2026-09-04,00929,9.24,220,467906978
2026-09-04,00930,6.199999999999999,7,7861092
2026-09-04,00931B,76.72,103,1726467261
2026-09-04,00932,11.78,9,13193501
2026-09-04,00933B,76.01,458,4957425417
2026-09-04,00934,11.52,23,48960363
2026-09-04,00935,24.63,55,219733905
2026-09-04,00936,10.17,9,19750024
2026-09-04,00937B,60.66,3207,10407755422
2026-09-04,00938,45.5,9,45287137
2026-09-04,00939,7.1,49,82998791
2026-09-04,00940,12.26,392,640444114
2026-09-04,00941,13.23,36,60357623
2026-09-04,00942B,89.72000000000001,68,1817239467
2026-09-04,00943,32.800000000000004,5,13253065
2026-09-04,00944,10.4,6,5578519
2026-09-04,00945B,40.53,135,333022100
2026-09-04,00946,19.08,32,84693974
2026-09-04,00947,21.22,31,59983165
2026-09-04,00948B,80.92,315,3228039581
2026-09-04,00949,20.24,27,33928279
2026-09-04,00950B,90.91,149,3739024568
2026-09-04,00951,27.64,35,65145922
2026-09-04,00952,13.43,27,33303816
2026-09-04,00953B,53.05,1392,2425093687
2026-09-04,00954,21.53,18,26870764
2026-09-04,00955,31.19,67,157239221
2026-09-04,00956,22.01,6,7295500
2026-09-04,00957B,50.53,30,95163453
2026-09-04,00958B,21.71,24,26455556
2026-09-04,00959B,48.42,82,247196407
2026-09-04,00960,18.91,8,11259533
2026-09-04,00961,7.82,81,61488384
2026-09-04,00962,10.22,6,6035000
2026-09-04,00963,28.24,21,32486657
2026-09-04,00964,20.58,13,13407265
2026-09-04,00965,41.48,42,167650653
2026-09-04,00966B,36.63,18,42780101
2026-09-04,00967B,70.53999999999999,34,127993824
2026-09-04,00968B,68.71,102,545709521
2026-09-04,00969B,68.95,45,102168607
2026-09-04,00970B,60.48,61,236700610
2026-09-04,00971,16.62,8,9179056
2026-09-04,00972,38.49,4,6033717
2026-09-04,009800,26.55,49,78479681
2026-09-04,009801,19.9,18,18946564
2026-09-04,009802,26.19,57,157666894
2026-09-04,009803,11.24,16,21407845
2026-09-04,009804,10.88,15,16545836
2026-09-04,009805,19.36,72,118950546
2026-09-04,009806,58.09,6,7937710
2026-09-04,009807,57.71,8,8231305
2026-09-04,009808,10.89,4,4308659
2026-09-04,009809,33.5,7,10176171
2026-09-04,00980A,25.37,55,204664045
2026-09-04,00980B,47.01,14,25193720
2026-09-04,00980D,39.400000000000006,25,40182659
2026-09-04,00980T,53.77,11,40293168
2026-09-04,009810,33.72,5,6461408
2026-09-04,009811,17.21,37,40824826
2026-09-04,009812,36.83,22,34229622
2026-09-04,009813,23.72,49,78785144
2026-09-04,009814,20.76,20,31716796
2026-09-04,009815,21.09,58,91040512
2026-09-04,009816,20.14,1466,2417445830
2026-09-04,009817,24.81,50,55467921
2026-09-04,009818,3.96,2,1832984
2026-09-04,009819,11.45,55,68905126
2026-09-04,00981A,19.81,967,1882863698
2026-09-04,00981B,51.92,530,800055141
2026-09-04,00981D,44.43,159,230559275
2026-09-04,00981T,36.1,70,89840503
2026-09-04,009820,38.16,227,433651623
2026-09-04,009821,10.53,43,54873291
2026-09-04,009822,10.37,11,8789661
2026-09-04,009823,17.37,36,61115770
2026-09-04,009824,14.82,74,82922513
2026-09-04,009825,10.87,20,13751000
2026-09-04,009826,26.01,152,193070807
2026-09-04,009827,20.03,30,42796400
2026-09-04,009828,27.69,53,132714062
2026-09-04,009829,45.9,56,142065726
2026-09-04,00982A,13.65,168,306975673
2026-09-04,00982B,62.31999999999999,6,16145069
2026-09-04,00982D,35.86,20,27529503
2026-09-04,00982T,33.53,6,5567188
2026-09-04,00983A,23.05,14,19311206
2026-09-04,00983B,56.09,8,13832071
2026-09-04,00983D,30.450000000000003,38,31744140
2026-09-04,00984A,15.88,43,101406793
2026-09-04,00984B,35.510000000000005,27,43851569
2026-09-04,00984D,45.27,399,510069144
2026-09-04,00985A,16.580000000000002,38,75008084
2026-09-04,00985B,57.4,188,387300480
2026-09-04,00985D,55.45,23,56696143
2026-09-04,00986A,16.76,6,6597606
2026-09-04,00986B,79.24,6,16453686
2026-09-04,00986D,51.7,42,76894706
2026-09-04,00987A,14.12,17,22001314
2026-09-04,00987B,54.5,25,39702242
2026-09-04,00987D,74.59,13,70889841
2026-09-04,00988A,18.55,371,605412847
2026-09-04,00988B,28.85,41,46564093
2026-09-04,00989A,15.4,8,10270024
2026-09-04,00989B,34.03,26,27906759
2026-09-04,00990A,33.89,401,824461084
2026-09-04,00990B,40.78,15,34410294
2026-09-04,00991A,19.85,464,893675345
2026-09-04,00991B,98.23,13,223328032
2026-09-04,00992A,17.76,231,405962777
2026-09-04,00993A,20.18,99,152834283
2026-09-04,00994A,18.36,31,51736647
2026-09-04,00995A,14.25,28,38965718
2026-09-04,00996A,20.6,36,60791676
2026-09-04,00997A,16.240000000000002,154,187114694
2026-09-04,00998A,36.96,26,86032436
2026-09-04,00999A,10.61,80,105338354
2026-09-04,01001T,93.29,61,544027398
2026-09-04,01002T,93.68,112,1305410000
2026-09-04,01004T,94.01,82,686668428
2026-09-04,01007T,92.76,81,668089980
2026-09-04,01009T,90.2,61,270643019
2026-09-04,01010T,98.75,81,2279539865
2026-09-04,1101,55.47,856,4174613439
2026-09-04,1101B,94.08,22,188202651
2026-09-04,1102,81.71000000000001,336,2898825066
2026-09-04,1103,80.31,135,669087235
2026-09-04,1104,73.52000000000001,111,504918725
2026-09-04,1107,99.7,1,10069890
2026-09-04,1108,78.67999999999999,68,318521244
2026-09-04,1109,79.87,72,272544823
2026-09-04,1110,94.17,60,538781435
2026-09-04,1113O,0.0,0,0
2026-09-04,1113R,0.0,0,0
2026-09-04,1201,63.69,64,322418766
2026-09-04,1203,90.93,50,218285294
2026-09-04,1204,45.75,6,8406600
2026-09-04,1207,77.28,48,358763601
2026-09-04,1210,64.94,130,581143941
2026-09-04,1212,44.24,45,77057823
2026-09-04,1213,81.87,13,46369283
2026-09-04,1215,56.21,32,165766763
2026-09-04,1216,89.66999999999999,760,5095646310
2026-09-04,1217,61.56,130,304545289
2026-09-04,1218,67.33,69,336745743
2026-09-04,1219,64.2,77,219161639
2026-09-04,1220,67.66,46,119838341
2026-09-04,1221,34.2,22,32505214
2026-09-04,1224,88.36,20,63549161
2026-09-04,1225,89.5,39,216872676
2026-09-04,1227,67.19999999999999,73,615121065
2026-09-04,1228,38.0,5,4223807
2026-09-04,1229,65.92999999999999,174,1208105727
2026-09-04,1231,64.94,28,213220694
2026-09-04,1232,73.76,11,118013587
2026-09-04,1233,75.73,27,68633554
2026-09-04,1234,83.05000000000001,136,333885527
2026-09-04,1235,96.36,15,181726811
2026-09-04,1236,83.51,23,72403646
2026-09-04,1238,11.73,4,3516000
2026-09-04,1240,69.69,25,30831804
2026-09-04,1256,59.9,10,21439774
2026-09-04,1259,78.32000000000001,9,25374919
2026-09-04,1260,76.38,30,77992209
2026-09-04,1264,47.22,16,17503430
2026-09-04,1268,78.11,17,32982262
2026-09-04,1269,77.54,7,16195413
2026-09-04,1271,74.1,19,57148479
2026-09-04,1293,74.31,11,12704742
2026-09-04,1294,60.04,16,21999956
2026-09-04,1295,57.92,15,21787312
2026-09-04,1301,75.65,581,4817171319
2026-09-04,1303,86.46000000000001,703,6858030130
2026-09-04,1304,60.95,112,724785701
2026-09-04,1305,51.73,62,300717320
2026-09-04,1306,21.34,4,9502500
2026-09-04,1307,80.2,62,319097219
2026-09-04,1308,52.82,64,313721543
2026-09-04,1309,46.48,31,184860189
2026-09-04,1310,30.22,90,159617631
2026-09-04,1312,59.64,170,898964871
2026-09-04,1312A,54.45,12,10892744
2026-09-04,1313,68.4,165,910480113
2026-09-04,1314,40.870000000000005,785,1547942696
2026-09-04,1315,81.1,42,80387070
2026-09-04,1316,41.88,83,168268668
2026-09-04,1319,80.22999999999999,106,474608623
2026-09-04,1321,70.73,94,160759468
2026-09-04,1323,70.53999999999999,36,64414299
2026-09-04,1324,66.23,20,49770889
2026-09-04,1325,47.81,9,40784314
2026-09-04,1326,83.08,519,4869887828
2026-09-04,1333,51.19,14,38162983
2026-09-04,1336,51.84,23,40252129
2026-09-04,1337,47.71000000000001,56,128387952
2026-09-04,1338,44.15,25,37035854
2026-09-04,1339,75.19,16,55749438
2026-09-04,1340,34.629999999999995,25,52988763
2026-09-04,1341,83.7,16,44243712
2026-09-04,1342,58.72,14,45820509
2026-09-04,1343,66.18,22,26819140
2026-09-04,1402,89.26,428,4778743664
2026-09-04,1407,35.28,76,155616513
2026-09-04,1407A,53.5,9,36304000
2026-09-04,1408,20.7,72,72859689
2026-09-04,1409,61.85,212,1001208997
2026-09-04,1410,77.0,20,47752205
2026-09-04,1413,76.03999999999999,26,100482672
2026-09-04,1414,88.55999999999999,37,175384796
2026-09-04,1416,56.2,39,104182777
2026-09-04,1417,58.38,51,110915412
2026-09-04,1418,71.53999999999999,19,40667068
2026-09-04,1419,90.54,71,271730435
2026-09-04,1423,83.33999999999999,29,83074852
2026-09-04,1432,54.5,13,58875582
2026-09-04,1434,72.0,162,1213443042
2026-09-04,1435,94.87,24,132616615
2026-09-04,1436,76.38,38,148348406
2026-09-04,1437,79.36,73,160241064
2026-09-04,1438,82.95,28,92259191
2026-09-04,1439,85.63999999999999,31,78806780
2026-09-04,1440,78.44,270,1299945003
2026-09-04,1441,65.0,15,46654605
2026-09-04,1442,87.33,108,319861838
2026-09-04,1443,89.95,40,121762884
2026-09-04,1444,64.1,138,638361349
2026-09-04,1445,69.06,41,90268348
2026-09-04,1446,66.28999999999999,30,91308330
2026-09-04,1447,70.08,129,638037170
2026-09-04,1449,38.48,27,48929997
2026-09-04,1450,25.83,14,20374520
2026-09-04,1451,63.73,40,126205593
2026-09-04,1452,49.440000000000005,40,65614838
2026-09-04,1453,75.67,18,85716130
2026-09-04,1454,81.67,35,106051724
2026-09-04,1455,67.03999999999999,80,356543231
2026-09-04,1456,85.77000000000001,15,80398761
2026-09-04,1457,74.95,71,237451744
2026-09-04,1458,59.79,59,155928277
2026-09-04,1459,84.15,61,226396944
2026-09-04,1460,71.95,123,499959277
2026-09-04,1462,46.4,98,139155413
2026-09-04,1463,81.79,42,141749590
2026-09-04,1464,61.85,89,263304385
2026-09-04,1465,72.84,39,75482336
2026-09-04,1466,69.19,35,76930776
2026-09-04,1467,67.26,45,157167323
2026-09-04,1468,97.55,18,156505821
2026-09-04,1469,92.35,28,80568464
2026-09-04,1470,86.72,35,74387583
2026-09-04,1471,21.92,22,32982180
2026-09-04,1472,82.55000000000001,18,43341718
2026-09-04,1473,71.81,30,104988215
2026-09-04,1474,58.88,30,76498839
2026-09-04,1475,76.28,16,50377750
2026-09-04,1476,80.28999999999999,79,220346525
2026-09-04,1477,59.2,76,146099762
2026-09-04,1480,98.13,59,408346640
2026-09-04,1491,59.65,24,32709081
2026-09-04,1492O,0.0,0,0
2026-09-04,1492R,0.0,0,0
2026-09-04,1498,48.56,1,424968
2026-09-04,1503,73.2,63,381438238
2026-09-04,1504,70.58,237,1677656307
2026-09-04,1506,77.16999999999999,46,231880985
2026-09-04,1507,100.0,1,250000000
2026-09-04,1512,54.040000000000006,19,53063076
2026-09-04,1513,44.85,78,225756272
2026-09-04,1514,41.0,60,114274595
2026-09-04,1515,48.57,32,88170153
2026-09-04,1516,64.82,15,25938108
2026-09-04,1517,48.690000000000005,30,107152984
2026-09-04,1519,73.65,77,255992443
2026-09-04,1521,68.06,12,51893956
2026-09-04,1522,57.68,50,180526670
2026-09-04,1522A,87.74,10,26327500
2026-09-04,1524,38.55,21,63766432
2026-09-04,1525,89.37,9,65604340
2026-09-04,1526,37.99,12,22799675
2026-09-04,1527,33.39,22,46300114
2026-09-04,1528,30.67,13,58725300
2026-09-04,1529,45.48,21,70584725
2026-09-04,1530,75.47,14,71399827
2026-09-04,1531,63.96,52,116508294
2026-09-04,1532,66.44,105,280875445
2026-09-04,1533,63.26,35,62360681
2026-09-04,1534,46.92,19,31798904
2026-09-04,1535,75.69,10,93669038
2026-09-04,1536,34.06,53,95087588
2026-09-04,1537,51.48,25,42268040
2026-09-04,1538,78.44999999999999,7,25345478
2026-09-04,1539,61.11,11,39953656
2026-09-04,1540,35.14,22,30039299
2026-09-04,1541,83.75999999999999,15,66023078
2026-09-04,1553,0.0,0,0
2026-09-04,1557,30.57,1,526527
2026-09-04,1558,38.15,30,24636831
2026-09-04,1560,64.53999999999999,65,97974693
2026-09-04,1563,100.0,1,169206105
2026-09-04,1563O,49.66,70,112099136
2026-09-04,1565,16.8,10,8477339
2026-09-04,1568,64.93,31,66959038
2026-09-04,1569,51.760000000000005,35,74684741
2026-09-04,1570,55.14,11,28409484
2026-09-04,1571,67.23,1,765000
2026-09-04,1573,0.0,0,0
2026-09-04,1575,0.0,0,0
2026-09-04,1577,0.0,0,0
2026-09-04,1580,38.65,14,19078076
2026-09-04,1582,30.81,25,44494414
2026-09-04,1583,91.25,17,99838703
2026-09-04,1584,40.98,35,95322462
2026-09-04,1585,65.75999999999999,33,37957711
2026-09-04,1586,72.57000000000001,49,94015818
2026-09-04,1587,46.32,20,37095197
2026-09-04,1589,28.35,30,43458415
2026-09-04,1590,72.48,103,145008012
2026-09-04,1591,20.38,9,7761385
2026-09-04,1592,26.44,25,29357413
2026-09-04,1593,50.05,18,19913906
2026-09-04,1594,82.82000000000001,12,27515325
2026-09-04,1595,48.78,22,28164657
2026-09-04,1597,49.73,33,44411023
2026-09-04,1598,60.3,48,108072346
2026-09-04,1599,65.11,21,47560902
2026-09-04,1601,11.57,13,12313555
2026-09-04,1602,12.17,26,47056285
2026-09-04,1603,72.79,30,139548514
2026-09-04,1604,58.35,73,224264263
2026-09-04,1605,75.34,369,3339022098
2026-09-04,1606,15.91,119,122613360
2026-09-04,1608,66.28,60,419571190
2026-09-04,1609,32.4,110,254609035
2026-09-04,1611,52.98,80,171023414
2026-09-04,1612,61.02,65,192926438
2026-09-04,1613,57.74,67,131341131
2026-09-04,1614,82.92,83,223198256
2026-09-04,1615,80.69,35,160329753
2026-09-04,1616,59.61,25,115773594
2026-09-04,1617,75.58,38,128148307
2026-09-04,1618,57.48,28,110790872
2026-09-04,1623,77.09,13,50889220
2026-09-04,1626,69.23,48,103756140
2026-09-04,1702,57.78,30,170016790
2026-09-04,1707,52.71,52,78114713
2026-09-04,1708,39.24,42,97752903
2026-09-04,1709,70.95,128,338574680
2026-09-04,1710,62.02,133,549567379
2026-09-04,1711,45.01,91,246665089
2026-09-04,1712,56.5,117,237644957
2026-09-04,1713,74.36,30,112255876
2026-09-04,1714,52.91,145,524865448
2026-09-04,1717,69.03999999999999,240,817860309
2026-09-04,1718,51.42,220,867275396
2026-09-04,1720,65.04,31,127864568
2026-09-04,1721,37.64,33,69627090
2026-09-04,1722,64.28999999999999,155,630297920
2026-09-04,1723,52.86,39,125285192
2026-09-04,1725,94.44,20,171738574
2026-09-04,1726,85.45,28,138462328
2026-09-04,1727,59.02,29,75584347
2026-09-04,1729,91.39,47,165189630
2026-09-04,1730,57.3,11,36241298
2026-09-04,1731,55.69,15,74028162
2026-09-04,1732,46.400000000000006,5,19695882
2026-09-04,1733,43.51,19,43517227
2026-09-04,1734,49.24,41,93692796
2026-09-04,1735,78.39999999999999,12,77927200
2026-09-04,1736,88.27,44,267873094
2026-09-04,1737,62.72,25,125498752
2026-09-04,1742,80.77,27,74870798
2026-09-04,1748,39.61,3,5667604
2026-09-04,1748R,0.0,0,0
2026-09-04,1752,64.22,20,64874061
2026-09-04,1760,43.07,22,36942728
2026-09-04,1762,46.29,17,35626661
2026-09-04,1763,100.0,1,1816737993
2026-09-04,1764,100.0,1,715186287
2026-09-04,1765,100.0,1,437517135
2026-09-04,1766,100.0,1,493557368
2026-09-04,1773,73.72,54,221241772
2026-09-04,1775,100.0,1,88000000
2026-09-04,1776,65.81,32,39566816
2026-09-04,1777,59.79,9,26668830
2026-09-04,1780,78.05,44,85152453
2026-09-04,1781,44.86,22,21274320
2026-09-04,1783,63.91,19,57340884
2026-09-04,1784,28.8,15,15307333
2026-09-04,1785,43.12,109,257080658
2026-09-04,1786,51.34,24,38427956
2026-09-04,1788,49.790000000000006,15,22176091
2026-09-04,1789,76.98,54,608866324
2026-09-04,1794,0.0,0,0
2026-09-04,1795,57.18,30,152579148
2026-09-04,1796,55.76,12,23129329
2026-09-04,1799,66.26,22,164895806
2026-09-04,1802,76.36999999999999,174,2221562076
2026-09-04,1805,77.45,38,104562026
2026-09-04,1806,74.75999999999999,61,291896081
2026-09-04,1807,47.38,37,54214852
2026-09-04,1808,80.82,96,721986570
2026-09-04,1809,47.96,31,80148450
2026-09-04,1810,61.85,69,187004041
2026-09-04,1813,47.73,16,22268888
2026-09-04,1814,78.82000000000001,12,14965621
2026-09-04,1815,55.55,90,325303919
2026-09-04,1816,94.8,2,23241949
2026-09-04,1817,65.0,26,47192937
2026-09-04,1818,75.49,7,8785473
2026-09-04,1819,84.42,17,28292267
2026-09-04,1903,81.28,66,211397254
2026-09-04,1904,68.28,146,757042677
2026-09-04,1905,71.7,70,790944340
2026-09-04,1906,74.41,26,112391332
2026-09-04,1907,85.44000000000001,210,1418853344
2026-09-04,1907A,0.0,0,0
2026-09-04,1909,68.37,164,907940922
2026-09-04,1918,20.8,26,50241882
2026-09-04,2002,53.1,1489,8359110204
2026-09-04,2002A,21.79,10,8344500
2026-09-04,2006,80.92,156,591079566
2026-09-04,2007,76.78,14,407532527
2026-09-04,2008,92.56,18,176684534
2026-09-04,2009,58.49,18,210433860
2026-09-04,2010,69.32,119,449116081
2026-09-04,2012,83.85,79,253403494
2026-09-04,2013,79.39,24,158825012
2026-09-04,2014,50.77,103,729019612
2026-09-04,2015,88.11,151,512535787
2026-09-04,2017,61.55,66,275100933
2026-09-04,2020,50.78,53,135645251
2026-09-04,2022,40.540000000000006,33,136766872
2026-09-04,2023,79.25,120,1443779732
2026-09-04,2024,83.02,13,80956652
2026-09-04,2025,63.43,31,109552576
2026-09-04,2027,78.32,367,2024636481
2026-09-04,2028,83.42999999999999,39,271812883
2026-09-04,2029,72.08,28,231559102
2026-09-04,2030,53.94,50,151378622
2026-09-04,2031,58.42,61,187657571
2026-09-04,2032,59.6,43,77827373
2026-09-04,2033,77.61,29,62642053
2026-09-04,2034,50.48,106,267075375
2026-09-04,2035,96.59,23,338122454
2026-09-04,2038,54.24,28,105338366
2026-09-04,2049,70.62,116,249901283
2026-09-04,2052R,10.19,2,934784
2026-09-04,2056,93.38,44,98067509
2026-09-04,2058,25.96,63,79348929
2026-09-04,2059,66.07000000000001,34,62982230
2026-09-04,2060,87.22,4,31173065
2026-09-04,2061,48.95,25,28098147
2026-09-04,2062,62.19,42,124429807
2026-09-04,2063,52.71,19,25362342
2026-09-04,2064,83.08,30,57606741
2026-09-04,2065,52.24,17,33193134
2026-09-04,2066,68.77000000000001,19,30575400
2026-09-04,2067,56.54,12,25527966
2026-09-04,2068,100.0,1,60068043
2026-09-04,2069,63.38,46,105491933
2026-09-04,2070,62.63,19,26177800
2026-09-04,2071,85.15,25,58805364
2026-09-04,2072,74.71,26,143478537
2026-09-04,2073,75.21000000000001,15,20686200
2026-09-04,2101,64.89,133,476398651
2026-09-04,2102,81.57000000000001,65,386232195
2026-09-04,2103,59.11,122,488224216
2026-09-04,2104,44.97,198,443087823
2026-09-04,2105,80.72,315,2617495822
2026-09-04,2106,79.92,158,763302984
2026-09-04,2107,64.26,72,195159517
2026-09-04,2108,71.1,96,350194453
2026-09-04,2109,74.67,71,208665780
2026-09-04,2113,0.0,0,0
2026-09-04,2114,65.36,18,50990924
2026-09-04,2115,70.88,37,74009982
2026-09-04,2201,63.98,109,684774729
2026-09-04,2204,74.0,64,409761821
2026-09-04,2206,85.27,102,659893496
2026-09-04,2207,89.81,115,500407168
2026-09-04,2208,54.82000000000001,146,699023948
2026-09-04,2211,81.14,59,338524386
2026-09-04,2221,68.24,7,28890013
2026-09-04,2226,100.0,1,75000000
2026-09-04,2227,93.51,11,280532000
2026-09-04,2228,55.88,13,44589344
2026-09-04,2229,41.04,1,600000
2026-09-04,2230,46.44,26,31609826
2026-09-04,2231,65.63,29,89238301
2026-09-04,2233,41.67,11,25134369
2026-09-04,2235,83.9,12,30106920
2026-09-04,2236,73.1,23,46438186
2026-09-04,2237,77.27,23,99662428
2026-09-04,2239,80.0,17,94183305
2026-09-04,2241,41.98,32,43929817
2026-09-04,2243,68.49,36,53004275
2026-09-04,2245,80.21,12,28591593
2026-09-04,2246,68.52999999999999,3,29212989
2026-09-04,2247,76.68,14,61903611
2026-09-04,2248,77.66,16,36977520
2026-09-04,2249,70.75,13,18074814
2026-09-04,2250,51.37,4,18697678
2026-09-04,2252,80.69999999999999,19,86047568
2026-09-04,2254,93.6,16,59826820
2026-09-04,2255,80.15,20,48847828
2026-09-04,2256,58.26,16,22744171
2026-09-04,2258,93.87,53,1644352410
2026-09-04,2301,81.7,468,1892672187
2026-09-04,2302,61.15,18,101729550
2026-09-04,2303,73.62,1188,9256889304
2026-09-04,2305,63.17,26,129958536
2026-09-04,2308,80.65,567,2095468034
2026-09-04,2312,48.85,213,736091556
2026-09-04,2313,61.54,219,759539087
2026-09-04,2314,11.49,14,12501424
2026-09-04,2316,64.39999999999999,44,117720597
2026-09-04,2317,69.36,1435,9765299126
2026-09-04,2318,27.0,15,28641956
2026-09-04,2321,71.34,3,21598737
2026-09-04,2323,46.24,213,503894664
2026-09-04,2324,65.16,618,2872511307
2026-09-04,2326,12.69,6,5130105
2026-09-04,2327,66.53,349,1370090136
2026-09-04,2328,40.95,61,212312181
2026-09-04,2329,50.2,68,330874775
2026-09-04,2330,87.49,2631,22692595122
2026-09-04,2331,58.91,68,328449053
2026-09-04,2332,34.43,100,207486138
2026-09-04,2333,29.020000000000003,56,80672296
2026-09-04,2335,35.58,13,17614719
2026-09-04,2337,40.14,294,797887743
2026-09-04,2338,46.46,53,170473332
2026-09-04,2340,38.29,57,168035632
2026-09-04,2341,86.94,1,5957271
2026-09-04,2342,37.38999999999999,13,58858090
2026-09-04,2344,67.97,525,3209451883
2026-09-04,2345,71.13,225,399213379
2026-09-04,2347,88.77,254,1481007327
2026-09-04,2348,68.97999999999999,28,104800059
2026-09-04,2348A,65.86,6,19763000
2026-09-04,2349,29.01,122,201426514
2026-09-04,2351,76.44000000000001,74,149447440
2026-09-04,2352,47.95,204,758220049
2026-09-04,2353,37.82,363,1153167720
2026-09-04,2354,49.33,132,698107489
2026-09-04,2355,40.8,98,162256075
2026-09-04,2356,74.51,392,2673846418
2026-09-04,2357,75.03,220,557544369
2026-09-04,2358,27.99,17,38253524
2026-09-04,2359,48.48,39,83168378
2026-09-04,2360,70.83,190,301305167
2026-09-04,2361,52.96,6,24655891
2026-09-04,2362,80.96,113,503942990
2026-09-04,2363,34.71,60,178843975
2026-09-04,2364,57.48,12,30120953
2026-09-04,2364A,0.0,0,0
2026-09-04,2365,23.72,28,52586577
2026-09-04,2367,28.64,90,202410350
2026-09-04,2368,77.58,129,411742357
2026-09-04,2369,31.76,53,120815463
2026-09-04,2371,47.59,285,1024142547
2026-09-04,2373,87.27,27,206176188
2026-09-04,2374,26.14,41,88418219
2026-09-04,2375,24.45,20,26597353
2026-09-04,2376,71.91,161,481876204
2026-09-04,2377,67.38,185,569514337
2026-09-04,2378,33.75,25,47636189
2026-09-04,2379,73.64999999999999,200,379807633
2026-09-04,2380,35.86,8,21520529
2026-09-04,2381,0.0,0,0
2026-09-04,2382,85.07000000000001,512,3495357622
2026-09-04,2383,68.34,136,244970159
2026-09-04,2384,28.02,329,574142593
2026-09-04,2385,74.08,173,567400715
2026-09-04,2387,58.23,30,113734978
2026-09-04,2388,71.74000000000001,75,399302014
2026-09-04,2390,38.82,24,74824424
2026-09-04,2392,50.88,60,260762906
2026-09-04,2393,67.71000000000001,127,300302534
2026-09-04,2395,85.11,207,740007724
2026-09-04,2396,45.52,239,581390152
2026-09-04,2397,69.21000000000001,17,79244418
2026-09-04,2398,36.57,47,151093894
2026-09-04,2399,32.34,38,57622062
2026-09-04,2401,41.61,96,246436511
2026-09-04,2402,37.88,50,116571763
2026-09-04,2404,53.17,70,101396875
2026-09-04,2405,24.39,44,83845666
2026-09-04,2406,24.11,56,84722830
2026-09-04,2407,37.87,178,278465096
2026-09-04,2408,82.69000000000001,320,2853962991
2026-09-04,2409,47.370000000000005,907,3576508185
2026-09-04,2410,36.35,51,58207770
2026-09-04,2412,79.09,519,6136796260
2026-09-04,2413,57.96,26,73846172
2026-09-04,2414,59.42,44,96130191
2026-09-04,2415,63.7,20,57340936
2026-09-04,2417,41.88,19,65870174
2026-09-04,2418,47.8,137,489241562
2026-09-04,2419,64.78,15,208194341
2026-09-04,2420,48.34,37,73821645
2026-09-04,2421,64.35,98,184723554
2026-09-04,2423,75.89,33,110104026
2026-09-04,2424,80.85000000000001,6,48185079
2026-09-04,2425,46.64,21,45023468
2026-09-04,2426,49.65,58,149308614
2026-09-04,2427,53.6,15,106158106
2026-09-04,2428,59.370000000000005,28,76089655
2026-09-04,2429,48.39,14,41386193
2026-09-04,2430,63.27,24,73936937
2026-09-04,2431,42.29,16,46935201
2026-09-04,2432,77.47000000000001,9,47931363
2026-09-04,2433,78.97000000000001,18,114125397
2026-09-04,2434,78.19,3,28933763
2026-09-04,2435,32.62,10,24390870
2026-09-04,2436,26.05,44,57543848
2026-09-04,2438,58.540000000000006,21,41688953
2026-09-04,2439,30.74,55,76469926
2026-09-04,2440,70.27999999999999,26,97785381
2026-09-04,2441,68.57,88,390222325
2026-09-04,2442,55.400000000000006,55,180249503
2026-09-04,2443,55.25,45,83395248
2026-09-04,2444,27.480000000000004,21,27939699
2026-09-04,2445,15.7,7,7570343
2026-09-04,2449,60.77,269,780567086
2026-09-04,2450,76.82,17,198444831
2026-09-04,2451,71.34,66,307803769
2026-09-04,2453,47.9,15,47921657
2026-09-04,2454,73.61,504,1180939273
2026-09-04,2455,57.11,80,107462932
2026-09-04,2457,29.35,55,124743836
2026-09-04,2458,57.39,84,174482437
2026-09-04,2459,53.32000000000001,33,56324266
2026-09-04,2460,58.1,20,98329241
2026-09-04,2461,45.46,54,87270395
2026-09-04,2462,55.99,36,84471606
2026-09-04,2464,55.67,53,121889927
2026-09-04,2465,44.69,23,41990725
2026-09-04,2466,87.15,49,151197720
2026-09-04,2467,69.94,56,113198903
2026-09-04,2468,51.690000000000005,4,36170563
2026-09-04,2471,24.4,16,11541099
2026-09-04,2472,57.95,49,95512622
2026-09-04,2474,71.26,90,384041424
2026-09-04,2475,71.16,1102,4612150786
2026-09-04,2476,67.87,61,149452549
2026-09-04,2477,73.45,40,116516122
2026-09-04,2478,56.6,50,81933557
2026-09-04,2479,32.42,6,12240871
2026-09-04,2480,31.48,35,33496426
2026-09-04,2481,61.28,78,234233187
2026-09-04,2482,40.59,13,31623755
2026-09-04,2483,62.59,28,67553387
2026-09-04,2484,22.77,32,36327865
2026-09-04,2485,23.36,38,74256645
2026-09-04,2486,39.41,55,94939102
2026-09-04,2488,52.52,24,42022150
2026-09-04,2489,30.25,78,184582047
2026-09-04,2490,21.41,30,34908712
2026-09-04,2491,76.79,28,62988207
2026-09-04,2492,62.58,64,303697571
2026-09-04,2493,49.99,34,63411082
2026-09-04,2494,81.48,10,33813952
2026-09-04,2495,50.46,46,138095759
2026-09-04,2496,49.57,9,9469641
2026-09-04,2497,65.78999999999999,33,86142985
2026-09-04,2498,39.61,142,331516276
2026-09-04,2499,44.18,81,203823104
2026-09-04,2501,77.47,156,898573558
2026-09-04,2504,75.07000000000001,204,885923961
2026-09-04,2505,79.95,69,303869950
2026-09-04,2506,77.14,76,298634087
2026-09-04,2509,69.83,45,156865312
2026-09-04,2511,80.61,293,1308893599
2026-09-04,2512,34.23,96,167810464
2026-09-04,2514,88.06,51,347681261
2026-09-04,2515,60.330000000000005,315,970446187
2026-09-04,2516,72.77,62,164698038
2026-09-04,2520,74.41000000000001,100,453690971
2026-09-04,2521,35.260000000000005,57,112766509
2026-09-04,2523,44.7,58,102026835
2026-09-04,2524,93.22,37,341242556
2026-09-04,2525,31.79,172,206956869
2026-09-04,2527,80.72,34,218239769
2026-09-04,2528,84.48,88,368392099
2026-09-04,2530,85.94,145,723204171
2026-09-04,2533,38.32,37,58632547
2026-09-04,2534,72.75,112,345050894
2026-09-04,2535,60.9,65,164975524
2026-09-04,2536,78.30000000000001,82,260666403
2026-09-04,2537,60.77,72,182701056
2026-09-04,2538,74.09,129,329808710
2026-09-04,2539,86.82000000000001,124,1036002769
2026-09-04,2540,91.03,81,860267277
2026-09-04,2542,66.39,233,1429689844
2026-09-04,2543,71.3,73,377016939
2026-09-04,2545,76.53,41,290708267
2026-09-04,2546,62.76,20,81939231
2026-09-04,2547,70.78999999999999,189,732956631
2026-09-04,2548,49.620000000000005,99,166597398
2026-09-04,2553,18.9,13,15446133
2026-09-04,2566,0.0,0,0
2026-09-04,2569,83.38000000000001,2,9634000
2026-09-04,2572,83.39,2,3028800
2026-09-04,2591,0.0,0,0
2026-09-04,2592,90.43,4,9490283
2026-09-04,2596,72.34,29,72362736
2026-09-04,2597,81.42,41,253041598
2026-09-04,2599,66.04,41,65075850
2026-09-04,2601,31.63,102,260961769
2026-09-04,2603,75.5,371,1635137410
2026-09-04,2605,54.16,111,317146952
2026-09-04,2606,78.93,119,667139871
2026-09-04,2607,77.92999999999999,91,415957394
2026-09-04,2608,76.49000000000001,68,357272284
2026-09-04,2609,61.77,297,2157506497
2026-09-04,2610,73.07,548,4491441218
2026-09-04,2611,48.22,27,91176838
2026-09-04,2612,75.82,16,149777469
2026-09-04,2613,55.88,28,82983344
2026-09-04,2614,46.8,45,153244889
2026-09-04,2615,89.62,284,2515553779
2026-09-04,2616,44.75,17,61455588
2026-09-04,2617,63.96,62,266985900
2026-09-04,2618,82.49,663,4456062983
2026-09-04,2622,0.0,0,0
2026-09-04,2626,0.0,0,0
2026-09-04,2630,64.19,13,134480801
2026-09-04,2633,86.91,293,4892666835
2026-09-04,2634,49.5,70,466478491
2026-09-04,2636,43.88,35,62267445
2026-09-04,2637,83.68,146,624739979
2026-09-04,2639,99.01,2,99010131
2026-09-04,2640,73.8,25,43746901
2026-09-04,2641,28.91,49,95565593
2026-09-04,2642,60.38,7,57645500
2026-09-04,2643,63.97,9,22392688
2026-09-04,2644,80.41,35,66712052
2026-09-04,2645,80.92999999999999,30,303214166
2026-09-04,2646,65.51,139,1972008875
2026-09-04,2701,86.32,36,388533284
2026-09-04,2702,73.71,18,115464413
2026-09-04,2704,88.72,70,325609269
2026-09-04,2705,66.61,43,127478446
2026-09-04,2706,85.32,57,426687577
2026-09-04,2707,60.9,17,77617965
2026-09-04,2712,90.8,19,95352117
2026-09-04,2714,0.0,0,0
2026-09-04,2717,0.0,0,0
2026-09-04,2718,88.24,16,77285628
2026-09-04,2719,90.67,4,62976831
2026-09-04,2720,61.03,27,48836674
2026-09-04,2722,87.18,31,124854610
2026-09-04,2723,69.66,40,125423005
2026-09-04,2724,84.77,10,50580204
2026-09-04,2726,65.23,16,24748117
2026-09-04,2727,38.2,33,31697464
2026-09-04,2729,67.77,13,29171235
2026-09-04,2730,86.67,2,32256232
2026-09-04,2731,42.59,21,39746285
2026-09-04,2732,59.07,19,27481603
2026-09-04,2733,77.51,8,19069035
2026-09-04,2734,38.94,13,22306916
2026-09-04,2735,0.0,0,0
2026-09-04,2736,55.95,17,44763944
2026-09-04,2738,97.88,6,65966434
2026-09-04,2739,73.83,20,67589606
2026-09-04,2740,72.53,2,12157812
2026-09-04,2741,64.85,8,14654937
2026-09-04,2743,53.74,9,25166475
2026-09-04,2745,51.28,5,17338634
2026-09-04,2748,61.37,6,64935826
2026-09-04,2749,75.15,16,15633907
2026-09-04,2750,98.53,18,59126313
2026-09-04,2751,60.32,1,11970487
2026-09-04,2752,63.690000000000005,16,17006267
2026-09-04,2753,54.64,19,36429349
2026-09-04,2754,73.08000000000001,6,34284600
2026-09-04,2755,66.74,16,31298453
2026-09-04,2756,71.57,13,17609694
2026-09-04,2758,73.57000000000001,13,15074853
2026-09-04,2759,100.0,1,16200000
2026-09-04,2760,88.69,6,11530811
2026-09-04,2761,57.63,9,9996315
2026-09-04,2762,85.89,22,96650567
2026-09-04,2801,77.89,1312,9394828549
2026-09-04,2807,0.0,0,0
2026-09-04,2811,34.5,66,100957396
2026-09-04,2812,58.75,765,3538967756
2026-09-04,2816,81.0,36,181178348
2026-09-04,2820,65.8,149,883882773
2026-09-04,2825,5.69,1,714440
2026-09-04,2827,36.75,31,47642245
2026-09-04,2831,62.06,167,740439079
2026-09-04,2832,69.31,52,175774238
2026-09-04,2834,60.46,1432,6288688800
2026-09-04,2836,85.55,174,1590084614
2026-09-04,2836A,38.95,8,15580000
2026-09-04,2838,90.52,257,3929694563
2026-09-04,2838A,68.71,42,137469144
2026-09-04,2841,57.39,179,551742377
2026-09-04,2845,75.62,610,3679619769
2026-09-04,2849,98.44,57,1927528269
2026-09-04,2850,67.82,92,214322304
2026-09-04,2851,71.36999999999999,123,571425027
2026-09-04,2852,66.85,107,201404341
2026-09-04,2855,76.61999999999999,238,1227322343
2026-09-04,2880,81.97,1124,11524052343
2026-09-04,2881,86.72,1020,12151989314
2026-09-04,2881A,90.5,68,543111597
2026-09-04,2881B,94.89,69,632691243
2026-09-04,2881C,84.94,52,283196065
2026-09-04,2882,85.93,1249,12607022052
2026-09-04,2882A,94.94,83,791253583
2026-09-04,2882B,95.98,60,671983437
2026-09-04,2883,69.03999999999999,1912,11723897516
2026-09-04,2883B,66.2,397,1047714297
2026-09-04,2884,74.4,2181,13189390551
2026-09-04,2885,82.8,1275,11040650138
2026-09-04,2886,83.38,818,12371589939
2026-09-04,2887,75.58,2974,18985063694
2026-09-04,2887E,86.01,59,430166963
2026-09-04,2887F,89.49000000000001,33,268545669
2026-09-04,2887G,47.31,23,35500822
2026-09-04,2887H,70.58,61,155087047
2026-09-04,2887I,73.7,577,2282748937
2026-09-04,2887Z1,89.77,25,269352761
2026-09-04,2889,72.57000000000001,355,2637990059
2026-09-04,2890,81.1,1590,11989553999
2026-09-04,2891,81.88,1872,16115503621
2026-09-04,2891B,95.9,38,319712074
2026-09-04,2891C,93.69,22,156169449
2026-09-04,2892,72.02,1699,10359555729
2026-09-04,2897,86.47000000000001,349,2426141892
2026-09-04,2897B,83.33,60,208352885
2026-09-04,2901,79.14,20,57822668
2026-09-04,2902,47.71,41,70110989
2026-09-04,2903,80.03999999999999,164,1134418358
2026-09-04,2904,54.260000000000005,9,42243619
2026-09-04,2905,84.44,129,937823399
2026-09-04,2906,65.17999999999999,36,136336433
2026-09-04,2908,92.13,54,469861942
2026-09-04,2910,96.62,40,169527406
2026-09-04,2911,45.97,20,48352981
2026-09-04,2912,84.26,148,876288328
2026-09-04,2913,57.47,146,454147897
2026-09-04,2915,69.65,190,769346181
2026-09-04,2916,58.94,18,38103667
2026-09-04,2920,35.77,1,4448825
2026-09-04,2923,99.53,16,1732438965
2026-09-04,2924,89.53999999999999,9,46601590
2026-09-04,2926,74.59,14,35352432
2026-09-04,2929,31.94,19,34996987
2026-09-04,2936,99.51,6,75691149
2026-09-04,2937,84.56,20,36825876
2026-09-04,2938,79.98,7,16109489
2026-09-04,2939,76.14,27,34688939
2026-09-04,2940,56.47,18,14228174
2026-09-04,2941,66.47,14,10233093
2026-09-04,2942,90.71,10,54436459
2026-09-04,2945,83.48,6,56352917
2026-09-04,2947,62.78,9,14846759
2026-09-04,2948,80.33,15,25712388
2026-09-04,2949,81.77,16,25059593
2026-09-04,3001,19.55,16,14883022
2026-09-04,3002,64.9,20,66208722
2026-09-04,3003,61.45,46,95678861
2026-09-04,3004,59.08,17,38057764
2026-09-04,3005,73.01,121,456206134
2026-09-04,3006,58.48,88,174394905
2026-09-04,3008,57.12,55,74730634
2026-09-04,3010,63.06,79,163685321
2026-09-04,3011,35.65,26,46232773
2026-09-04,3013,45.69,29,93754949
2026-09-04,3014,31.13,40,51696119
2026-09-04,3015,63.53,55,118990500
2026-09-04,3016,70.15,33,204208464
2026-09-04,3017,68.66,148,270914021
2026-09-04,3018,64.28,6,48461639
2026-09-04,3019,40.87,49,114166526
2026-09-04,3020,99.45,1,122032222
2026-09-04,3021,70.62,19,66885720
2026-09-04,3022,65.72,42,116096392
2026-09-04,3023,69.42,102,166733706
2026-09-04,3024,50.93,90,141223824
2026-09-04,3025,23.22,11,13186966
2026-09-04,3026,55.010000000000005,73,91285107
2026-09-04,3027,42.55,30,54979599
2026-09-04,3028,43.57,49,103431893
2026-09-04,3029,42.28,35,70647721
2026-09-04,3030,58.49,50,138205111
2026-09-04,3031,59.95,19,103864188
2026-09-04,3032,52.04,26,58977357
2026-09-04,3033,40.88,104,214405299
2026-09-04,3034,71.55,215,435497320
2026-09-04,3035,29.42,38,76713632
2026-09-04,3036,82.77,228,1052572611
2026-09-04,3037,77.69,403,1277377272
2026-09-04,3038,41.870000000000005,32,65946606
2026-09-04,3039,33.28,23,22098596
2026-09-04,3040,67.89999999999999,16,44973646
2026-09-04,3041,25.380000000000003,15,35609868
2026-09-04,3042,53.73,96,184345682
2026-09-04,3043,19.700000000000003,7,7683712
2026-09-04,3044,79.63,185,418704866
2026-09-04,3045,92.67,376,3450994813
2026-09-04,3046,55.57,14,43608633
2026-09-04,3047,20.0,28,44996718
2026-09-04,3048,48.69,49,131434291
2026-09-04,3049,46.64,69,374203319
2026-09-04,3050,50.85,30,78840831
2026-09-04,3051,33.9,28,56650233
2026-09-04,3052,58.07,66,135462584
2026-09-04,3053,54.35,6,4327069
2026-09-04,3054,87.89,13,70905748
2026-09-04,3055,64.64,29,74354966
2026-09-04,3056,33.4,71,160616758
2026-09-04,3057,34.480000000000004,8,23413950
2026-09-04,3058,21.950000000000003,32,44332054
2026-09-04,3059,24.34,47,74958594
2026-09-04,3060,20.55,29,28297977
2026-09-04,3062,23.46,60,77500644
2026-09-04,3064,63.47,3,8260290
2026-09-04,3065,83.62,33,153793497
2026-09-04,3066,71.21000000000001,13,59170634
2026-09-04,3067,71.33,4,14270812
2026-09-04,3069,35.56,1,1066900
2026-09-04,3070,51.25,5,3730230
2026-09-04,3071,58.220000000000006,11,64059198
2026-09-04,3072,0.0,0,0
2026-09-04,3073,57.400000000000006,20,22688803
2026-09-04,3075,70.68,4,5500440
2026-09-04,3076,53.02,1,1682000
2026-09-04,3077,0.0,0,0
2026-09-04,3078,36.59,51,83235954
2026-09-04,3079,32.06,12,15284927
2026-09-04,3081,48.93,40,49809595
2026-09-04,3082,0.0,0,0
2026-09-04,3083,56.17,8,48595480
2026-09-04,3084,0.0,0,0
2026-09-04,3085,89.64,4,61879589
2026-09-04,3086,85.25,25,232556013
2026-09-04,3087,97.95,1,50259277
2026-09-04,3088,48.27,28,54564920
2026-09-04,3090,61.03,50,175530208
2026-09-04,3091,0.0,0,0
2026-09-04,3092,37.83,23,40363522
2026-09-04,3093,76.53,17,111109903
2026-09-04,3094,16.810000000000002,10,13982512
2026-09-04,3095,54.41,4,7989342
2026-09-04,3096,50.1,7,11443476
2026-09-04,3097,86.94,15,65293833
2026-09-04,3098,0.0,0,0
2026-09-04,3099,37.620000000000005,68,84775157
2026-09-04,3105,52.78,92,223818469
2026-09-04,3114,51.81,19,33761580
2026-09-04,3115,86.25,10,62280095
2026-09-04,3116,83.52,1,2275000
2026-09-04,3117,56.43000000000001,8,12867218
2026-09-04,3118,37.46,14,12163385
2026-09-04,3122,26.58,10,10844364
2026-09-04,3126,44.06,14,21486231
2026-09-04,3128,31.15,10,14749673
2026-09-04,3130,55.92,10,18567142
2026-09-04,3131,48.67,13,14720729
2026-09-04,3133,63.27,14,17255800
2026-09-04,3135,47.94,17,46716303
2026-09-04,3137,0.0,0,0
2026-09-04,3138,29.09,14,16415454
2026-09-04,3141,31.75,27,23968975
2026-09-04,3142,51.28,71,104291431
2026-09-04,3146,0.0,0,0
2026-09-04,3147,55.21,13,24127607
2026-09-04,3149,25.85,56,74044109
2026-09-04,3150,54.870000000000005,12,24356912
2026-09-04,3151,36.97,2,1528267
2026-09-04,3152,43.75,15,17081894
2026-09-04,3158,36.06,11,11067416
2026-09-04,3159,28.6,2,1671007
2026-09-04,3161,95.15,17,31009696
2026-09-04,3162,60.99,28,94147938
2026-09-04,3163,28.54,24,27018663
2026-09-04,3164,55.25,35,47536948
2026-09-04,3166,96.38,2,22532045
2026-09-04,3167,53.3,34,48445897
2026-09-04,3168,75.44,20,56663647
2026-09-04,3169,36.43,12,23069500
2026-09-04,3171,76.93,5,25480112
2026-09-04,3176,36.71,32,51153836
2026-09-04,3177,75.32,2,3094000
2026-09-04,3178,65.78,11,29640683
2026-09-04,3179,30.35,4,2989448
2026-09-04,3184,57.41,18,36217021
2026-09-04,3185,0.0,0,0
2026-09-04,3186,77.49,2,23249678
2026-09-04,3188,75.59,43,142957872
2026-09-04,3189,71.44,101,376542065
2026-09-04,3190,74.69,5,10688525
2026-09-04,3191,54.35,9,23698905
2026-09-04,3192,0.0,0,0
2026-09-04,3193,0.0,0,0
2026-09-04,3194,79.28999999999999,8,11035112
2026-09-04,3196,0.0,0,0
2026-09-04,3202,24.59,20,31835838
2026-09-04,3205,66.31,8,44809002
2026-09-04,3206,55.03,22,32439791
2026-09-04,3207,38.57,22,25627995
2026-09-04,3208,46.49,1,1406128
2026-09-04,3209,42.58,61,100282496
2026-09-04,3211,50.21,44,77584013
2026-09-04,3212,0.0,0,0
2026-09-04,3213,29.23,16,17167120
2026-09-04,3216,0.0,0,0
2026-09-04,3217,41.64,22,37540798
2026-09-04,3218,55.88,18,47364669
2026-09-04,3219,79.82,7,57301211
2026-09-04,3221,24.87,31,26124273
2026-09-04,3222,0.0,0,0
2026-09-04,3223,0.0,0,0
2026-09-04,3224,71.86,28,56186417
2026-09-04,3226,87.31,25,56270361
2026-09-04,3227,40.07,50,60900255
2026-09-04,3228,24.3,14,17490557
2026-09-04,3229,70.13,5,45080254
2026-09-04,3230,53.81,20,46304154
2026-09-04,3231,69.42,529,2208098227
2026-09-04,3232,58.37,21,27191845
2026-09-04,3233,0.0,0,0
2026-09-04,3234,36.21,26,40382691
2026-09-04,3236,30.03,16,31537317
2026-09-04,3237,0.0,0,0
2026-09-04,3239,94.47,1,538136
2026-09-04,3240,99.94,1,33475122
2026-09-04,3252,78.9,23,39616545
2026-09-04,3257,43.64,11,34855972
2026-09-04,3258,10.19,23,27933887
2026-09-04,3259,71.00999999999999,26,51826607
2026-09-04,3260,35.18,70,117733818
2026-09-04,3264,71.84,125,352250757
2026-09-04,3265,66.8,22,91039661
2026-09-04,3266,90.46,29,318776321
2026-09-04,3267,29.55,3,5043705
2026-09-04,3268,34.510000000000005,10,11983845
2026-09-04,3272,50.31,11,30784339
2026-09-04,3274,74.43,6,4214730
2026-09-04,3276,58.54,12,40818084
2026-09-04,3278,0.0,0,0
2026-09-04,3279,0.0,0,0
2026-09-04,3280,100.0,1,74160054
2026-09-04,3283,49.63,5,3304827
2026-09-04,3284,70.04,20,76109656
2026-09-04,3285,65.16,19,27855755
2026-09-04,3286,0.0,0,0
2026-09-04,3287,58.64,11,25795810
2026-09-04,3288,48.2,5,7898078
2026-09-04,3289,26.69,26,23160622
2026-09-04,3290,54.74,32,49408964
2026-09-04,3293,55.41,79,156187550
2026-09-04,3294,51.760000000000005,23,68358359
2026-09-04,3295,0.0,0,0
2026-09-04,3296,76.67,32,74174114
2026-09-04,3297,50.45,13,18197710
2026-09-04,3301,79.22999999999999,40,98518555
2026-09-04,3302,0.0,0,0
2026-09-04,3303,48.17,33,45340951
2026-09-04,3304,33.550000000000004,7,4721131
2026-09-04,3305,42.98,27,61819466
2026-09-04,3306,48.8,8,24706101
2026-09-04,3308,61.78,8,37074317
2026-09-04,3309,77.1,2,2323411
2026-09-04,3310,82.14,32,61575663
2026-09-04,3311,58.38,20,58409179
2026-09-04,3312,44.81,19,81864511
2026-09-04,3313,76.00999999999999,20,168106275
2026-09-04,3317,31.97,19,28782269
2026-09-04,3318,56.8,19,29689035
2026-09-04,3320,0.0,0,0
2026-09-04,3321,47.51,21,40937502
2026-09-04,3322,35.29,27,48919704
2026-09-04,3323,20.58,13,20525443
2026-09-04,3324,58.94,40,54966746
2026-09-04,3325,30.42,33,33531408
2026-09-04,3328,74.85,1,480000
2026-09-04,3330,0.0,0,0
2026-09-04,3332,86.99,15,41853566
2026-09-04,3333,0.0,0,0
2026-09-04,3334,91.54,5,22594007
2026-09-04,3338,30.17,16,26539935
2026-09-04,3339,26.9,16,17920172
2026-09-04,3342,53.13,17,21745768
2026-09-04,3343,44.66,10,26266841
2026-09-04,3344,32.65,2,895713
2026-09-04,3345,95.55,2,34688347
2026-09-04,3346,26.29,19,31900883
2026-09-04,3348,19.86,1,445000
2026-09-04,3349,47.82,26,22042749
2026-09-04,3350,14.05,6,3034003
2026-09-04,3353,0.0,0,0
2026-09-04,3354,71.7,6,50275383
2026-09-04,3355,0.0,0,0
2026-09-04,3356,35.59,16,28676928
2026-09-04,3357,56.67,43,66883964
2026-09-04,3360,22.39,11,17122436
2026-09-04,3361,81.55000000000001,18,40421444
2026-09-04,3362,61.16,47,90217145
2026-09-04,3363,40.89,33,46489269
2026-09-04,3364,0.0,0,0
2026-09-04,3366,0.0,0,0
2026-09-04,3369,56.22,3,16275634
2026-09-04,3370,0.0,0,0
2026-09-04,3371,78.3,1,3000000
2026-09-04,3372,53.58,26,126134149
2026-09-04,3373,26.25,4,12505958
2026-09-04,3374,66.76,41,181250661
2026-09-04,3376,46.77,66,91603053
2026-09-04,3377,64.25,12,12630570
2026-09-04,3379,27.4,5,10429102
2026-09-04,3380,65.38,35,354297339
2026-09-04,3381,0.0,0,0
2026-09-04,3383,48.48,18,36370165
2026-09-04,3386,100.0,1,23848573
2026-09-04,3388,38.4,18,32713304
2026-09-04,3390,31.59,20,25076140
2026-09-04,3391,66.0,27,45454699
2026-09-04,3394,0.0,0,0
2026-09-04,3397,0.0,0,0
2026-09-04,3401,0.0,0,0
2026-09-04,3402,30.02,10,21948539
2026-09-04,3404,0.0,0,0
2026-09-04,3406,60.07,50,67748880
2026-09-04,3408,0.0,0,0
2026-09-04,3412,84.95,1,6857152
2026-09-04,3413,47.11,27,52486702
2026-09-04,3414,0.0,0,0
2026-09-04,3416,58.49,19,47279405
2026-09-04,3419,32.099999999999994,26,38708180
2026-09-04,3430,33.47,6,11285901
2026-09-04,3431,51.35,8,28480719
2026-09-04,3432,66.5,13,28088200
2026-09-04,3434,46.85,14,16757976
2026-09-04,3437,25.55,22,36968250
2026-09-04,3438,45.120000000000005,2,21285212
2026-09-04,3441,24.5,10,9813274
2026-09-04,3443,64.48,41,86443837
2026-09-04,3444,49.28,17,22181970
2026-09-04,3447,58.92,13,45650487
2026-09-04,3450,48.92999999999999,52,71312827
2026-09-04,3455,30.11,22,18037827
2026-09-04,3462,100.0,1,36651000
2026-09-04,3463,100.0,1,71663873
2026-09-04,3465,67.91,13,28752807
2026-09-04,3466,45.73,24,35637979
2026-09-04,3467,62.59,11,19475248
2026-09-04,3469,63.92,14,14353127
2026-09-04,3471,45.040000000000006,3,2252587
2026-09-04,3472,58.36,25,44534214
2026-09-04,3473,76.24,7,17862075
2026-09-04,3475,0.0,0,0
2026-09-04,3479,40.37,18,29493778
2026-09-04,3481,36.67,1055,2931595174
2026-09-04,3482,44.4,4,2896283
2026-09-04,3483,21.59,23,21408878
2026-09-04,3484,32.29,21,25459371
2026-09-04,3485,51.34,18,19776807
2026-09-04,3489,82.11,11,74293586
2026-09-04,3490,27.51,17,15144617
2026-09-04,3491,36.81,29,25340741
2026-09-04,3492,47.56,5,16902721
2026-09-04,3494,61.76,12,58561471
2026-09-04,3496,79.91,9,17232520
2026-09-04,3497,33.29,2,1528032
2026-09-04,3498,56.92,16,34888962
2026-09-04,3499,44.23,13,24316640
2026-09-04,3501,47.36,21,56022232
2026-09-04,3502,34.17,5,3145003
2026-09-04,3504,66.83,20,76250300
2026-09-04,3505,87.89,1,4771663
2026-09-04,3506,19.83,3,1700890
2026-09-04,3507,87.08000000000001,12,27699014
2026-09-04,3508,47.45,30,51681539
2026-09-04,3511,53.790000000000006,6,43029081
2026-09-04,3512,72.15,30,81605754
2026-09-04,3513,97.03,9,9224063
2026-09-04,3515,68.96,20,85198178
2026-09-04,3516,77.9,19,46415688
2026-09-04,3517,13.89,1,698978
2026-09-04,3518,35.52,27,36426203
2026-09-04,3519,50.82,48,220636810
2026-09-04,3520,40.59,17,27957407
2026-09-04,3521,81.66,16,151723233
2026-09-04,3522,56.84,27,59196879
2026-09-04,3523,83.39,13,53597192
2026-09-04,3524,66.46000000000001,14,13714185
2026-09-04,3526,44.41,21,29974400
2026-09-04,3527,26.54,10,11807848
2026-09-04,3528,69.33,13,46209711
2026-09-04,3529,54.57,38,40769077
2026-09-04,3530,57.45,13,44516339
2026-09-04,3531,80.36,34,49171848
2026-09-04,3532,89.64999999999999,26,347775105
2026-09-04,3533,60.92,50,68585051
2026-09-04,3535,26.65,8,21080586
2026-09-04,3536,67.9,5,35375920
2026-09-04,3537,29.45,10,16570801
2026-09-04,3540,23.84,7,20139142
2026-09-04,3541,35.849999999999994,20,20212113
2026-09-04,3542,0.0,0,0
2026-09-04,3543,50.54,45,55750270
2026-09-04,3544,0.0,0,0
2026-09-04,3545,25.3,40,56309327
2026-09-04,3546,34.51,18,21182503
2026-09-04,3548,32.54,16,22060390
2026-09-04,3549,0.0,0,0
2026-09-04,3550,43.42,31,46722211
2026-09-04,3551,50.59,24,31517637
2026-09-04,3552,38.2,21,37426870
2026-09-04,3554,87.29,1,13842770
2026-09-04,3555,80.47,9,32193252
2026-09-04,3556,16.52,5,10533552
2026-09-04,3557,60.55,19,51067428
2026-09-04,3558,51.04,10,30150085
2026-09-04,3560,74.02,9,15107106
2026-09-04,3563,50.74,22,32464707
2026-09-04,3564,60.64,3,35859610
2026-09-04,3566,73.96,150,310432586
2026-09-04,3567,18.59,7,6321658
2026-09-04,3568,72.35000000000001,5,7281687
2026-09-04,3570,53.99,4,9234058
2026-09-04,3571,0.0,0,0
2026-09-04,3572,44.74,4,5290009
2026-09-04,3574,67.92,1,714009
2026-09-04,3576,39.03,196,635490285
2026-09-04,3577,65.85,24,42128091
2026-09-04,3579,74.14,3,7103216
2026-09-04,3580,13.63,7,5386352
2026-09-04,3581,59.4,15,30307483
2026-09-04,3583,62.18,28,52160062
2026-09-04,3584,25.44,29,35583766
2026-09-04,3585,39.66,13,44313924
2026-09-04,3586,51.29,2,1261000
2026-09-04,3587,31.37,14,22494037
2026-09-04,3588,28.14,13,17452197
2026-09-04,3591,54.47,37,79224710
2026-09-04,3592,38.06,22,28882341
2026-09-04,3593,64.14,18,39033381
2026-09-04,3594,54.03,27,51871472
2026-09-04,3595,31.74,8,12922644
2026-09-04,3596,69.97,68,154230777
2026-09-04,3597,64.47,11,25300392
2026-09-04,3601,52.62,9,18366115
2026-09-04,3603,71.13,10,17676115
2026-09-04,3604,0.0,0,0
2026-09-04,3605,64.61,56,114081140
2026-09-04,3606,77.4,11,13043205
2026-09-04,3607,32.41,34,39449943
2026-09-04,3609,50.99,17,19598236
2026-09-04,3610,79.64999999999999,4,43027461
2026-09-04,3611,58.19,13,27678774
2026-09-04,3613,66.67,28,42304084
2026-09-04,3615,31.14,12,21323662
2026-09-04,3616,43.02,36,40737168
2026-09-04,3617,66.46000000000001,38,63009136
2026-09-04,3619,27.79,3,2119800
2026-09-04,3622,59.29,20,89754448
2026-09-04,3623,52.11,3,15210223
2026-09-04,3624,53.37,20,62640221
2026-09-04,3625,48.38,32,55291622
2026-09-04,3627,56.06,9,17376089
2026-09-04,3628,59.150000000000006,5,26624242
2026-09-04,3629,86.89,5,28637406
2026-09-04,3630,54.44,15,111196208
2026-09-04,3631,80.14,15,65581114
2026-09-04,3632,17.2,5,7038928
2026-09-04,3633,60.69,13,20656181
2026-09-04,3634,82.97,13,41166411
2026-09-04,3635,0.0,0,0
2026-09-04,3636,87.18,1,5231007
2026-09-04,3637,77.46,6,23047225
2026-09-04,3642,63.39,18,29086139
2026-09-04,3643,97.95,1,46958218
2026-09-04,3644,77.48,32,64556193
2026-09-04,3645,40.46,42,55345227
2026-09-04,3646,48.95,21,19246432
2026-09-04,3647,0.0,0,0
2026-09-04,3649,36.51,6,3952494
2026-09-04,3651,95.9,12,66729578
2026-09-04,3652,72.27,13,54282782
2026-09-04,3653,71.33,44,104681368
2026-09-04,3656,77.46,6,45127606
2026-09-04,3657,97.29,2,4743125
2026-09-04,3659,86.02,16,47127055
2026-09-04,3661,37.51,40,32383579
2026-09-04,3662,53.41,26,98021548
2026-09-04,3663,64.86,11,70385919
2026-09-04,3664,68.46,7,52001484
2026-09-04,3665,61.62,85,123051438
2026-09-04,3666,83.41,16,115925635
2026-09-04,3669,58.15,8,54047306
2026-09-04,3671,87.86,7,12742653
2026-09-04,3672,55.91,20,22817063
2026-09-04,3673,41.72,68,169740406
2026-09-04,3674,71.06,7,12660570
2026-09-04,3675,58.05,5,30804166
2026-09-04,3678,52.48,13,13871100
2026-09-04,3679,65.87,25,41522558
2026-09-04,3680,56.58,42,54562877
2026-09-04,3681,95.08,6,112878521
2026-09-04,3683,100.0,1,63777668
2026-09-04,3684,61.14,10,18537357
2026-09-04,3685,61.85,31,49232152
2026-09-04,3686,21.7,14,16607775
2026-09-04,3687,37.330000000000005,6,11248861
2026-09-04,3688,67.86999999999999,11,67330066
2026-09-04,3689,25.77,23,23093579
2026-09-04,3690,89.17,6,53832220
2026-09-04,3691,58.63,15,53887942
2026-09-04,3693,48.67999999999999,12,20938688
2026-09-04,3694,57.94,18,89777652
2026-09-04,3701,72.8,21,172319774
2026-09-04,3702,82.14,343,1438829979
2026-09-04,3703,72.06,105,593447659
2026-09-04,3704,66.04,83,274464937
2026-09-04,3705,69.12,71,184225969
2026-09-04,3706,57.75,135,766630923
2026-09-04,3707,45.29,41,181694977
2026-09-04,3708,49.74,23,47353793
2026-09-04,3709,71.52,17,104143991
2026-09-04,3710,32.78,81,94234540
2026-09-04,3711,86.14,789,3865167354
2026-09-04,3712,57.8,26,142363389
2026-09-04,3713,56.38,31,49684810
2026-09-04,3714,43.2,124,318932853
2026-09-04,3715,28.31,54,80317988
2026-09-04,3716,52.88,35,79672645
2026-09-04,3717,36.71,51,77730793
2026-09-04,3718,43.24,57,169144684
2026-09-04,4102,46.47,12,19701067
2026-09-04,4104,45.39,24,85543885
2026-09-04,4105,48.29,69,120115805
2026-09-04,4106,50.92,17,51397642
2026-09-04,4107,61.66,24,42746930
2026-09-04,4108,29.1,27,57814965
2026-09-04,4109,43.89,27,52128944
2026-09-04,4111,42.58,23,25489627
2026-09-04,4113,74.15,74,171449288
2026-09-04,4114,44.18,116,243314857
2026-09-04,4115,75.96,16,45588511
2026-09-04,4116,54.95,3,24491956
2026-09-04,4117,54.74,25,38785543
2026-09-04,4118,90.11,1,27027389
2026-09-04,4119,47.29,14,56535761
2026-09-04,4120,71.48,21,62033679
2026-09-04,4121,49.690000000000005,19,41316679
2026-09-04,4123,58.14,160,447632607
2026-09-04,4125,0.0,0,0
2026-09-04,4126,62.79,24,45597407
2026-09-04,4127,74.49,16,34098886
2026-09-04,4128,43.55,67,256249219
2026-09-04,4129,59.21,32,57115849
2026-09-04,4131,76.13,5,30367168
2026-09-04,4132,46.63,49,87673505
2026-09-04,4133,23.57,11,14280015
2026-09-04,4135,65.43,14,17321840
2026-09-04,4136,99.3,4,35896711
2026-09-04,4137,51.26,14,42301879
2026-09-04,4138,51.42,4,20535026
2026-09-04,4139,69.71,23,31390101
2026-09-04,4140,0.0,0,0
2026-09-04,4142,40.22,85,172822852
2026-09-04,4147,52.42,66,143239196
2026-09-04,4148,79.45,11,53422395
2026-09-04,4150,48.540000000000006,51,71483728
2026-09-04,4151,78.35000000000001,13,39203441
2026-09-04,4153,76.66999999999999,15,44988416
2026-09-04,4154,76.61,15,29414403
2026-09-04,4155,43.59,39,60918040
2026-09-04,4156,71.87,14,40642509
2026-09-04,4157,59.23,116,421798887
2026-09-04,4160,29.63,3,7910422
2026-09-04,4161,45.18,25,27027592
2026-09-04,4162,45.38,23,65217239
2026-09-04,4163,70.25999999999999,23,35621043
2026-09-04,4164,50.8,54,99280222
2026-09-04,4166,82.71000000000001,26,201068537
2026-09-04,4167,42.35,85,140503021
2026-09-04,4168,27.34,25,30788770
2026-09-04,4169,54.16,22,35996757
2026-09-04,4170,58.48,15,25606230
2026-09-04,4171,32.72,10,19007085
2026-09-04,4172,39.07,25,46747350
2026-09-04,4173,43.63,5,32550191
2026-09-04,4174,40.76,30,53647665
2026-09-04,4175,56.05,7,23724193
2026-09-04,4177,59.03,17,37091328
2026-09-04,4178,77.77,45,167968515
2026-09-04,4181,0.0,0,0
2026-09-04,4183,62.620000000000005,13,14909620
2026-09-04,4184,92.03,1,36063788
2026-09-04,4186,45.92,36,41353295
2026-09-04,4188,53.870000000000005,11,34126223
2026-09-04,4190,66.58,12,40798431
2026-09-04,4191,63.05,31,63164763
2026-09-04,4192,68.28999999999999,3,24017456
2026-09-04,4193,49.22,25,33295777
2026-09-04,4194,76.72,24,112001410
2026-09-04,4195,38.69,24,30974067
2026-09-04,4197,65.9,21,19894273
2026-09-04,4198,81.99000000000001,4,19767996
2026-09-04,4205,66.37,33,64841693
2026-09-04,4207,73.32,53,145593416
2026-09-04,4303,19.53,12,18501418
2026-09-04,4304,81.88,15,49989481
2026-09-04,4305,84.73,26,46626250
2026-09-04,4306,57.93,110,392138396
2026-09-04,4401,62.17999999999999,50,76310020
2026-09-04,4402,66.0,15,44883852
2026-09-04,4404,35.81,25,40226693
2026-09-04,4406,76.59,20,39765723
2026-09-04,4408,35.74,14,24184579
2026-09-04,4413,69.31,15,21709290
2026-09-04,4414,64.25,47,169529875
2026-09-04,4415,85.04,11,37065628
2026-09-04,4416,70.32,35,51762010
2026-09-04,4417,45.94,19,38602618
2026-09-04,4419,96.83,7,163832251
2026-09-04,4420,60.17,9,24346779
2026-09-04,4424,66.59,16,39856000
2026-09-04,4426,61.88,33,106890223
2026-09-04,4427,87.52,55,186041149
2026-09-04,4430,64.1,21,36074783
2026-09-04,4431,70.24,5,25667809
2026-09-04,4432,55.39,12,28026740
2026-09-04,4433,57.09,11,35011486
2026-09-04,4438,65.78,39,74625767
2026-09-04,4439,78.27,14,29921200
2026-09-04,4440,56.83,45,38432819
2026-09-04,4441,70.48,25,48060767
2026-09-04,4442,75.96,19,24963761
2026-09-04,4502,70.67,16,40623772
2026-09-04,4503,62.8,10,49200999
2026-09-04,4506,80.69,29,142874916
2026-09-04,4510,36.32,18,39610393
2026-09-04,4513,57.58,16,82787272
2026-09-04,4522,100.0,1,32106690
2026-09-04,4523,59.92,18,38936140
2026-09-04,4526,47.79,60,121842905
2026-09-04,4527,67.42999999999999,26,51363250
2026-09-04,4528,62.31,12,52461065
2026-09-04,4529,58.8,14,49728172
2026-09-04,4530,72.92999999999999,6,26112311
2026-09-04,4532,69.93,93,346215158
2026-09-04,4533,36.84,21,65763077
2026-09-04,4534,40.52,23,35185937
2026-09-04,4535,77.44,21,58612716
2026-09-04,4536,56.67,42,51476372
2026-09-04,4537,82.02,16,64678668
2026-09-04,4538,80.63000000000001,15,47959527
2026-09-04,4540,30.97,19,35693623
2026-09-04,4541,40.19,22,27197286
2026-09-04,4542,48.99,20,17538457
2026-09-04,4543,46.99,14,28094835
2026-09-04,4544,67.5,20,40703842
2026-09-04,4545,72.59,8,55908373
2026-09-04,4546,70.58,15,23846148
2026-09-04,4547,84.76,7,19792403
2026-09-04,4548,100.0,1,37500000
2026-09-04,4549,62.53,14,35648281
2026-09-04,4550,56.09,11,21231625
2026-09-04,4551,79.17,33,91247757
2026-09-04,4552,50.01,21,58026694
2026-09-04,4553,87.09,14,28762482
2026-09-04,4554,52.18,7,13738759
2026-09-04,4555,69.94,13,48963030
2026-09-04,4556,75.15,11,31795275
2026-09-04,4557,42.93,22,20604557
2026-09-04,4558,72.8,32,36412719
2026-09-04,4559,87.86000000000001,17,52728335
2026-09-04,4560,86.42,12,58868000
2026-09-04,4561,58.35,12,34160751
2026-09-04,4562,52.12,12,45639238
2026-09-04,4563,54.260000000000005,11,29825822
2026-09-04,4564,40.09,50,93360467
2026-09-04,4565,79.87,24,49321883
2026-09-04,4566,53.85,24,59465875
2026-09-04,4568,68.39,8,21920411
2026-09-04,4569,66.16,11,20252873
2026-09-04,4570,95.06,16,41832989
2026-09-04,4571,66.11,21,35057896
2026-09-04,4572,64.18,11,25684380
2026-09-04,4573,40.99,15,18743496
2026-09-04,4575,69.12,17,26733788
2026-09-04,4576,67.75,32,81176278
2026-09-04,4577,61.36,10,30157201
2026-09-04,4578,97.0,3,19693224
2026-09-04,4580,49.23,18,23050500
2026-09-04,4581,62.76,15,21279000
2026-09-04,4582,54.99,25,41516929
2026-09-04,4583,86.48,10,69353551
2026-09-04,4584,80.08,13,24028876
2026-09-04,4585,75.85,3,80246000
2026-09-04,4587,88.23,5,29117432
2026-09-04,4588,50.290000000000006,15,21627050
2026-09-04,4589,70.33,12,18319088
2026-09-04,4590,49.79,21,27309707
2026-09-04,4609,76.27,24,36578713
2026-09-04,4702,50.98,9,36883713
2026-09-04,4703,26.18,7,17231337
2026-09-04,4706,82.6,15,65293108
2026-09-04,4707,71.44,60,288462923
2026-09-04,4711,60.0,10,36643181
2026-09-04,4712,45.99,2,8473387
2026-09-04,4714,29.06,35,64512179
2026-09-04,4716,33.18,25,31351082
2026-09-04,4717,0.0,0,0
2026-09-04,4720,37.9,24,43417541
2026-09-04,4721,33.31,14,24995575
2026-09-04,4722,58.65,42,61136193
2026-09-04,4724,59.5,28,57125196
2026-09-04,4726,58.0,41,120119772
2026-09-04,4727,18.79,3,1368299
2026-09-04,4728,84.47,36,46020399
2026-09-04,4729,49.85,11,39514530
2026-09-04,4730,69.86,13,19471244
2026-09-04,4732,66.94999999999999,30,33247376
2026-09-04,4734,14.95,2,1532051
2026-09-04,4735,53.37,15,22189360
2026-09-04,4736,51.09,18,48753092
2026-09-04,4737,62.35,26,48274758
2026-09-04,4738,58.63,7,45507019
2026-09-04,4739,38.77,26,48378196
2026-09-04,4741,49.120000000000005,11,17107425
2026-09-04,4743,45.49,73,218673984
2026-09-04,4744,51.77,25,29495926
2026-09-04,4745,61.760000000000005,24,40912692
2026-09-04,4746,39.99,36,48116424
2026-09-04,4747,76.25999999999999,39,69350756
2026-09-04,4749,33.62,25,31868290
2026-09-04,4752,89.77,6,75611332
2026-09-04,4754,36.69,6,11112211
2026-09-04,4755,68.74000000000001,15,69246823
2026-09-04,4758,92.13,6,26924543
2026-09-04,4760,36.7,7,11800621
2026-09-04,4762,99.67,8,20653185
2026-09-04,4763,61.21,118,605592863
2026-09-04,4764,75.05000000000001,27,64210855
2026-09-04,4765,55.3,16,17774860
2026-09-04,4766,69.97999999999999,28,84394444
2026-09-04,4767,62.75,11,19715146
2026-09-04,4768,35.05,17,16654317
2026-09-04,4769,100.0,1,691793400
2026-09-04,4770,64.15,24,51323766
2026-09-04,4771,59.88,24,35207316
2026-09-04,4772,48.93,26,72292115
2026-09-04,4773,94.99,14,69091469
2026-09-04,4801,98.7,2,46593772
2026-09-04,4802,87.92,2,16578506
2026-09-04,4803,57.43,8,33935500
2026-09-04,4804,62.0,11,44648000
2026-09-04,4805,0.0,0,0
2026-09-04,4806,89.08,10,89045520
2026-09-04,4807,68.2,16,33425280
2026-09-04,4903,43.1,14,45414670
2026-09-04,4904,93.45,381,3371931010
2026-09-04,4905,81.68,18,23906467
2026-09-04,4906,26.53,84,119978601
2026-09-04,4907,85.43,9,100957068
2026-09-04,4908,55.940000000000005,24,43775382
2026-09-04,4909,25.31,12,23647378
2026-09-04,4911,58.16,20,40037890
2026-09-04,4912,51.52,24,34509238
2026-09-04,4913,25.75,3,2490000
2026-09-04,4914,77.03999999999999,5,7704594
2026-09-04,4915,59.45,122,280602470
2026-09-04,4916,24.85,18,30864382
2026-09-04,4917,97.57,5,29276154
2026-09-04,4919,62.62,44,283391596
2026-09-04,4920,93.69,6,39149436
2026-09-04,4922,25.44,12,11446009
2026-09-04,4923,38.11,15,14267174
2026-09-04,4924,70.99000000000001,20,26391936
2026-09-04,4925,50.16,31,35664528
2026-09-04,4927,26.92,70,71399444
2026-09-04,4929,0.0,0,0
2026-09-04,4930,63.64,13,50929279
2026-09-04,4931,32.11,20,21056847
2026-09-04,4932,0.0,0,0
2026-09-04,4933,63.89,12,52832055
2026-09-04,4934,34.78,23,78287832
2026-09-04,4935,62.48,25,80535086
2026-09-04,4938,79.42999999999999,402,2125867941
2026-09-04,4939,41.46,23,40729689
2026-09-04,4942,62.400000000000006,40,88851588
2026-09-04,4943,64.07,26,81194476
2026-09-04,4946,42.58,1,3770299
2026-09-04,4949,52.24,27,35483358
2026-09-04,4950,73.05,5,42187553
2026-09-04,4951,20.0,8,6835829
2026-09-04,4952,52.49,9,57139381
2026-09-04,4953,47.11,18,34471363
2026-09-04,4956,39.34,20,39516199
2026-09-04,4958,70.95,219,793026359
2026-09-04,4960,62.3,86,356240701
2026-09-04,4961,45.81,32,55573635
2026-09-04,4962,99.89,1,47602349
2026-09-04,4963,83.64,9,63121061
2026-09-04,4965,100.0,1,75500018
2026-09-04,4966,31.3,22,24732717
2026-09-04,4967,19.92,19,19655047
2026-09-04,4968,16.67,15,15391765
2026-09-04,4969,55.64,56,106296405
2026-09-04,4971,44.4,22,20958670
2026-09-04,4972,49.93000000000001,21,28417021
2026-09-04,4973,22.65,12,14804052
2026-09-04,4974,41.62,6,30186952
2026-09-04,4975,96.31,11,314557159
2026-09-04,4976,30.87,17,43616775
2026-09-04,4977,19.2,15,15896210
2026-09-04,4978,82.32,1,4116027
2026-09-04,4979,43.94,53,62804743
2026-09-04,4980,58.12,14,26282457
2026-09-04,4985,100.0,1,60580302
2026-09-04,4989,17.88,23,30927262
2026-09-04,4990,53.4,32,54862442
2026-09-04,4991,48.44,29,58815286
2026-09-04,4992,82.09,38,172475062
2026-09-04,4994,86.22,30,57248354
2026-09-04,4995,67.58,22,28792924
2026-09-04,4996,77.8,37,77094274
2026-09-04,4997,42.96,8,6302836
2026-09-04,4999,41.28,25,30732670
2026-09-04,5006,10.62,8,10302132
2026-09-04,5007,87.71,44,258762863
2026-09-04,5009,49.72,106,299573496
2026-09-04,5011,48.45,31,48804376
2026-09-04,5013,87.46,44,116708628
2026-09-04,5014,37.87,51,69432617
2026-09-04,5015,52.02,19,31555822
2026-09-04,5016,65.97,15,32744286
2026-09-04,5017,0.0,0,0
2026-09-04,5201,56.6,18,21895768
2026-09-04,5202,53.42999999999999,13,47619096
2026-09-04,5203,43.05,17,33310029
2026-09-04,5204,18.86,1,1183712
2026-09-04,5205,74.44000000000001,2,10050861
2026-09-04,5206,85.73,34,154409710
2026-09-04,5207,38.6,8,6114024
2026-09-04,5209,54.21,4,15990325
2026-09-04,5210,47.73,19,39244771
2026-09-04,5211,47.96,12,15361386
2026-09-04,5212,79.57000000000001,16,27559949
2026-09-04,5213,86.24,82,622214232
2026-09-04,5215,53.34,22,34325960
2026-09-04,5216,82.4,11,14709629
2026-09-04,5220,44.63,20,17710965
2026-09-04,5221,11.3,1,630000
2026-09-04,5222,31.93,24,29122641
2026-09-04,5223,62.22,12,27727271
2026-09-04,5225,45.56,12,36065422
2026-09-04,5226,52.74,11,12293000
2026-09-04,5227,28.84,25,27693776
2026-09-04,5228,55.31,13,21053987
2026-09-04,5229,96.51,13,54236666
2026-09-04,5230,26.0,18,14651324
2026-09-04,5232,99.99,2,20499946
2026-09-04,5233,85.35000000000001,23,236705459
2026-09-04,5234,64.96000000000001,19,66748909
2026-09-04,5236,61.79,5,37083976
2026-09-04,5238,83.48,15,56186971
2026-09-04,5239,30.08,8,7434218
2026-09-04,5240,53.83,16,14312072
2026-09-04,5242,72.3,45,90323150
2026-09-04,5243,57.4,29,96765525
2026-09-04,5244,47.22,31,32245700
2026-09-04,5245,57.78,18,26085994
2026-09-04,5246,33.72,10,15168933
2026-09-04,5247,75.94,12,56961429
2026-09-04,5248,58.92,5,14439635
2026-09-04,5250,97.08,1,37966770
2026-09-04,5251,33.480000000000004,4,11300878
2026-09-04,5253,81.05000000000001,20,33193693
2026-09-04,5254,75.66999999999999,8,17109064
2026-09-04,5256,69.00999999999999,24,49433143
2026-09-04,5257,79.63999999999999,27,105734970
2026-09-04,5258,51.6,39,56972800
2026-09-04,5259,82.07000000000001,8,35759692
2026-09-04,5262,55.98,25,29510964
2026-09-04,5263,55.29,34,43660714
2026-09-04,5265,0.0,0,0
2026-09-04,5267,62.14,13,15723437
2026-09-04,5269,59.47,12,44110985
2026-09-04,5271,29.49,13,18731578
2026-09-04,5272,23.91,15,13223707
2026-09-04,5274,35.03,14,14568520
2026-09-04,5275,30.86,6,3169146
2026-09-04,5276,88.33000000000001,6,34896000
2026-09-04,5278,82.91999999999999,70,248795734
2026-09-04,5279,94.52,3,29306693
2026-09-04,5282,85.81,10,21463358
2026-09-04,5283,60.94,22,53395333
2026-09-04,5284,57.76,14,30556296
2026-09-04,5285,63.06,34,64368730
2026-09-04,5286O,79.97,6,11795138
2026-09-04,5287,58.08,22,35042085
2026-09-04,5288,69.36,15,48358197
2026-09-04,5289,29.76,24,28703545
2026-09-04,5291,43.92,22,18405636
2026-09-04,5292,57.17,19,26490105
2026-09-04,5294,0.0,0,0
2026-09-04,5295,85.65,15,24968239
2026-09-04,5296,35.94,7,7760467
2026-09-04,5297,18.86,9,7105305
2026-09-04,5299,51.01,10,26119015
2026-09-04,5301,80.10000000000001,10,52788911
2026-09-04,5302,51.03,22,81639252
2026-09-04,5304,88.1,23,288108655
2026-09-04,5306,69.71,23,87858079
2026-09-04,5307,41.190000000000005,93,174325567
2026-09-04,5309,34.12,35,79099335
2026-09-04,5310,56.97,15,16496518
2026-09-04,5312,55.73,17,33480521
2026-09-04,5314,39.48,36,115347020
2026-09-04,5315,31.22,28,33228984
2026-09-04,5321,61.23,22,36473599
2026-09-04,5324,80.64999999999999,46,182608133
2026-09-04,5325,33.48,8,18574575
2026-09-04,5328,40.370000000000005,18,69748888
2026-09-04,5336,0.0,0,0
2026-09-04,5340,59.870000000000005,32,116728903
2026-09-04,5344,75.59,7,60065365
2026-09-04,5345,78.88,2,29813960
2026-09-04,5346,37.72,304,515695219
2026-09-04,5347,83.04,243,1560037507
2026-09-04,5348,53.12,5,7850558
2026-09-04,5351,41.18,63,135492614
2026-09-04,5353,55.41,30,42003786
2026-09-04,5355,70.65,44,117405394
2026-09-04,5356,44.03,23,45388379
2026-09-04,5364,70.29,14,44894330
2026-09-04,5372,23.67,13,11509481
2026-09-04,5376,33.739999999999995,8,11372544
2026-09-04,5381,55.98,32,116314490
2026-09-04,5385,23.880000000000003,2,2665444
2026-09-04,5386,36.95,8,20005534
2026-09-04,5387,91.32,2,41101677
2026-09-04,5388,45.89,97,139742194
2026-09-04,5392,36.57,21,64603998
2026-09-04,5395,0.0,0,0
2026-09-04,5398,58.38,20,28888158
2026-09-04,5403,47.09,34,36831652
2026-09-04,5410,34.3,19,32098333
2026-09-04,5414,59.72,20,40969592
2026-09-04,5425,33.93,40,89434872
2026-09-04,5426,55.71,22,80132386
2026-09-04,5432,54.1,4,11195533
2026-09-04,5434,54.52,74,105811587
2026-09-04,5438,75.19999999999999,10,84640715
2026-09-04,5439,37.49,32,34879229
2026-09-04,5442,20.65,12,13391310
2026-09-04,5443,40.39,25,66583136
2026-09-04,5450,81.35000000000001,11,99588261
2026-09-04,5452,42.46,21,63179807
2026-09-04,5455,93.99,25,61569785
2026-09-04,5457,51.91,31,102000112
2026-09-04,5460,57.03,30,33534641
2026-09-04,5464,72.21000000000001,28,55062006
2026-09-04,5465,72.24000000000001,17,106705473
2026-09-04,5467,86.39999999999999,11,73931230
2026-09-04,5468,66.45,13,39165425
2026-09-04,5469,72.36,75,351828819
2026-09-04,5471,28.03,39,47087495
2026-09-04,5473,0.0,0,0
2026-09-04,5474,56.66,8,22534462
2026-09-04,5475,26.93,21,34253535
2026-09-04,5478,79.15,29,123581575
2026-09-04,5481,64.68,23,46196842
2026-09-04,5483,58.18,156,373184195
2026-09-04,5484,37.96,11,25366569
2026-09-04,5487,71.41,15,17301381
2026-09-04,5488,46.15,31,42280065
2026-09-04,5489,85.34,14,87667600
2026-09-04,5490,35.31,26,33959895
2026-09-04,5492,98.66,1,70463021
2026-09-04,5493,44.83,18,19591929
2026-09-04,5497,26.21,14,17125758
2026-09-04,5498,34.83,25,67452420
2026-09-04,5501,28.1,4,5958710
2026-09-04,5505,65.49,47,90954954
2026-09-04,5506,66.77000000000001,34,101884724
2026-09-04,5508,69.13999999999999,20,150351539
2026-09-04,5511,68.65,44,93389545
2026-09-04,5512,61.760000000000005,158,473379953
2026-09-04,5514,92.49,51,218407991
2026-09-04,5515,71.39999999999999,58,143989192
2026-09-04,5516,70.82,15,36515260
2026-09-04,5519,57.31999999999999,43,131979704
2026-09-04,5520,83.78999999999999,23,50263690
2026-09-04,5521,59.260000000000005,103,291821649
2026-09-04,5522,88.55,60,692237736
2026-09-04,5523,92.46,31,143358219
2026-09-04,5524,30.78,22,18074033
2026-09-04,5525,88.42,69,281313133
2026-09-04,5529,73.31,19,77566181
2026-09-04,5530,82.91,49,348325280
2026-09-04,5531,85.89999999999999,82,840014419
2026-09-04,5532,31.03,8,5526963
2026-09-04,5533,80.85,79,230711098
2026-09-04,5534,69.1,86,217936567
2026-09-04,5536,55.95,60,69447924
2026-09-04,5538,93.7,21,188561286
2026-09-04,5541,82.05,10,21689146
2026-09-04,5543,72.37,28,33806233
2026-09-04,5546,84.55,18,69645763
2026-09-04,5547,65.82,13,29819895
2026-09-04,5548,65.46000000000001,18,38322926
2026-09-04,5601,79.72999999999999,44,51679273
2026-09-04,5603,54.1,21,56747998
2026-09-04,5604,67.18,46,73093505
2026-09-04,5607,77.03,61,285485017
2026-09-04,5608,30.19,56,117637720
2026-09-04,5609,52.6,46,75180315
2026-09-04,5701,54.17,20,77484220
2026-09-04,5702,0.0,0,0
2026-09-04,5703,88.28999999999999,25,62024117
2026-09-04,5704,83.91,23,49398830
2026-09-04,5706,38.53,13,32286314
2026-09-04,5810,72.9,99,668254424
2026-09-04,5848,100.0,1,12299164593
2026-09-04,5859,96.82,47,1404432608
2026-09-04,5863,81.45,44,260854475
2026-09-04,5864,68.47,116,345542312
2026-09-04,5867,100.0,1,81500000
2026-09-04,5871,70.4,370,1229197653
2026-09-04,5871A,68.72,46,103093538
2026-09-04,5876,88.36,822,4339818246
2026-09-04,5878,72.36,13,18111334
2026-09-04,5880,74.91,1762,11750051635
2026-09-04,5901,77.87,2,17837451
2026-09-04,5902,85.18,16,80515595
2026-09-04,5903,91.42,26,204108888
2026-09-04,5904,79.39,184,845211280
2026-09-04,5905,46.540000000000006,42,131100093
2026-09-04,5906,86.27000000000001,9,30837216
2026-09-04,5907,69.06,28,135075706
2026-09-04,6005,70.19,285,1524101949
2026-09-04,6015,51.05,88,212893157
2026-09-04,6016,51.28,149,396219429
2026-09-04,6020,96.9,10,244550186
2026-09-04,6021,90.46,47,282500872
2026-09-04,6023,87.78,22,393332155
2026-09-04,6024,69.61,31,185681795
2026-09-04,6026,50.56999999999999,92,200418324
2026-09-04,6027,95.72,10,149086384
2026-09-04,6028,64.68,12,16174558
2026-09-04,6030,100.0,1,1000000000
2026-09-04,6030O,100.0,1,1000000000
2026-09-04,6031,100.0,1,2000000000
2026-09-04,6035,93.89,20,67109183
2026-09-04,6038,100.0,1,50000000
2026-09-04,6039,100.0,1,1000000000
2026-09-04,6040,100.0,1,82503000
2026-09-04,6101,88.08,40,102716388
2026-09-04,6103,90.69,5,12339055
2026-09-04,6104,19.54,16,17817241
2026-09-04,6107,40.95,17,35824813
2026-09-04,6108,56.09,41,86688102
2026-09-04,6109,48.96,31,43014652
2026-09-04,6110,18.42,7,5411979
2026-09-04,6111,45.7,25,49605713
2026-09-04,6112,59.0,13,111161111
2026-09-04,6113,53.23,8,27975975
2026-09-04,6114,72.79,8,31969559
2026-09-04,6115,60.330000000000005,29,113250540
2026-09-04,6116,42.67,196,1220635210
2026-09-04,6117,54.67,14,50638307
2026-09-04,6118,56.66,16,51517611
2026-09-04,6120,59.77,79,358157103
2026-09-04,6121,67.2,82,124327643
2026-09-04,6122,31.99,20,25001568
2026-09-04,6123,43.25,20,26864731
2026-09-04,6124,93.74,18,171106013
2026-09-04,6125,35.09,31,90941230
2026-09-04,6126,36.41,21,47434998
2026-09-04,6127,21.44,16,23192662
2026-09-04,6128,60.09,27,76698692
2026-09-04,6129,17.119999999999997,15,31004495
2026-09-04,6130,62.39,16,28894069
2026-09-04,6131,41.19,9,14337008
2026-09-04,6132,35.49,25,22648506
2026-09-04,6133,48.77,21,57083403
2026-09-04,6134,55.14,18,45165614
2026-09-04,6135,38.45,12,29302404
2026-09-04,6136,47.04,33,54359697
2026-09-04,6137,38.83,29,39375649
2026-09-04,6138,47.400000000000006,24,35862827
2026-09-04,6139,63.64,71,149965538
2026-09-04,6140,45.48,16,24979919
2026-09-04,6141,52.38,36,59390735
2026-09-04,6142,58.79,53,194497043
2026-09-04,6143,26.55,17,22865390
2026-09-04,6144,89.54,3,34271642
2026-09-04,6146,55.55,31,56613043
2026-09-04,6147,64.62,135,481299217
2026-09-04,6148,36.06,8,16811311
2026-09-04,6149,39.03,7,12445340
2026-09-04,6150,16.13,7,7803970
2026-09-04,6151,36.63,19,20244711
2026-09-04,6152,24.37,30,40910453
2026-09-04,6153,46.57,96,296453130
2026-09-04,6154,63.35,21,50751506
2026-09-04,6155,52.16,19,45926569
2026-09-04,6156,39.63,22,42766212
2026-09-04,6158,42.33,16,23307472
2026-09-04,6160,38.76,16,26553260
2026-09-04,6161,41.45,7,23322708
2026-09-04,6162,52.0,24,41487376
2026-09-04,6163,44.31,34,65971674
2026-09-04,6164,23.56,18,18864626
2026-09-04,6165,51.48,28,40051718
2026-09-04,6166,74.84,56,163278728
2026-09-04,6167,43.51,33,63540614
2026-09-04,6168,46.81,25,96352019
2026-09-04,6169,31.03,4,7260944
2026-09-04,6170,58.25,20,56669252
2026-09-04,6171,87.53,23,87540892
2026-09-04,6172,91.42,9,27428232
2026-09-04,6173,64.01,30,109619642
2026-09-04,6174,63.03,14,31517762
2026-09-04,6175,61.23,24,91942785
2026-09-04,6176,43.11,101,150436371
2026-09-04,6177,76.51,126,361173366
2026-09-04,6179,42.95,51,76674517
2026-09-04,6180,50.88,32,89334184
2026-09-04,6181,12.14,6,5545988
2026-09-04,6182,24.49,78,156419894
2026-09-04,6183,77.45,32,116188360
2026-09-04,6184,72.15,29,117006493
2026-09-04,6185,50.59,45,75855542
2026-09-04,6186,51.64,32,100693669
2026-09-04,6187,54.11,46,53185943
2026-09-04,6188,42.36,39,117987593
2026-09-04,6189,35.08,69,92662442
2026-09-04,6190,35.27,41,69456632
2026-09-04,6191,57.66,53,287995725
2026-09-04,6192,56.3,37,54153380
2026-09-04,6193,61.38,38,109173702
2026-09-04,6194,56.52,19,27138144
2026-09-04,6195,53.24,7,26729497
2026-09-04,6196,71.47,44,157519606
2026-09-04,6197,44.21,25,55740389
2026-09-04,6198,94.57,8,162125442
2026-09-04,6199,81.6,21,50406303
2026-09-04,6201,69.11,21,61661209
2026-09-04,6202,41.03,44,94564897
2026-09-04,6203,59.22,16,48809021
2026-09-04,6204,29.71,3,6867007
2026-09-04,6205,45.34,24,37299085
2026-09-04,6206,54.69,44,78268662
2026-09-04,6207,16.28,14,15239259
2026-09-04,6208,65.44,43,61837269
2026-09-04,6209,38.54,45,70301804
2026-09-04,6210,54.11,16,18969855
2026-09-04,6212,91.81,27,93667680
2026-09-04,6213,67.71000000000001,72,246287405
2026-09-04,6214,65.46,60,178268838
2026-09-04,6215,32.7,14,27091058
2026-09-04,6216,38.83,25,37843329
2026-09-04,6217,25.6,25,30035394
2026-09-04,6218,53.1,22,34138184
2026-09-04,6219,69.85,21,87314909
2026-09-04,6220,63.55,53,93121798
2026-09-04,6221,74.49,20,125637662
2026-09-04,6222,90.08,10,86216142
2026-09-04,6223,49.91,33,48924227
2026-09-04,6224,39.44,27,33785155
2026-09-04,6225,71.28,7,19819725
2026-09-04,6226,26.99,23,31200689
2026-09-04,6227,70.39,5,53591423
2026-09-04,6228,80.44,5,20916832
2026-09-04,6229,35.09,5,14163550
2026-09-04,6230,87.81,3,75818982
2026-09-04,6231,32.75,11,14955908
2026-09-04,6232,18.76,60,84770240
2026-09-04,6233,28.47,18,23065720
2026-09-04,6234,54.31,19,54538314
2026-09-04,6235,40.64,24,81277998
2026-09-04,6236,92.72,4,38627813
2026-09-04,6237,18.67,11,14878466
2026-09-04,6239,62.19,169,472218634
2026-09-04,6240,85.96000000000001,10,19662674
2026-09-04,6241,56.69,6,25818286
2026-09-04,6242,63.69,7,20260755
2026-09-04,6243,20.73,6,9390416
2026-09-04,6244,32.47,70,125742512
2026-09-04,6245,43.86,24,64338086
2026-09-04,6246,62.99,7,23847295
2026-09-04,6248,48.94,24,48941854
2026-09-04,6249,14.82,1,425000
2026-09-04,6250,70.88000000000001,2,12937249
2026-09-04,6252,40.34,1,546393
2026-09-04,6253,0.0,0,0
2026-09-04,6254,49.51,13,15294450
2026-09-04,6256,0.0,0,0
2026-09-04,6257,45.92999999999999,140,222358661
2026-09-04,6258,0.0,0,0
2026-09-04,6259,42.82,3,12017462
2026-09-04,6261,39.38,29,50636851
2026-09-04,6262,28.67,5,5865881
2026-09-04,6263,44.26,8,27668940
2026-09-04,6264,71.77000000000001,28,97900111
2026-09-04,6265,48.290000000000006,23,57090267
2026-09-04,6266,38.77,37,59675061
2026-09-04,6267,0.0,0,0
2026-09-04,6268,0.0,0,0
2026-09-04,6269,32.68,62,105922635
2026-09-04,6270,41.0,16,29598997
2026-09-04,6271,48.12,56,100654009
2026-09-04,6272,50.95,33,41679355
2026-09-04,6274,64.14,94,192145478
2026-09-04,6275,29.58,16,23776687
2026-09-04,6276,50.97,3,11237830
2026-09-04,6277,57.61,43,68837476
2026-09-04,6278,62.55,92,182990759
2026-09-04,6279,47.77,38,56865874
2026-09-04,6280,99.95,1,65459517
2026-09-04,6281,56.28,37,55831322
2026-09-04,6282,40.89,111,350159233
2026-09-04,6283,62.78,21,92689112
2026-09-04,6284,48.87,16,72824361
2026-09-04,6285,63.25,107,305888049
2026-09-04,6287,94.0,7,114177823
2026-09-04,6289,0.0,0,0
2026-09-04,6290,37.68,51,63952598
2026-09-04,6291,63.81,6,26802089
2026-09-04,6292,46.86,8,21842716
2026-09-04,6293,0.0,0,0
2026-09-04,6294,37.29,4,9713459
2026-09-04,6295,22.33,1,421634
2026-09-04,6296,0.0,0,0
2026-09-04,6297,99.9,1,13129198
2026-09-04,6299,98.35,1,25154338
2026-09-04,6402,64.00999999999999,24,37276176
2026-09-04,6403,41.54,1,6369110
2026-09-04,6404,67.09,5,16342729
2026-09-04,6405,52.43,24,34513084
2026-09-04,6406,58.18,5,20743917
2026-09-04,6407,37.35,18,28071455
2026-09-04,6409,66.6,38,58797709
2026-09-04,6411,34.84,33,34692419
2026-09-04,6412,78.41,48,314282159
2026-09-04,6414,62.81,56,98746614
2026-09-04,6415,79.08,159,308515359
2026-09-04,6416,47.84,17,35111601
2026-09-04,6417,67.86,20,28696964
2026-09-04,6418,57.38,10,19815563
2026-09-04,6419,40.08,4,5275365
2026-09-04,6423,40.18,12,12465574
2026-09-04,6425,42.7,14,21951503
2026-09-04,6426,45.11,8,17379623
2026-09-04,6427,100.0,1,56998677
2026-09-04,6428,91.64,3,16204735
2026-09-04,6429,38.120000000000005,5,3530082
2026-09-04,6431,70.39,20,68574252
2026-09-04,6432,31.05,11,12476473
2026-09-04,6434,85.17999999999999,21,394973165
2026-09-04,6435,51.57,4,19322891
2026-09-04,6436,98.56,1,17921525
2026-09-04,6437,65.0,19,21002715
2026-09-04,6438,34.29,23,28207796
2026-09-04,6441,45.19,6,24099791
2026-09-04,6442,55.38,34,45326682
2026-09-04,6443,16.45,43,84489932
2026-09-04,6446,56.82,159,240107155
2026-09-04,6449,72.12,24,66286428
2026-09-04,6451,66.01,17,77750869
2026-09-04,6452,39.22,24,39295392
2026-09-04,6453,0.0,0,0
2026-09-04,6455,68.47999999999999,16,25409235
2026-09-04,6456,50.57,48,170927657
2026-09-04,6458,65.25,6,17483193
2026-09-04,6461O,63.72,32,113662966
2026-09-04,6462,30.61,19,27958300
2026-09-04,6464,85.87,41,110611522
2026-09-04,6465,66.22,12,39127196
2026-09-04,6467,34.03,15,17843448
2026-09-04,6468,98.62,1,11908580
2026-09-04,6469,47.52,31,75633341
2026-09-04,6470,41.32,2,15578927
2026-09-04,6471,0.0,0,0
2026-09-04,6472,56.81,35,72759379
2026-09-04,6473,77.03999999999999,26,46237699
2026-09-04,6474,67.26,29,35340448
2026-09-04,6475,73.13,12,25443151
2026-09-04,6477,40.87,20,50719734
2026-09-04,6479,86.78999999999999,9,49743233
2026-09-04,6481,96.01,6,26121892
2026-09-04,6482,67.6,8,19358223
2026-09-04,6483,43.7,34,29207995
2026-09-04,6484,100.0,1,25000000
2026-09-04,6485,25.57,10,12119516
2026-09-04,6486,43.1,5,21937600
2026-09-04,6488,77.67999999999999,99,371475292
2026-09-04,6489,62.98,18,17933233
2026-09-04,6490,70.61999999999999,10,27375474
2026-09-04,6491,65.2,26,50869194
2026-09-04,6492,39.16,25,45018643
2026-09-04,6493,80.37,9,24151999
2026-09-04,6494,16.79,8,5303645
2026-09-04,6495,52.59,39,90506153
2026-09-04,6496,65.96000000000001,9,31198962
2026-09-04,6497,97.19,5,184631605
2026-09-04,6498,67.97999999999999,18,32284194
2026-09-04,6499,41.66,14,40406779
2026-09-04,6502,90.96,1,7930713
2026-09-04,6503,80.41,3,9659856
2026-09-04,6504,70.66,23,51312527
2026-09-04,6505,95.66,187,9113822691
2026-09-04,6506,60.900000000000006,39,50172142
2026-09-04,6508,61.93,16,53607493
2026-09-04,6509,37.2,49,73495952
2026-09-04,6510,54.57,10,17972282
2026-09-04,6511,72.03,24,43228928
2026-09-04,6512,36.03,10,9108794
2026-09-04,6515,49.47,16,18052356
2026-09-04,6516,52.71,14,29701533
2026-09-04,6517,19.69,4,6025429
2026-09-04,6518,84.46,12,28159334
2026-09-04,6523,63.08,8,28418005
2026-09-04,6525,67.47,25,87088319
2026-09-04,6526,78.72,16,131904695
2026-09-04,6527,44.28,7,11275367
2026-09-04,6529,71.81,7,9121241
2026-09-04,6530,15.53,5,5246047
2026-09-04,6531,63.82,60,104162716
2026-09-04,6532,35.57,16,13326727
2026-09-04,6533,20.75,7,10517986
2026-09-04,6534,83.83,32,86200732
2026-09-04,6535,64.23,36,107847997
2026-09-04,6536,74.27,9,19554576
2026-09-04,6538,47.07,21,18724155
2026-09-04,6539,85.23,10,20756987
2026-09-04,6540,99.05,3,218374577
2026-09-04,6541,70.78999999999999,42,187794631
2026-09-04,6542,84.71,14,35589859
2026-09-04,6543,66.94,29,41417133
2026-09-04,6545,44.15,7,9751106
2026-09-04,6546,40.760000000000005,14,27266371
2026-09-04,6547,36.35,68,124094194
2026-09-04,6548,87.65,93,833262215
2026-09-04,6549,31.32,28,25106290
2026-09-04,6550,76.63000000000001,78,685876932
2026-09-04,6551,83.69,11,60095270
2026-09-04,6552,58.37,7,48456950
2026-09-04,6555,69.50999999999999,17,82906836
2026-09-04,6556,77.42,12,22266720
2026-09-04,6558,41.76,11,39183756
2026-09-04,6559,52.92,11,12275632
2026-09-04,6560,40.51,7,13161430
2026-09-04,6561,73.03,12,56946634
2026-09-04,6562,52.76,10,62364985
2026-09-04,6563,32.879999999999995,12,9785524
2026-09-04,6564,64.94,11,46859821
2026-09-04,6565,40.02,9,10867320
2026-09-04,6566,84.51,6,27176138
2026-09-04,6567,88.53999999999999,30,91082879
2026-09-04,6568,41.92,8,12915088
2026-09-04,6569,68.07,9,29153896
2026-09-04,6570,44.8,15,16635067
2026-09-04,6572,69.17,16,71719847
2026-09-04,6573,64.22,15,51711469
2026-09-04,6574,79.53,8,17490894
2026-09-04,6575,54.400000000000006,18,73628675
2026-09-04,6576,67.6,37,106536228
2026-09-04,6577,74.0,7,44452556
2026-09-04,6578,63.98,20,46046554
2026-09-04,6579,84.19,15,142684042
2026-09-04,6580,57.81,42,64836515
2026-09-04,6581,90.05,18,100222438
2026-09-04,6582,74.25999999999999,12,78860865
2026-09-04,6583,82.44,9,13149542
2026-09-04,6584,74.54,26,53220142
2026-09-04,6585,76.07000000000001,9,55154806
2026-09-04,6586,62.28,35,133332201
2026-09-04,6587,100.0,1,17077556
2026-09-04,6588,22.66,5,7868822
2026-09-04,6589,58.11,58,178506791
2026-09-04,6590,56.91,13,14207594
2026-09-04,6591,25.61,8,10542390
2026-09-04,6592,79.97,63,513408892
2026-09-04,6592A,85.41,15,42707213
2026-09-04,6592B,81.33,17,40676000
2026-09-04,6593,46.14,14,14704369
2026-09-04,6595,80.57,25,40179600
2026-09-04,6596,26.8,6,10188435
2026-09-04,6597,81.12,7,24377662
2026-09-04,6598,52.760000000000005,39,54267528
2026-09-04,6599,76.44,4,16057199
2026-09-04,6601,86.86999999999999,5,38835670
2026-09-04,6602,0.0,0,0
2026-09-04,6603,54.48,62,91242739
2026-09-04,6604,84.5,10,36962047
2026-09-04,6605,67.32,41,111645614
2026-09-04,6606,70.64,41,77940342
2026-09-04,6607,81.0,5,7571136
2026-09-04,6608,96.78,8,58072702
2026-09-04,6609,58.53,8,42419648
2026-09-04,6610,81.49,10,167581167
2026-09-04,6611,91.68,1,1344901
2026-09-04,6612,64.89,20,30838024
2026-09-04,6613,59.440000000000005,7,46254599
2026-09-04,6614,74.22,6,59878115
2026-09-04,6615,51.510000000000005,12,11127600
2026-09-04,6616,62.05,10,21989135
2026-09-04,6617,67.76,27,86434734
2026-09-04,6618,29.200000000000003,29,30625622
2026-09-04,6620,60.59,47,103029148
2026-09-04,6621,36.81,10,13077647
2026-09-04,6622,65.28999999999999,14,23054850
2026-09-04,6624,74.14,8,16745466
2026-09-04,6625,49.58,15,28751824
2026-09-04,6626,77.35,4,6913191
2026-09-04,6627,77.55,16,21989644
2026-09-04,6629,84.01,10,32249995
2026-09-04,6633,95.66,1,10646001
2026-09-04,6634,66.24,25,47233403
2026-09-04,6635,100.0,1,32326000
2026-09-04,6637,59.22,9,15880789
2026-09-04,6638,70.49000000000001,7,21152563
2026-09-04,6639,71.82000000000001,18,41410456
2026-09-04,6640,65.67,3,18990750
2026-09-04,6641,60.24,16,21992668
2026-09-04,6642,58.790000000000006,12,21994624
2026-09-04,6643,36.33,6,15298380
2026-09-04,6645,43.68,24,26592332
2026-09-04,6648,64.82000000000001,21,32423131
2026-09-04,6649,52.33,18,21989856
2026-09-04,6650,80.17,17,24927398
2026-09-04,6651,51.76,18,17914457
2026-09-04,6652,79.07,38,108354896
2026-09-04,6653,95.45,1,5727323
2026-09-04,6654,79.49000000000001,12,32568289
2026-09-04,6655,86.14999999999999,24,69439420
2026-09-04,6656,90.33,4,11046738
2026-09-04,6657,34.91,25,31020813
2026-09-04,6658,43.01,12,15652993
2026-09-04,6659,81.57000000000001,24,70073258
2026-09-04,6660,100.0,1,42627034
2026-09-04,6661,66.03,6,15389809
2026-09-04,6662,47.66,10,12209931
2026-09-04,6664,54.89,24,33581331
2026-09-04,6665,65.83,8,29857450
2026-09-04,6666,78.82,9,37357222
2026-09-04,6667,50.95,10,25113633
2026-09-04,6668,54.12,13,57977004
2026-09-04,6669,62.38,44,117006157
2026-09-04,6670,78.16,64,108976305
2026-09-04,6671,75.17,36,45676455
2026-09-04,6672,30.39,23,25031172
2026-09-04,6673,30.57,4,8156409
2026-09-04,6674,84.27,9,57774440
2026-09-04,6676,61.57,43,104527504
2026-09-04,6677,63.98,13,35861167
2026-09-04,6679,54.92,18,30210182
2026-09-04,6680,72.67999999999999,10,17415979
2026-09-04,6681,0.0,0,0
2026-09-04,6682,53.09,25,80778787
2026-09-04,6683,21.85,6,6025130
2026-09-04,6684,36.38,6,16214286
2026-09-04,6688,73.88,12,14039420
2026-09-04,6689,48.28,24,32840661
2026-09-04,6690,59.88,3,17964993
2026-09-04,6691,67.6,44,82135991
2026-09-04,6692,71.73,16,42221986
2026-09-04,6693,42.510000000000005,12,19445059
2026-09-04,6695,49.36,16,52840157
2026-09-04,6696,64.83,254,537707724
2026-09-04,6697,66.78999999999999,6,18252211
2026-09-04,6698,38.38,14,25490685
2026-09-04,6699,85.49,16,41743594
2026-09-04,6701,97.98,3,358305811
2026-09-04,6702,79.7,98,604792516
2026-09-04,6703,51.24,13,18586491
2026-09-04,6704,45.05,35,47760642
2026-09-04,6705,73.53,10,13242150
2026-09-04,6706,25.04,19,19685786
2026-09-04,6707,80.07000000000001,15,47250617
2026-09-04,6708,52.06,12,15108315
2026-09-04,6709,64.25,22,44584446
2026-09-04,6712,39.69,23,39907058
2026-09-04,6713,60.25,15,17768186
2026-09-04,6715,78.32000000000001,22,53488940
2026-09-04,6716,33.77,10,10218260
2026-09-04,6717,75.04,13,18713710
2026-09-04,6719,48.18,12,50870022
2026-09-04,6720,58.05,20,17550030
2026-09-04,6721,50.55,9,12388050
2026-09-04,6722,76.78999999999999,16,67896215
2026-09-04,6723,58.68,12,17633821
2026-09-04,6724,62.32,2,4424880
2026-09-04,6725,64.52,10,23964766
2026-09-04,6726,100.0,1,17670000
2026-09-04,6727,23.55,9,6336008
2026-09-04,6728,63.32,9,19077261
2026-09-04,6729,47.9,11,13253427
2026-09-04,6730,74.28,20,26983205
2026-09-04,6731,99.44,1,54249491
2026-09-04,6732,49.440000000000005,4,24187124
2026-09-04,6733,48.68,26,65411710
2026-09-04,6734,59.56999999999999,15,24206372
2026-09-04,6735,49.49,17,22861330
2026-09-04,6736,93.39,1,2424263
2026-09-04,6737,80.78,23,48511385
2026-09-04,6738,67.1,24,24641818
2026-09-04,6739,57.4,9,13430037
2026-09-04,6741,69.94,38,84347498
2026-09-04,6742,35.18,20,25088569
2026-09-04,6743,63.370000000000005,28,95085265
2026-09-04,6744,65.84,7,10141232
2026-09-04,6746,99.59,2,24805196
2026-09-04,6748,35.13,20,25194936
2026-09-04,6749,100.0,1,12500000
2026-09-04,6750,58.98,22,26371328
2026-09-04,6751,64.63,4,14351828
2026-09-04,6752,47.77,19,17749340
2026-09-04,6753,59.61,25,69954061
2026-09-04,6754,83.1,9,54851413
2026-09-04,6755,53.73,16,21402463
2026-09-04,6756,62.53,8,43782757
2026-09-04,6757,75.19,29,345556173
2026-09-04,6758,81.83,3,11024696
2026-09-04,6760,100.0,1,8447352
2026-09-04,6761,39.32,9,13748935
2026-09-04,6762,77.6,18,28664432
2026-09-04,6763,61.31999999999999,20,112876220
2026-09-04,6764,98.27,2,37542917
2026-09-04,6767,59.25,10,23225250
2026-09-04,6768,81.7,35,163530659
2026-09-04,6770,45.09,540,2127085017
2026-09-04,6771,42.63,17,13297602
2026-09-04,6772,98.74,2,47422263
2026-09-04,6775,62.15,24,68076974
2026-09-04,6776,66.66,14,61073763
2026-09-04,6778,100.0,1,28031800
2026-09-04,6779,100.0,1,44417600
2026-09-04,6780,83.3,12,13722871
2026-09-04,6781,70.2,8,59977180
2026-09-04,6782,52.6,24,33145325
2026-09-04,6784,51.19,9,9767956
2026-09-04,6785,60.99,19,40751649
2026-09-04,6786,9.05,5,2792932
2026-09-04,6787,24.86,24,20146965
2026-09-04,6788,24.27,10,9415354
2026-09-04,6789,72.42999999999999,23,230582896
2026-09-04,6790,78.53999999999999,24,209883704
2026-09-04,6791,74.23,9,15481038
2026-09-04,6792,53.89,7,25807783
2026-09-04,6793,38.96,27,29474541
2026-09-04,6794,78.78,23,50144527
2026-09-04,6796,47.42,13,19082378
2026-09-04,6797,48.76,12,14991149
2026-09-04,6798,73.3,10,14351310
2026-09-04,6799,32.230000000000004,9,14077066
2026-09-04,6803,56.34,5,41018694
2026-09-04,6804,63.82,23,30326476
2026-09-04,6805,63.76,25,43720034
2026-09-04,6806,59.98,14,164774178
2026-09-04,6807,81.42,15,43976000
2026-09-04,6808,54.11,19,42140156
2026-09-04,6810,35.36,14,17492082
2026-09-04,6811,65.46000000000001,3,27137933
2026-09-04,6812,41.02,11,12558044
2026-09-04,6813,62.5,10,14622910
2026-09-04,6814,82.81,14,34681522
2026-09-04,6815,67.2,21,26689760
2026-09-04,6816,70.99,3,8648222
2026-09-04,6817,54.89,1,10110400
2026-09-04,6818,66.53,6,16971574
2026-09-04,6819,56.25,13,19117747
2026-09-04,6820,73.6,5,16380061
2026-09-04,6821,50.49,13,18064475
2026-09-04,6822,100.0,1,36300000
2026-09-04,6823,55.23,6,16871059
2026-09-04,6824,100.0,1,35590000
2026-09-04,6825,73.37,11,24692364
2026-09-04,6826,74.75,17,63958827
2026-09-04,6827,62.61,26,49669592
2026-09-04,6829,67.85,6,40157399
2026-09-04,6830,30.76,18,16839622
2026-09-04,6831,57.06,29,38528215
2026-09-04,6832,86.10000000000001,3,22742144
2026-09-04,6833,84.96000000000001,8,42471444
2026-09-04,6834,56.3,28,49826187
2026-09-04,6835,78.77000000000001,27,52133237
2026-09-04,6837,59.15,18,19422768
2026-09-04,6838,61.48,28,92859309
2026-09-04,6839,80.54,29,66078026
2026-09-04,6840,53.5,13,16855592
2026-09-04,6841,47.61,29,45350161
2026-09-04,6842,39.36,7,9109815
2026-09-04,6843,76.73,16,25558740
2026-09-04,6844,63.45,10,23751857
2026-09-04,6846,66.78,7,18078202
2026-09-04,6847,55.89,8,7956005
2026-09-04,6848,52.95,8,7559720
2026-09-04,6849,48.99,12,20548698
2026-09-04,6850,60.56,18,20043868
2026-09-04,6851,100.0,1,55380366
2026-09-04,6854,65.08,32,76607517
2026-09-04,6855,61.33,13,14263912
2026-09-04,6856,83.57,8,23572411
2026-09-04,6857,94.62,1,14408206
2026-09-04,6858,89.89,9,24470353
2026-09-04,6859,64.47,15,26830215
2026-09-04,6861,53.06,4,22074408
2026-09-04,6862,69.8,7,34907000
2026-09-04,6863,75.64999999999999,10,56669083
2026-09-04,6864,37.120000000000005,19,14070328
2026-09-04,6865,50.68,7,8030537
2026-09-04,6866,99.73,1,76003376
2026-09-04,6867,86.42,7,21175392
2026-09-04,6868,55.35,14,13868062
2026-09-04,6869,54.95,40,75761740
2026-09-04,6870,75.8,14,21767380
2026-09-04,6872,58.06,28,41095667
2026-09-04,6873,61.53,42,87807324
2026-09-04,6874,53.6,9,11796196
2026-09-04,6875,60.81,35,78585938
2026-09-04,6876,31.8,24,22497151
2026-09-04,6877,74.31,27,34906475
2026-09-04,6878,88.92999999999999,14,64610338
2026-09-04,6879,89.17,8,23596520
2026-09-04,6881,57.92,4,8690743
2026-09-04,6882,59.07,14,13707786
2026-09-04,6883,87.72,28,66908433
2026-09-04,6884,73.00999999999999,3,13428354
2026-09-04,6885,36.54,40,48657976
2026-09-04,6886,90.03,5,28641842
2026-09-04,6887,91.81,20,68140512
2026-09-04,6890,92.4,19,231298259
2026-09-04,6891,77.13,30,154817888
2026-09-04,6892,57.67,43,54241749
2026-09-04,6894,61.02,11,14532896
2026-09-04,6895,61.080000000000005,9,20833014
2026-09-04,6897,100.0,1,2372335
2026-09-04,6898,59.190000000000005,10,17179213
2026-09-04,6899,80.05,19,33945232
2026-09-04,6901,82.55,46,705121931
2026-09-04,6902,70.46,15,25058119
2026-09-04,6903,68.69,17,45806810
2026-09-04,6904,79.9,8,14783155
2026-09-04,6905,100.0,2,63912429
2026-09-04,6906,57.86,13,19408921
2026-09-04,6907,65.55,7,41016500
2026-09-04,6908,86.39,2,32121643
2026-09-04,6909,38.06,25,25692780
2026-09-04,6910,56.97,8,17391864
2026-09-04,6911,61.88,11,13619407
2026-09-04,6912,77.09,28,111053255
2026-09-04,6913,56.830000000000005,18,24929587
2026-09-04,6914,72.13,17,47779057
2026-09-04,6915,88.44,11,31220977
2026-09-04,6916,78.98,18,53325789
2026-09-04,6917,44.04,22,24355697
2026-09-04,6918,49.11,17,16986703
2026-09-04,6919,74.03,318,1153397309
2026-09-04,6920,63.62,35,131873932
2026-09-04,6921,78.02,11,25018764
2026-09-04,6922,62.9,9,17082410
2026-09-04,6923,69.67,37,63033823
2026-09-04,6924,82.21,6,16957500
2026-09-04,6925,60.48,9,12099512
2026-09-04,6926,80.71000000000001,25,40201227
2026-09-04,6927,68.0,14,26040304
2026-09-04,6928,79.69,11,68543757
2026-09-04,6929,89.57,6,40391901
2026-09-04,6930,100.0,1,90000000
2026-09-04,6931,70.00999999999999,40,46324749
2026-09-04,6932,80.6,80,348809044
2026-09-04,6933,66.52,10,28275585
2026-09-04,6934,66.03,15,23859465
2026-09-04,6935,82.35,13,30808164
2026-09-04,6936,76.2,20,55483108
2026-09-04,6937,63.74,25,43137514
2026-09-04,6938,67.45,6,8480583
2026-09-04,6939,64.35000000000001,12,22784092
2026-09-04,6940,54.73,110,175498166
2026-09-04,6942,100.0,1,43176880
2026-09-04,6943,100.0,1,194250000
2026-09-04,6944,54.6,43,54454536
2026-09-04,6945,62.79,27,61300937
2026-09-04,6946,93.9,34,304108090
2026-09-04,6947,70.17,31,74494418
2026-09-04,6949,100.0,1,1311601000
2026-09-04,6949O,74.15,31,48647202
2026-09-04,6950,96.03,26,166115992
2026-09-04,6951,66.23,4,34444223
2026-09-04,6952,86.86000000000001,18,59373960
2026-09-04,6953,63.56,6,19079270
2026-09-04,6954,100.0,1,62918043
2026-09-04,6955,60.3,11,14955142
2026-09-04,6957,73.19,27,40812946
2026-09-04,6958,94.15,28,377924479
2026-09-04,6958A,83.86,7,33545234
2026-09-04,6959,40.78,12,15980491
2026-09-04,6961,44.42,6,11925043
2026-09-04,6962,52.39,77,258063779
2026-09-04,6963,87.88,3,14037478
2026-09-04,6965,92.42,19,144509038
2026-09-04,6967,75.65,15,18843782
2026-09-04,6968,57.790000000000006,17,28583776
2026-09-04,6969,54.120000000000005,15,23748711
2026-09-04,6971,73.78,16,28538196
2026-09-04,6972,83.82,9,19226244
2026-09-04,6973,67.46000000000001,20,27537867
2026-09-04,6976,80.56,109,469600183
2026-09-04,6977,39.09,8,5474291
2026-09-04,6978,98.31,3,29764005
2026-09-04,6979,59.53,4,7145005
2026-09-04,6980,77.66,6,23300897
2026-09-04,6982,63.98,14,26082000
2026-09-04,6983,43.49,9,7840301
2026-09-04,6984,56.57,14,10885985
2026-09-04,6985,100.0,1,9202274136
2026-09-04,6986,49.19,20,25656731
2026-09-04,6987,90.25,34,202647560
2026-09-04,6988,77.85,20,37061971
2026-09-04,6990,83.79,17,53724272
2026-09-04,6991,100.0,1,42991875
2026-09-04,6992,72.77000000000001,19,18703345
2026-09-04,6993,100.0,1,19054500
2026-09-04,6994,46.26,21,34325575
2026-09-04,6995,45.64,13,12327969
2026-09-04,6996,60.13,4,25252333
2026-09-04,6997,82.25999999999999,3,18181000
2026-09-04,6999,77.36,16,17036765
2026-09-04,7402,34.35,9,12123438
2026-09-04,7415,61.67,18,18630818
2026-09-04,7418,96.14,6,26493333
2026-09-04,7419,49.56,15,19831148
2026-09-04,7421,0.0,0,0
2026-09-04,7422,82.46,3,19192371
2026-09-04,7426,100.0,1,34040272
2026-09-04,7427,31.200000000000003,19,16863065
2026-09-04,7443,82.47,11,18146801
2026-09-04,7452,87.89,1,1757835
2026-09-04,7455,82.74,8,21104957
2026-09-04,7507,78.22999999999999,31,79897355
2026-09-04,7516,36.59,7,7068781
2026-09-04,7530,54.72,14,25454077
2026-09-04,7547,73.11,10,24834324
2026-09-04,7551,56.65,5,6856756
2026-09-04,7555,87.67,5,24834433
2026-09-04,7556,64.38,10,18799041
2026-09-04,7558,52.39,12,9758175
2026-09-04,7561,60.63,7,18244086
2026-09-04,7562,76.4,10,17405853
2026-09-04,7566,62.74,44,87715377
2026-09-04,7570,100.0,1,18588888
2026-09-04,7575,52.1,16,15635352
2026-09-04,7578,64.55,27,38796584
2026-09-04,7583,88.28,13,21720828
2026-09-04,7584,71.21000000000001,6,11726962
2026-09-04,7590,82.44,32,100912258
2026-09-04,7595,72.21,27,36452150
2026-09-04,7607,70.92,12,25997790
2026-09-04,7610,50.12,19,29384538
2026-09-04,7631,71.83,10,14470655
2026-09-04,7642,80.03,9,24130592
2026-09-04,7660,100.0,1,40644668
2026-09-04,7669,32.75,12,7210158
2026-09-04,7686,92.06,14,46138528
2026-09-04,7689,84.52,8,49458005
2026-09-04,7702,92.66,10,61163713
2026-09-04,7703,58.77,9,20431400
2026-09-04,7704,59.63,14,20142146
2026-09-04,7705,68.85,10,45494870
2026-09-04,7706,91.29,1,9129473
2026-09-04,7707,46.54,11,21279650
2026-09-04,7708,63.59,2,16218000
2026-09-04,7709,79.43,8,31065507
2026-09-04,7710,99.08,3,63325961
2026-09-04,7711,62.93000000000001,13,45138526
2026-09-04,7712,53.6,15,17458562
2026-09-04,7713,84.76,14,38560660
2026-09-04,7714,66.63,8,13995667
2026-09-04,7715,56.05,12,18369053
2026-09-04,7716,82.50999999999999,9,18570500
2026-09-04,7717,54.400000000000006,11,13513554
2026-09-04,7718,78.41,18,36356796
2026-09-04,7719,20.71,7,7463487
2026-09-04,7720,100.0,1,12470479
2026-09-04,7721,60.81,17,33677669
2026-09-04,7722,85.0,4,57988099
2026-09-04,7723,56.45,19,28018050
2026-09-04,7724,84.31,12,29835060
2026-09-04,7725,83.73,10,40471393
2026-09-04,7726,87.24000000000001,6,17716371
2026-09-04,7728,57.12,4,7915536
2026-09-04,7729,56.77,31,45822832
2026-09-04,7730,69.83,16,25702121
2026-09-04,7731,72.08999999999999,91,376419751
2026-09-04,7732,88.88999999999999,20,57512601
2026-09-04,7734,71.73,11,20088838
2026-09-04,7735,93.07,8,40330580
2026-09-04,7736,84.69,23,64379622
2026-09-04,7737,78.04,14,23228285
2026-09-04,7738,57.8,17,15818999
2026-09-04,7740,64.84,22,34507347
2026-09-04,7742,68.98,5,45922417
2026-09-04,7743,74.69,23,27259865
2026-09-04,7744,75.69,14,24288200
2026-09-04,7745,71.13,7,12769855
2026-09-04,7746,95.51,4,34542000
2026-09-04,7747,79.87,6,24097088
2026-09-04,7748,69.41,8,10066335
2026-09-04,7749,47.81,20,22236299
2026-09-04,7750,75.05000000000001,33,53926658
2026-09-04,7751,47.08,11,12664061
2026-09-04,7752,86.09,35,172230639
2026-09-04,7753,74.15,4,18541000
2026-09-04,7754,71.62,41,72469287
2026-09-04,7756,70.82000000000001,8,15075285
2026-09-04,7757,59.3,10,14293420
2026-09-04,7758,83.4,3,13428810
2026-09-04,7759,81.0,17,56989157
2026-09-04,7760,64.83,29,42830710
2026-09-04,7761,49.31,10,14258329
2026-09-04,7762,55.34,26,32155494
2026-09-04,7763,82.08000000000001,17,49269375
2026-09-04,7764,81.54,26,48933017
2026-09-04,7765,60.71,3,24700750
2026-09-04,7767,71.09,16,21403699
2026-09-04,7768,63.99,21,44852936
2026-09-04,7769,66.67,45,119992947
2026-09-04,7770,74.25999999999999,14,22327443
2026-09-04,7771,82.13,3,16439342
2026-09-04,7772,56.09,5,14864336
2026-09-04,7773,56.39,15,22513923
2026-09-04,7775,100.0,1,89500000
2026-09-04,7776,74.66,15,36670442
2026-09-04,7777,66.89,27,124853802
2026-09-04,7779,66.86,7,10768255
2026-09-04,7780,75.45,43,611416160
2026-09-04,7781,73.66,61,441854440
2026-09-04,7782,76.0,9,17644044
2026-09-04,7783,91.77,16,57311555
2026-09-04,7784,87.52000000000001,47,164226834
2026-09-04,7785,85.59,13,28540610
2026-09-04,7786,82.08,31,144463118
2026-09-04,7788,72.09,37,57508952
2026-09-04,7789,71.39,14,15126640
2026-09-04,7790,70.29,15,13066986
2026-09-04,7791,80.08,16,64081002
2026-09-04,7792,69.52,14,32443831
2026-09-04,7793,100.0,1,15397250
2026-09-04,7794,81.49,7,22820085
2026-09-04,7795,70.5,11,55590854
2026-09-04,7796,58.53,5,13444250
2026-09-04,7797,79.28,11,17640877
2026-09-04,7798,94.72,51,307054215
2026-09-04,7799,78.81,35,125921633
2026-09-04,7801,70.43,3,12890726
2026-09-04,7803,79.31,31,74905988
2026-09-04,7805,70.43,7,23333751
2026-09-04,7806,77.28,16,22607008
2026-09-04,7808,77.96,3,54579706
2026-09-04,7810,46.8,6,9480381
2026-09-04,7811,73.07000000000001,7,24397416
2026-09-04,7812,61.31999999999999,20,37057252
2026-09-04,7813,42.72,8,8212096
2026-09-04,7814,77.63,9,34943009
2026-09-04,7815,60.58,7,19982594
2026-09-04,7816,79.02000000000001,6,23143014
2026-09-04,7817,100.0,1,130000000
2026-09-04,7818,90.12,12,151368000
2026-09-04,7819,59.14,2,14941500
2026-09-04,7820,76.78999999999999,12,29009013
2026-09-04,7821,80.71,22,98427738
2026-09-04,7822,68.19,9,31080126
2026-09-04,7823,72.6,14,24318750
2026-09-04,7824,79.87,18,25034896
2026-09-04,7825,46.42,10,10735435
2026-09-04,7826,84.38,9,10127000
2026-09-04,7827,79.19,30,110866939
2026-09-04,7828,65.33,19,26482760
2026-09-04,7829,82.8,43,82320237
2026-09-04,7830,100.0,1,29800000
2026-09-04,7831,74.55,8,9993228
2026-09-04,7832,92.77,100,538220193
2026-09-04,7833,73.63,20,31676434
2026-09-04,7834,75.03,7,12364488
2026-09-04,7835,70.05,18,32613593
2026-09-04,7836,71.09,20,35198824
2026-09-04,7837,74.93,4,17088813
2026-09-04,7839,75.19,8,11352634
2026-09-04,7840,89.57,13,30456850
2026-09-04,7841,77.78,10,18825354
2026-09-04,7842,68.56,3,12516513
2026-09-04,7843,67.65,9,22627116
2026-09-04,7844,100.0,1,78681000
2026-09-04,7846,84.06,8,28934152
2026-09-04,7847,63.09,14,18300866
2026-09-04,7848,73.5,17,24534524
2026-09-04,7849,95.78,1,11391342
2026-09-04,7850,70.63,39,68989363
2026-09-04,7851,83.63,21,56623399
2026-09-04,7853,26.82,13,12759770
2026-09-04,7854,89.32,16,36003653
2026-09-04,7855,75.86,18,210401476
2026-09-04,7856,67.63,12,18385492
2026-09-04,7857,83.55,13,44700682
2026-09-04,7858,48.54,10,10796866
2026-09-04,7859,100.0,1,36200000
2026-09-04,7860,94.53,11,30252783
2026-09-04,7861,77.33,23,49971527
2026-09-04,7862,86.98,4,34795612
2026-09-04,7863,98.43,5,29533468
2026-09-04,7864,100.0,3,18355700
2026-09-04,7865,79.84,11,20065925
2026-09-04,7866,61.26,17,26456723
2026-09-04,7867,95.59,26,91787715
2026-09-04,7868,57.39,10,12768081
2026-09-04,7869,88.84,4,24203155
2026-09-04,7870,76.19,12,14022210
2026-09-04,7871,57.29,33,76956778
2026-09-04,7872,65.08,3,19525939
2026-09-04,7873,85.52,37,128207868
2026-09-04,7875,96.46,1,19292021
2026-09-04,7876,85.57,30,91932367
2026-09-04,7877,70.55,10,27417067
2026-09-04,7878,48.040000000000006,25,26979407
2026-09-04,7879,61.79,17,24721966
2026-09-04,7880,68.41,16,18132986
2026-09-04,7881,84.26,6,22751954
2026-09-04,7882,83.5,47,171443223
2026-09-04,7883,71.21000000000001,24,43436876
2026-09-04,7884,100.0,1,56000000
2026-09-04,7885,76.58,16,22366420
2026-09-04,7886,65.56,14,16378683
2026-09-04,7887,43.33,34,35424489
2026-09-04,7888,81.24000000000001,40,61138075
2026-09-04,7889,83.84,16,17426897
2026-09-04,7890,86.06,12,17904750
2026-09-04,7891,56.42,7,10963225
2026-09-04,7892,74.85,14,35116500
2026-09-04,7893,86.23,5,35186110
2026-09-04,7894,54.28,8,13030809
2026-09-04,7895,74.09,7,28745448
2026-09-04,7896,86.64,5,24176061
2026-09-04,7897,98.36,2,131427006
2026-09-04,7898,69.27,6,20813203
2026-09-04,7899,42.34,12,10289467
2026-09-04,7901,84.27000000000001,13,50572921
2026-09-04,7902,90.01,45,180621716
2026-09-04,7904,92.42,3,13865030
2026-09-04,7906,100.0,1,55775000
2026-09-04,7907,75.23,17,29637030
2026-09-04,7909,83.76,15,59138713
2026-09-04,7911,66.05000000000001,14,26424092
2026-09-04,7912,79.36,10,17612311
2026-09-04,7913,90.42,7,40821258
2026-09-04,7914,98.5,4,52061277
2026-09-04,7915,86.17,19,34558991
2026-09-04,7916,100.0,1,70000000
2026-09-04,7917,79.17,15,52979381
2026-09-04,7918,79.69,5,34350955
2026-09-04,7919,50.06,4,6358300
2026-09-04,7920,89.04,178,529012956
2026-09-04,7921,83.76,11,34186794
2026-09-04,7922,95.5,18,63205087
2026-09-04,7924,82.22,46,109844674
2026-09-04,7925,89.64,40,58825208
2026-09-04,7926,73.49000000000001,4,11027400
2026-09-04,7927,70.25,29,31411377
2026-09-04,7928,72.93,18,30292983
2026-09-04,7929,81.72,12,17713193
2026-09-04,7930,67.12,12,22662836
2026-09-04,7931,96.21,5,23707467
2026-09-04,7932,61.14,22,30576240
2026-09-04,7933,87.22,8,20558288
2026-09-04,7934,70.22,10,18281858
2026-09-04,7935,83.02000000000001,16,30721312
2026-09-04,7936,67.94,3,24490596
2026-09-04,7939,74.62,2,14612669
2026-09-04,7942,86.38,8,27448055
2026-09-04,7943,73.11,17,22413489
2026-09-04,7944,85.79,12,26395397
2026-09-04,7945,74.78999999999999,4,8634779
2026-09-04,7952,100.0,1,58550000
2026-09-04,8002,0.0,0,0
2026-09-04,8009,0.0,0,0
2026-09-04,8010,46.01,4,3068148
2026-09-04,8011,31.05,26,51560640
2026-09-04,8012,93.02,1,3534856
2026-09-04,8014,37.88,2,3344070
2026-09-04,8015,29.54,2,886424
2026-09-04,8016,45.6,52,54813772
2026-09-04,8018,21.62,1,746000
2026-09-04,8019,93.81,3,31800978
2026-09-04,8020,59.32,4,4902264
2026-09-04,8021,43.44,48,64026129
2026-09-04,8022,70.18,1,2105545
2026-09-04,8023,0.0,0,0
2026-09-04,8024,29.89,12,13507330
2026-09-04,8026,0.0,0,0
2026-09-04,8027,25.97,31,29399011
2026-09-04,8028,48.63,58,89897595
2026-09-04,8029,75.2,24,58687650
2026-09-04,8030,0.0,0,0
2026-09-04,8031,25.57,1,1150562
2026-09-04,8032,75.96,9,39360424
2026-09-04,8033,28.04,39,46184710
2026-09-04,8034,17.17,10,9727771
2026-09-04,8035,44.2,4,2964772
2026-09-04,8036,20.62,1,1579559
2026-09-04,8037,0.0,0,0
2026-09-04,8038,21.18,10,13200643
2026-09-04,8039,63.61,59,167898950
2026-09-04,8040,49.98,12,48210873
2026-09-04,8042,63.63,40,85199496
2026-09-04,8043,40.1,14,32044039
2026-09-04,8044,60.790000000000006,30,124530853
2026-09-04,8045,66.27,36,63001476
2026-09-04,8046,83.64,88,540552115
2026-09-04,8047,82.16,15,34236714
2026-09-04,8048,39.49,18,22799627
2026-09-04,8049,32.980000000000004,22,39033810
2026-09-04,8050,42.83,36,87924791
2026-09-04,8051,0.0,0,0
2026-09-04,8052,0.0,0,0
2026-09-04,8053,85.44,76,351941527
2026-09-04,8054,34.86,16,37926176
2026-09-04,8055,0.0,0,0
2026-09-04,8056,60.63,80,236538758
2026-09-04,8057,67.07,3,4255568
2026-09-04,8058,68.74000000000001,27,47313237
2026-09-04,8059,72.97999999999999,16,141680656
2026-09-04,8060,49.67,2,3022836
2026-09-04,8061,25.89,1,523331
2026-09-04,8062,0.0,0,0
2026-09-04,8064,43.91,39,81191806
2026-09-04,8065,37.58,3,1691650
2026-09-04,8066,38.04,12,13944473
2026-09-04,8067,81.35,9,16844083
2026-09-04,8068,61.53,16,49710004
2026-09-04,8069,75.22,295,869018901
2026-09-04,8070,73.6,104,534245997
2026-09-04,8071,31.77,12,19105320
2026-09-04,8072,60.24,10,48201597
2026-09-04,8073,0.0,0,0
2026-09-04,8074,38.260000000000005,22,33295880
2026-09-04,8076,34.45,65,100743245
2026-09-04,8077,82.07,4,18013206
2026-09-04,8080,84.73,5,56921645
2026-09-04,8081,36.23,21,31240858
2026-09-04,8082,71.71,22,76470102
2026-09-04,8083,56.29,13,19784047
2026-09-04,8084,61.93,22,43055695
2026-09-04,8085,40.95,27,57358709
2026-09-04,8086,45.73,36,89882729
2026-09-04,8087,57.72,21,22310912
2026-09-04,8088,17.81,6,10856448
2026-09-04,8089,40.9,7,27001737
2026-09-04,8091,45.66,22,26040964
2026-09-04,8092,61.08,25,34932759
2026-09-04,8093,67.55,7,38212529
2026-09-04,8094,43.02,10,7974559
2026-09-04,8095,51.29,6,4068255
2026-09-04,8096,45.18,30,67490118
2026-09-04,8097,72.69,21,43846594
2026-09-04,8098,57.36,8,7258806
2026-09-04,8099,82.13000000000001,19,82203753
2026-09-04,8101,81.4,3,42467584
2026-09-04,8102,39.54,10,9238932
2026-09-04,8103,49.05,30,38486872
2026-09-04,8104,33.49,7,34872401
2026-09-04,8105,63.73,41,281466148
2026-09-04,8106,60.81999999999999,3,2398312
2026-09-04,8107,53.8,20,40364131
2026-09-04,8108,0.0,0,0
2026-09-04,8109,53.49,34,43968794
2026-09-04,8110,50.56,42,261880510
2026-09-04,8111,38.43,29,41945089
2026-09-04,8112,40.56,93,229629493
2026-09-04,8112A,50.72,13,15223000
2026-09-04,8114,47.17,32,36230428
2026-09-04,8115,86.41,25,60501763
2026-09-04,8119,46.49,26,29612655
2026-09-04,8121,61.16,38,130324021
2026-09-04,8122,93.1,13,374716613
2026-09-04,8127,7.67,1,426795
2026-09-04,8130,70.92,21,33777755
2026-09-04,8131,71.2,27,315016841
2026-09-04,8143,0.0,0,0
2026-09-04,8147,45.34,14,19170966
2026-09-04,8150,61.62,146,434262821
2026-09-04,8152,100.0,1,54483000
2026-09-04,8155,47.830000000000005,17,30072383
2026-09-04,8157,78.64,2,21106644
2026-09-04,8162,74.78,27,51397229
2026-09-04,8163,45.42,43,127227356
2026-09-04,8171,61.15,27,69042329
2026-09-04,8172,0.0,0,0
2026-09-04,8176,33.34,19,23922157
2026-09-04,8182,66.63,12,71327793
2026-09-04,8183,47.71,17,57873158
2026-09-04,8197,84.91,4,52437254
2026-09-04,8201,58.06,16,36226010
2026-09-04,8204,0.0,0,0
2026-09-04,8210,66.66,28,83553291
2026-09-04,8213,50.66,84,137463763
2026-09-04,8215,53.05,28,170204510
2026-09-04,8218,0.0,0,0
2026-09-04,8219,0.0,0,0
2026-09-04,8221,0.0,0,0
2026-09-04,8222,36.43,13,24998265
2026-09-04,8225,79.64999999999999,4,17827859
2026-09-04,8227,26.17,7,10354894
2026-09-04,8234,55.14,37,77903134
2026-09-04,8240,53.45,20,53476756
2026-09-04,8249,57.59,18,79403532
2026-09-04,8255,51.620000000000005,17,52649000
2026-09-04,8259,0.0,0,0
2026-09-04,8261,42.47,14,50499723
2026-09-04,8264,0.0,0,0
2026-09-04,8271,42.72,24,55401439
2026-09-04,8272,38.04,6,7230785
2026-09-04,8276,48.36,2,1696622
2026-09-04,8277,20.99,12,19249574
2026-09-04,8279,60.22,5,16328737
2026-09-04,8281,44.49,8,13024976
2026-09-04,8284,64.4,19,30473589
2026-09-04,8286,0.0,0,0
2026-09-04,8287,70.24,1,17045992
2026-09-04,8289,42.870000000000005,16,29310446
2026-09-04,8291,71.89,3,12565803
2026-09-04,8297,92.95,1,13942779
2026-09-04,8298,81.52,3,20896844
2026-09-04,8299,39.21,66,86846208
2026-09-04,8307,99.42,6,125132412
2026-09-04,8325,0.0,0,0
2026-09-04,8329,90.96,36,255253001
2026-09-04,8341,49.11,16,63862018
2026-09-04,8342,72.32000000000001,9,24258472
2026-09-04,8345,83.65,15,50212159
2026-09-04,8349,71.22999999999999,37,148773369
2026-09-04,8349A,10.25,2,1025000
2026-09-04,8351,80.5,9,40256290
2026-09-04,8354,64.88,31,50970109
2026-09-04,8358,38.73,60,97874231
2026-09-04,8359,83.33999999999999,26,113779988
2026-09-04,8361,0.0,0,0
2026-09-04,8367,70.66,33,65149767
2026-09-04,8374,71.61999999999999,11,80411940
2026-09-04,8375,77.08,6,5671437
2026-09-04,8380,19.38,2,1381332
2026-09-04,8382,66.03,81,193227717
2026-09-04,8383,52.53999999999999,30,59790093
2026-09-04,8390,47.17,22,45362445
2026-09-04,8391,100.0,1,1230000000
2026-09-04,8401,63.13,22,44625118
2026-09-04,8403,38.03,21,52372814
2026-09-04,8404,78.87,67,331293284
2026-09-04,8409,48.7,9,15586369
2026-09-04,8410,56.93000000000001,11,20835040
2026-09-04,8411,81.84,32,178803218
2026-09-04,8415,93.07,135,960167025
2026-09-04,8416,77.13,7,21759704
2026-09-04,8419,53.22,11,15971100
2026-09-04,8421,69.41000000000001,18,44302210
2026-09-04,8422,38.35,135,521582134
2026-09-04,8423,63.67,14,26564311
2026-09-04,8424,60.56,7,21844824
2026-09-04,8426,74.85000000000001,6,37616241
2026-09-04,8427,0.0,0,0
2026-09-04,8429,42.16,26,78367868
2026-09-04,8431,28.51,13,13916192
2026-09-04,8432,61.52,4,23632118
2026-09-04,8433,67.53999999999999,17,36825400
2026-09-04,8435,41.14,13,14485736
2026-09-04,8436,37.16,32,43761324
2026-09-04,8437,41.89,19,19702306
2026-09-04,8438,77.63000000000001,20,54305734
2026-09-04,8440,32.72,7,16450538
2026-09-04,8442,71.68,24,50311683
2026-09-04,8443,69.27,24,46284138
2026-09-04,8444,85.93,33,107536645
2026-09-04,8446,51.17,15,27085807
2026-09-04,8450,58.33,14,29933338
2026-09-04,8452,100.0,1,42000000
2026-09-04,8454,81.22,18,215294966
2026-09-04,8455,89.89999999999999,3,22675306
2026-09-04,8458,73.63,25,26403048
2026-09-04,8462,66.14,21,53190870
2026-09-04,8463,82.21000000000001,28,123342219
2026-09-04,8464,87.12,92,255339744
2026-09-04,8465,58.22,4,4716647
2026-09-04,8466,77.08,27,61245779
2026-09-04,8467,82.0,21,39674914
2026-09-04,8472,63.04,3,11182000
2026-09-04,8473,68.11,19,126184413
2026-09-04,8475,100.0,1,109000000
2026-09-04,8476,71.2,52,119309394
2026-09-04,8477,83.49,5,70281395
2026-09-04,8478,75.66,12,71102800
2026-09-04,8479,62.09,7,12455493
2026-09-04,8481,66.5,24,44301813
2026-09-04,8482,95.21,18,102317548
2026-09-04,8485,96.18,2,1507916
2026-09-04,8487,55.91,9,14837813
2026-09-04,8488,87.17,18,64076860
2026-09-04,8489,56.61,14,33952179
2026-09-04,8490,45.34,12,10775695
2026-09-04,8491,0.0,0,0
2026-09-04,8492,92.97,12,30963129
2026-09-04,8495,92.59,6,117860132
2026-09-04,8496,87.42999999999999,12,31195288
2026-09-04,8499,79.88000000000001,12,32886600
2026-09-04,8707,0.0,0,0
2026-09-04,8708,43.72,31,85066108
2026-09-04,8710,28.89,29,33389572
2026-09-04,8712,76.11,266,615150657
2026-09-04,8718,35.39,20,34361789
2026-09-04,8719,86.77000000000001,136,569740952
2026-09-04,8720,56.85,19,50901853
2026-09-04,8721,0.0,0,0
2026-09-04,8722,62.7,15,33024900
2026-09-04,8723,50.7,31,53009099
2026-09-04,8724,40.69,6,8235520
2026-09-04,8725,32.36,23,36304616
2026-09-04,8905,92.47,26,110472249
2026-09-04,8906,55.46,15,24431095
2026-09-04,8908,88.97,46,280611571
2026-09-04,8916,66.36,47,99822366
2026-09-04,8916A,0.0,0,0
2026-09-04,8917,82.65,69,134461717
2026-09-04,8921,85.56,24,39872910
2026-09-04,8923,82.32,10,25009020
2026-09-04,8924,38.79,22,32522859
2026-09-04,8925,41.31,123,150924803
2026-09-04,8926,57.23,130,475334068
2026-09-04,8927,83.56,111,350280946
2026-09-04,8928,49.21,13,25037527
2026-09-04,8929,45.67,10,23110005
2026-09-04,8930,69.08,35,56525621
2026-09-04,8931,81.41,14,99542826
2026-09-04,8932,79.29,76,283924157
2026-09-04,8933,52.97,44,173151176
2026-09-04,8934,94.77,1,7555940
2026-09-04,8935,50.870000000000005,25,57749178
2026-09-04,8936,30.34,53,75317043
2026-09-04,8937,90.85,53,392320252
2026-09-04,8938,57.34,59,90032840
2026-09-04,8940,70.82,24,47810373
2026-09-04,8941,67.23,20,23514366
2026-09-04,8942,51.28999999999999,62,102014278
2026-09-04,8945,0.0,0,0
2026-09-04,8977,96.97,8,46355327
2026-09-04,8996,48.040000000000006,49,44996733
2026-09-04,8999,63.47,29,22854513
2026-09-04,9103,12.42,33,25585964
2026-09-04,910322,29.540000000000003,5,6137000
2026-09-04,9105,27.13,373,442090529
2026-09-04,910861,37.48,13,12851500
2026-09-04,9110,43.83,25,23899001
2026-09-04,911608,30.84,13,10561356
2026-09-04,911611,41.32,27,36504899
2026-09-04,911613,5.99,1,666001
2026-09-04,911622,52.27,9,15681000
2026-09-04,911868,36.08,37,50531000
2026-09-04,912000,34.43,50,54897803
2026-09-04,9136,67.42,33,89229277
2026-09-04,916665,0.0,0,0
2026-09-04,9801,69.33,40,274542253
2026-09-04,9802,64.74,62,130162528
2026-09-04,9902,56.96,22,55864657
2026-09-04,9904,68.1,453,2006963837
2026-09-04,9905,74.22,44,226427935
2026-09-04,9906,78.77,24,71208716
2026-09-04,9907,74.57000000000001,183,1177924434
2026-09-04,9908,80.5,110,415790464
2026-09-04,9910,88.76,91,876736827
2026-09-04,9911,67.78,57,150717295
2026-09-04,9912,62.43000000000001,18,33585326
2026-09-04,9914,66.58,90,199111041
2026-09-04,9917,76.77,96,346522114
2026-09-04,9918,85.01,50,153516301
2026-09-04,9919,46.05,29,90023949
2026-09-04,9921,69.26,123,271670017
2026-09-04,9922,69.34,59,149806112
2026-09-04,9924,61.08,45,92115646
2026-09-04,9925,68.67999999999999,91,266177593
2026-09-04,9926,83.81,52,150474266
2026-09-04,9927,58.89,18,70703514
2026-09-04,9928,75.17999999999999,15,53180688
2026-09-04,9929,88.05,19,89203628
2026-09-04,9930,77.72,17,193191413
2026-09-04,9931,78.03,26,93958127
2026-09-04,9933,62.56,162,591081479
2026-09-04,9934,67.35000000000001,84,276917436
2026-09-04,9935,62.66,70,111469916
2026-09-04,9936,29.04,22,30454155
2026-09-04,9937,89.26,69,275905038
2026-09-04,9938,54.1,80,161251926
2026-09-04,9939,63.03,91,186492980
2026-09-04,9940,81.63000000000001,73,601589844
2026-09-04,9941,70.42,61,405435913
2026-09-04,9941A,82.12,23,82137832
2026-09-04,9942,52.36,25,43557938
2026-09-04,9943,71.10000000000001,13,89019110
2026-09-04,9944,78.80000000000001,43,83476984
2026-09-04,9945,66.03,350,1878923361
2026-09-04,9946,81.60000000000001,38,266517994
2026-09-04,9947,0.0,0,0
2026-09-04,9948,0.0,0,0
2026-09-04,9949,72.94,17,32729042
2026-09-04,9950,83.74,26,140472530
2026-09-04,9951,46.51,20,34107102
2026-09-04,9952,0.0,0,0
2026-09-04,9953,0.0,0,0
2026-09-04,9955,61.63,22,64376754
2026-09-04,9956,0.0,0,0
2026-09-04,9957,96.05,73,3093807868
2026-09-04,9958,47.33,48,116891378
2026-09-04,9959,0.0,0,0
2026-09-04,9960,77.75,17,26125359
2026-09-04,9961,93.39,16,64543057
2026-09-04,9962,47.13,27,42538621
2026-09-04,9963,100.0,1,9900000000
2026-09-04,9964,100.0,1,75927625
2026-09-04,9965,0.0,0,0
2026-09-04,Y5810A,100.0,1,100560316
2026-09-04,YCJ1AA,100.0,1,25894736
2026-09-04,YEK9AA,0.0,0,0
2026-09-04,YEL5,100.0,1,110090000
2026-09-04,YEL9,100.0,1,40372420
2026-09-04,YEQ5,100.0,1,40100000
2026-09-04,YEQ6,100.0,1,25039250
2026-09-04,YEQ7,100.0,1,27459600
2026-09-04,YEQ8,100.0,1,25408000
2026-09-04,YEQ9,100.0,1,25590000
2026-09-04,YER1,100.0,1,120000000
2026-09-04,YER3,100.0,1,28354000
2026-09-04,YES7,100.0,1,1037885
2026-09-04,YES7AA,100.0,1,617228
2026-09-04,YES8,100.0,1,38789212
2026-09-04,YET2,100.0,1,14459620
2026-09-04,YET5,100.0,1,561151515
2026-09-04,YET6,100.0,1,19221059
2026-09-04,YET7,100.0,1,16648950
2026-09-04,YEU2,100.0,1,41587064
2026-09-04,YEU5,100.0,2,35745069
2026-09-04,YEU8,100.0,1,14520934
2026-09-04,YEV2,100.0,1,11997000
2026-09-04,YEV6,100.0,1,29842026
2026-09-04,YEV8,100.0,1,22004771
2026-09-04,YFA8,100.0,1,24000000
2026-09-04,YFB4,100.0,1,3000000
2026-09-04,YFC1,100.0,1,10000000
2026-09-04,YFC4,100.0,1,39536015
2026-09-04,YFC5,100.0,1,25200000
2026-09-04,YFC9,100.0,1,60000000
2026-09-04,YFD5,100.0,1,122526557
2026-09-04,YFE2,100.0,1,30000000
2026-09-04,YFE9,100.0,1,4185000
2026-09-04,YFF2,100.0,1,12605950
2026-09-04,YFF3,100.0,1,20000000
2026-09-04,YFF7,100.0,1,85766666
2026-09-04,YFG9,100.0,1,50200000
2026-09-04,YFJ1,100.0,1,21000000
2026-09-04,YFK1,100.0,1,319418495
2026-09-04,YFK2,100.0,1,9500000
2026-09-04,YFK4,100.0,1,35000000
2026-09-04,YFK8,100.0,1,7835403
2026-09-04,YFL7,100.0,1,169795723
2026-09-04,YFL9,100.0,1,44224000
2026-09-04,YFM1,100.0,1,467260000
2026-09-04,YFM2,100.0,1,49635902
2026-09-04,YFN3,0.0,0,0
2026-09-04,YFN5,100.0,1,41065428
2026-09-04,YFN6,100.0,1,3030000
2026-09-04,YFN9,100.0,1,27751204
2026-09-04,YFP5,100.0,1,22943000
2026-09-04,YFQ1,98.23,1,10836629
2026-09-04,YFQ3,100.0,1,29762500
2026-09-04,YFQ8,100.0,1,19682623
2026-09-04,YFR5,100.0,1,3500000
2026-09-04,YFR6,100.0,1,90000000
2026-09-04,YFR6AA,100.0,1,660000
2026-09-04,YFT2,100.0,1,91844901
2026-09-04,YFU5,100.0,1,189951703
2026-09-04,YFU6,88.00999999999999,10,20299022
2026-09-04,YFU7,100.0,1,7984526
2026-09-04,YG56AA,100.0,3,100000000
2026-09-04,YG83AE,100.0,1,1500000
2026-09-04,YGA1,100.0,1,48259363
2026-09-04,YGA5,100.0,1,32098300
2026-09-04,YGB1,0.0,0,0
2026-09-04,YGB2,99.19,1,6899576
2026-09-04,YGB6,100.0,1,2515000
2026-09-04,YGB7,100.0,1,12000000
2026-09-04,YGC3,100.0,1,32695408
2026-09-04,YGC5,100.0,1,108853500
2026-09-04,YGC6,100.0,1,60000000
2026-09-04,YGC7,100.0,1,13100000
2026-09-04,YGC8,100.0,1,13505258
2026-09-04,YGC9,100.0,1,6700000
2026-09-04,YGD3,100.0,1,110836800
2026-09-04,YGD6,100.0,1,29920000
2026-09-04,YGD7,100.0,1,14875000
2026-09-04,YGD9,100.0,1,28654707
2026-09-04,YGE1,100.0,1,287432769
2026-09-04,YGE2,100.0,1,545000
2026-09-04,YGE4,100.0,1,64910449
2026-09-04,YGE7,100.0,1,38860000
2026-09-04,YGE8,100.0,1,5070000
2026-09-04,YGE9,100.0,1,15250246
2026-09-04,YGF1,100.0,1,20393121
2026-09-04,YGG2,100.0,1,1000000
2026-09-04,YGG6,100.0,1,26000000
2026-09-04,YGG7,100.0,1,122220000
2026-09-04,YGG9,0.0,0,0
2026-09-04,YGH3,100.0,1,16000000
2026-09-04,YGH4,100.0,1,28918314
2026-09-04,YGH5,100.0,1,65200000
2026-09-04,YGJ1,100.0,1,31686700
2026-09-04,YGJ6,100.0,1,123729000
2026-09-04,YGK1,100.0,1,2000000
2026-09-04,YGK9,100.0,1,53000000
2026-09-04,YGL1,100.0,1,60660000
2026-09-04,YGL4,100.0,1,30000000
2026-09-04,YGL7,100.0,1,77235551
2026-09-04,YGL8,100.0,1,65520000
2026-09-04,YGM3,100.0,1,78973750
2026-09-04,YGM5,100.0,1,28575424
2026-09-04,YGM7,100.0,1,41937016
2026-09-04,YGN3,100.0,2,54675875
2026-09-04,YGN6,100.0,1,20683495
2026-09-04,YGN8,100.0,1,200000000
2026-09-04,YGP5,100.0,1,80000000
2026-09-04,YGP7,100.0,1,600000000
2026-09-04,YGQ2,100.0,1,3000000
2026-09-04,YGR2,100.0,1,4000000
2026-09-04,YGR3,100.0,1,20000000
2026-09-04,YGR9,100.0,1,23191320
2026-09-04,YGS2,100.0,1,10000000
2026-09-04,YGS5,100.0,1,6065000
2026-09-04,YGS5AA,100.0,1,437500
2026-09-04,YGS6,100.0,1,7008000
2026-09-04,YGS8,100.0,1,6188763
2026-09-04,YGS9,100.0,1,59437632
2026-09-04,YGT1,100.0,1,10009000
2026-09-04,YGT5,100.0,1,61047000
2026-09-04,YGT6,100.0,1,53640500
2026-09-04,YGU3,100.0,1,300000000
2026-09-04,YGU7,100.0,1,4898695
2026-09-04,YGU8,100.0,1,4788000
2026-09-04,YGV3,100.0,1,18050000
2026-09-04,YGV7,100.0,1,6000000
2026-09-04,YH12AA,100.0,1,31153147
2026-09-04,YHA5,100.0,2,194563302
2026-09-04,YHA7,100.0,1,11308000
2026-09-04,YHA9,100.0,1,38007675
2026-09-04,YHB2,100.0,1,18192198
2026-09-04,YHB4,100.0,1,34716000
2026-09-04,YHB7,100.0,1,10000000
2026-09-04,YHB8,100.0,1,17848705
2026-09-04,YHC2,100.0,2,172635000
2026-09-04,YHC7,100.0,1,20630325
2026-09-04,YHD1,100.0,1,8503492
2026-09-04,YHD3,100.0,1,151868752
2026-09-04,YHD4,100.0,1,14447252
2026-09-04,YHD5,100.0,1,27900000
2026-09-04,YHD6,100.0,1,6000000
2026-09-04,YHD8,100.0,1,7019910
2026-09-04,YHD9,100.0,1,1667647
2026-09-04,YHE1,100.0,1,30000000
2026-09-04,YHE4,100.0,1,6850000
2026-09-04,YHE5,100.0,1,56142869
2026-09-04,YHF4,96.6,1,38690000
2026-09-04,YHF9,100.0,1,3350000
2026-09-04,YHG1,100.0,1,27514706
2026-09-04,YHG4,100.0,1,14194594
2026-09-04,YHG5,100.0,1,130529137
2026-09-04,YHG5AA,100.0,1,24564339
2026-09-04,YHG6,100.0,1,27135568
2026-09-04,YHG8,100.0,1,9461256
2026-09-04,YHH1,100.0,1,147350000
2026-09-04,YHH7,100.0,1,36818000
2026-09-04,YHH8,100.0,1,13300000
2026-09-04,YHJ8,100.0,1,5600000
2026-09-04,YHJ9,100.0,1,11600000
2026-09-04,YHK1,100.0,1,500000
2026-09-04,YHK3,99.98,3,57709166
2026-09-04,YHK8,100.0,1,30831137
2026-09-04,YHK9,100.0,1,7880000
2026-09-04,YHL1,100.0,1,7307968
2026-09-04,YHL2,100.0,1,5557418
2026-09-04,YHL4,100.0,1,4250000
2026-09-04,YHL5,100.0,1,50000000
2026-09-04,YHL5AA,100.0,1,4752710
2026-09-04,YHL9,100.0,1,17500000
2026-09-04,YHM2,100.0,1,5275200
2026-09-04,YHM2AA,0.0,0,0
2026-09-04,YHN3,100.0,1,21988089
2026-09-04,YHN6,100.0,1,33007388
2026-09-04,YHP3,100.0,2,23800000
2026-09-04,YHP5,100.0,1,2009840
2026-09-04,YHP6,99.99,2,42661210
2026-09-04,YHQ2,100.0,1,5704112
2026-09-04,YHQ4,99.99,2,33601237
2026-09-04,YHQ6,100.0,1,31680036
2026-09-04,YHQ8,100.0,1,22575000
2026-09-04,YHQ8AA,100.0,1,4795000
2026-09-04,YHQ9,100.0,1,3460000
2026-09-04,YHR6,100.0,1,20300000
2026-09-04,YHR7,100.0,1,147500028
2026-09-04,YHR8,100.0,1,53921000
2026-09-04,YHR9,100.0,1,53025000
2026-09-04,YHS5,98.34,1,20447695
2026-09-04,YHS6,100.0,1,34604143
2026-09-04,YHS7,100.0,1,1088417
2026-09-04,YHS7AA,100.0,1,415000
2026-09-04,YHS7AB,0.0,0,0
2026-09-04,YHS8,100.0,1,24110000
2026-09-04,YHS9,100.0,1,20347059
2026-09-04,YHT1,100.0,1,9100000
2026-09-04,YHT2,100.0,1,16590000
2026-09-04,YHT4,100.0,1,30145637
2026-09-04,YHT7,100.0,1,268840332
2026-09-04,YHT8,100.0,1,80000000
2026-09-04,YHT9,100.0,2,280000000
2026-09-04,YHU2,100.0,1,100650000
2026-09-04,YHU4,95.34,7,221875188
2026-09-04,YHU5,100.0,1,13300000
2026-09-04,YHU6,100.0,1,100000000
2026-09-04,YHV1,100.0,1,14000000
2026-09-04,YHV4,100.0,1,25580000
2026-09-04,YHV6,100.0,1,53000000
2026-09-04,YHV7,100.0,1,100000000
2026-09-04,YHV8,100.0,1,6037463
2026-09-04,YHV9,100.0,1,76000000
2026-09-04,YJA1,100.0,1,4500000
2026-09-04,YJA2,100.0,1,14010000
2026-09-04,YJA6,100.0,1,230300000
2026-09-04,YJB1,100.0,1,13964141
2026-09-04,YJB4,100.0,1,1000000
2026-09-04,YJB5,99.99,2,22338495
2026-09-04,YJB6,100.0,1,25552716
2026-09-04,YJB8,100.0,1,15975000
2026-09-04,YJB9,100.0,2,20914390
2026-09-04,YJC3,100.0,1,881107
2026-09-04,YJC4,100.0,1,33941000
2026-09-04,YJC8,100.0,2,27875000
2026-09-04,YJD1,100.0,1,8895944
2026-09-04,YJD2,100.0,1,95000000
2026-09-04,YJD4,100.0,1,25000000
2026-09-04,YJD5,100.0,1,38172400
2026-09-04,YJD7,99.59,1,60000000
2026-09-04,YJD9,100.0,1,14143458
2026-09-04,YJE1,0.0,0,0
2026-09-04,YJE3,100.0,1,130629068
2026-09-04,YJE6,100.0,1,12822833
2026-09-04,YJE7,100.0,1,6192000
2026-09-04,YJE8,100.0,1,21700000
2026-09-04,YJE9,100.0,1,12000000
2026-09-04,YJF1,100.0,1,38419720
2026-09-04,YJF3,100.0,1,800000
2026-09-04,YJF4,100.0,1,16024360
2026-09-04,YJF6,100.0,2,17648862
2026-09-04,YJF7,100.0,1,188000000
2026-09-04,YJF8,100.0,1,20000000
2026-09-04,YJF9,100.0,1,30274000
2026-09-04,YJG1,100.0,1,23000000
2026-09-04,YJG4,99.99,1,272487267
2026-09-04,YJG5,100.0,1,11082068
2026-09-04,YJG9,100.0,1,359468221
2026-09-04,YJG9AA,100.0,1,10000000
2026-09-04,YJH3,100.0,1,39000000
2026-09-04,YJH4,99.92,1,22763000
2026-09-04,YJH5,100.0,1,74500000
2026-09-04,YJH9,100.0,1,14997030
2026-09-04,YJJ2,100.0,1,70000000
2026-09-04,YJJ3,100.0,1,25586505
2026-09-04,YJJ4,100.0,1,27091000
2026-09-04,YJJ5,100.0,1,38203689
2026-09-04,YJJ7,100.0,1,9088085
2026-09-04,YJJ9,100.0,1,10000000
2026-09-04,YJK1,0.0,0,0
2026-09-04,YJK1AA,100.0,1,704400
2026-09-04,YJK4,100.0,1,5000000
2026-09-04,YJK5,100.0,1,60815832
2026-09-04,YJK6,100.0,1,40921364
2026-09-04,YJL2,100.0,1,10000000
2026-09-04,YJL3,100.0,1,30000000
2026-09-04,YJL4,100.0,1,13822809
2026-09-04,YJL7,100.0,1,24000000
2026-09-04,YJL8,100.0,2,28150000
2026-09-04,YJL9,100.0,1,39473685
2026-09-04,YJM2,100.0,1,8674376
2026-09-04,YJM2AA,100.0,1,1145651
2026-09-04,YJM2AB,100.0,1,683334
2026-09-04,YJM2AC,100.0,1,556120
2026-09-04,YJM3,100.0,1,61825929
2026-09-04,YJM4,100.0,1,18000000
2026-09-04,YJM6,100.0,1,57005338
2026-09-04,YJM8,100.0,1,33200000
2026-09-04,YJM9,100.0,1,38834441
2026-09-04,YJN1,100.0,1,40000000
2026-09-04,YJN5,100.0,1,25580000
2026-09-04,YJN8,100.0,1,7279500
2026-09-04,YJP1,100.0,1,66773449
2026-09-04,YJP2,100.0,1,1761880
2026-09-04,YJP3,100.0,1,23660000
2026-09-04,YJP6,100.0,1,33272967
2026-09-04,YJP8,100.0,1,43445000
2026-09-04,YJP9,100.0,1,194621114
2026-09-04,YJQ2,100.0,1,18010816
2026-09-04,YJQ3,100.0,2,32710247
2026-09-04,YJQ4,100.0,1,19648000
2026-09-04,YJQ5,100.0,1,93759589
2026-09-04,YJQ8,100.0,1,34919024
2026-09-04,YJQ9,99.99,2,34824020
2026-09-04,YJR1,100.0,1,40396834
2026-09-04,YJR2,100.0,1,13394950
2026-09-04,YJR4,100.0,1,20236400
2026-09-04,YJR5,100.0,1,2755292
2026-09-04,YJR8,100.0,1,33300000
2026-09-04,YJR9,100.0,1,12118731
2026-09-04,YJS1,100.0,1,19635000
2026-09-04,YJS2,78.86,19,90793027
2026-09-04,YJS7,100.0,1,54000000
2026-09-04,YJS9,100.0,1,45695791
2026-09-04,YJT2,99.29,2,25824063
2026-09-04,YJT5,100.0,1,13255220
2026-09-04,YJT6,100.0,1,11309592
2026-09-04,YJU1,100.0,2,16702000
2026-09-04,YJU2,100.0,1,57476035
2026-09-04,YJU3,100.0,1,16765500
2026-09-04,YJU4,100.0,1,60000000
2026-09-04,YJU7,100.0,1,164544000
2026-09-04,YJU8,100.0,1,500000
2026-09-04,YJU9,99.59,2,52250000
2026-09-04,YJV1,100.0,1,100000000
2026-09-04,YJV6,100.0,1,19465149
2026-09-04,YJV8,100.0,1,37959172
2026-09-04,YJV9,100.0,1,54450000
2026-09-04,YKA1,98.98,2,16085000
2026-09-04,YKA4,100.0,1,39566759
2026-09-04,YKA6,100.0,1,9534003
2026-09-04,YKA7,99.99,3,9450000
2026-09-04,YKB1,100.0,1,17167043
2026-09-04,YKB1AA,100.0,1,1979120
2026-09-04,YKB2,100.0,1,471860000
2026-09-04,YKB3,100.0,1,6000000
2026-09-04,YKB4,100.0,1,69961000
2026-09-04,YKB6,100.0,1,58305925
2026-09-04,YKB8,100.0,1,11037349
2026-09-04,YKB9,100.0,1,1015000
2026-09-04,YKC3,100.0,1,7000000
2026-09-04,YKC6,100.0,1,23000000
2026-09-04,YKC9,100.0,1,23400000
2026-09-04,YKD3,100.0,2,14750000
2026-09-04,YKD5,100.0,1,23100000
2026-09-04,YKD7,100.0,1,119671125
2026-09-04,YKD7AA,100.0,1,10395453
2026-09-04,YKD8,100.0,1,33259407
2026-09-04,YKE1,99.69,1,79118444
2026-09-04,YKE2,100.0,1,12000000
2026-09-04,YKE3O,100.0,1,172232666
2026-09-04,YKE6,99.99,2,19927720
2026-09-04,YKE7,100.0,1,9752000
2026-09-04,YKE8,100.0,1,37701379
2026-09-04,YKF1,100.0,1,16378330
2026-09-04,YKF2,100.0,1,1144165
2026-09-04,YKF3,100.0,1,125572455
2026-09-04,YKF8,100.0,1,351929429
2026-09-04,YKF8AB,100.0,1,3333334
2026-09-04,YKG2,100.0,1,9100000
2026-09-04,YKG3,100.0,1,63649262
2026-09-04,YKG4,100.0,1,16598480
2026-09-04,YKG4AA,100.0,1,1000000
2026-09-04,YKG4AB,100.0,1,32996076
2026-09-04,YKG4AC,100.0,1,1110000
2026-09-04,YKG6,100.0,1,40000000
2026-09-04,YKG7,100.0,1,40840000
2026-09-04,YKG7AA,100.0,1,20000000
2026-09-04,YKG9,100.0,1,8973700
2026-09-04,YKH1,100.0,1,25000000
2026-09-04,YKH2,100.0,1,10974000
2026-09-04,YKH3,100.0,1,20000000
2026-09-04,YKH4,100.0,1,583487403
2026-09-04,YKH7,100.0,1,60000000
2026-09-04,YKH9,100.0,1,17660253
2026-09-04,YKJ1,100.0,1,30549211
2026-09-04,YKJ2,100.0,1,40000000
2026-09-04,YKJ4,100.0,1,33950000
2026-09-04,YKJ5,100.0,1,24488000
2026-09-04,YKK1,100.0,1,49800000
2026-09-04,YKK2,100.0,1,36810800
2026-09-04,YKK3,100.0,1,35000000
2026-09-04,YKK4,100.0,1,139917000
2026-09-04,YKL1,100.0,2,26503571
2026-09-04,YKM2,100.0,2,59264140
2026-09-04,YKM3,100.0,1,45000000
2026-09-04,YKM4,100.0,1,70000000
2026-09-04,YKM6,100.0,1,19942460
2026-09-04,YKM9,100.0,1,60000000
2026-09-04,YKN3,100.0,1,21522690
2026-09-04,YKN3AA,100.0,1,477310
2026-09-04,YKN5,100.0,1,131800000
2026-09-04,YKN6,99.99,2,37133142
2026-09-04,YKN7,100.0,1,27247461
2026-09-04,YKN9,100.0,1,1938600
2026-09-04,YKP1,100.0,1,56000000
2026-09-04,YKP3,100.0,1,17716384
2026-09-04,YKP4,100.0,1,144697958
2026-09-04,YKP5,100.0,1,6053000
2026-09-04,YKP6,100.0,1,35000000
2026-09-04,YKP8,100.0,1,19076521
2026-09-04,YKQ6,100.0,1,5000000
2026-09-04,YKQ7,100.0,1,28977401
2026-09-04,YKQ8,100.0,1,20000000
2026-09-04,YKQ9,100.0,1,18091773
2026-09-04,YKR2,100.0,1,27836000
2026-09-04,YKR6,100.0,1,22750000
2026-09-04,YKR8,100.0,1,48000000
2026-09-04,YKS1,100.0,1,70000000
2026-09-04,YKS3,100.0,1,17096104
2026-09-04,YKS4,100.0,1,1500000
2026-09-04,YKS5,100.0,1,9523656
2026-09-04,YKS6,100.0,1,126029200
2026-09-04,YKS7,98.47,2,33480000
2026-09-04,YKS9,100.0,3,20000000
2026-09-04,YKT1,99.4,2,46828078
2026-09-04,YKT5,100.0,1,12900000
2026-09-04,YKT6,100.0,1,6600000
2026-09-04,YKU1,100.0,1,62207923
2026-09-04,YKU2,100.0,1,11430000
2026-09-04,YKU4,100.0,1,9564943
2026-09-04,YKU5,100.0,1,10588166
2026-09-04,YKU7,100.0,1,25924950
2026-09-04,YKU8,100.0,1,20000000
2026-09-04,YKV1,100.0,1,12061000
2026-09-04,YKV2,100.0,2,27500000
2026-09-04,YKV5,100.0,1,24300000
2026-09-04,YKV6,100.0,1,50618600
2026-09-04,YKV7,100.0,1,12608613
2026-09-04,YKV8,100.0,1,48491777
2026-09-04,YLA1,100.0,1,26719500
2026-09-04,YLA4,100.0,1,160000000
2026-09-04,YLA5,100.0,1,20000000
2026-09-04,YLA6,99.99,2,73728000
2026-09-04,YLA7,100.0,1,34476000
2026-09-04,YLA8,100.0,1,78456000
2026-09-04,YLB1,100.0,1,2185000
2026-09-04,YLB2,100.0,1,136120000
2026-09-04,YLB3,100.0,1,68399409
2026-09-04,YLB4,100.0,1,16000000
2026-09-04,YLC1,100.0,1,48882151
2026-09-04,YLC2,100.0,1,746460000
2026-09-04,YLC5,100.0,1,16000000
2026-09-04,YLC6,100.0,1,15875000
2026-09-04,YLC7,100.0,2,25380000
2026-09-04,YLC8,100.0,1,8000000
2026-09-04,YLD1,100.0,1,26900000
2026-09-04,YLD2,100.0,1,226205940
2026-09-04,YLD3,100.0,1,16000000
2026-09-04,YLD5,100.0,1,6176526
2026-09-04,YLD6,100.0,1,35000000
2026-09-04,YLD7,100.0,1,35409182
2026-09-04,YLD8,100.0,1,33000000
2026-09-04,YLD9,100.0,1,17000000
2026-09-04,YLE2,100.0,1,47471904
2026-09-04,YLE3,100.0,1,3170000
2026-09-04,YLE5,100.0,1,22634294
2026-09-04,YLE6,100.0,1,4059764
2026-09-04,YLE7,99.6,2,99600000
2026-09-04,YLE8,100.0,1,24500000
2026-09-04,YLE9,100.0,1,15396727
2026-09-04,YLF1,100.0,1,6500000
2026-09-04,YLF2,100.0,1,9771559
2026-09-04,YLF2AA,100.0,1,2975873
2026-09-04,YLF2AB,100.0,1,1902363
2026-09-04,YLF2AC,100.0,1,5825766
2026-09-04,YLF2AD,100.0,1,4566807
2026-09-04,YLF3,100.0,1,86650000
2026-09-04,YLF4,100.0,1,17710000
2026-09-04,YLF5,100.0,1,82816443
2026-09-04,YLF6,100.0,1,40030000
2026-09-04,YLF7,100.0,1,18816698
2026-09-04,YLF8,100.0,1,20300000
2026-09-04,YLF9,100.0,1,40650000
2026-09-04,YLG1AA,100.0,1,2000000
2026-09-04,YLG2,100.0,1,459061829
2026-09-04,YLG5,100.0,1,31000000
2026-09-04,YLG6,100.0,1,7000000
2026-09-04,YLG7,100.0,1,15300000
2026-09-04,YLG8,100.0,1,20000000
2026-09-04,YLG9,100.0,1,23444566
2026-09-04,YLH2,100.0,1,94632000
2026-09-04,YLH3,100.0,1,15379321
2026-09-04,YLH4,100.0,1,5196144
2026-09-04,YLH5,99.99,2,24128000
2026-09-04,YLH6,100.0,1,4735164
2026-09-04,YLH7,100.0,1,16531250
2026-09-04,YLH8,100.0,1,17038735
2026-09-04,YLH9,100.0,1,26038930
2026-09-04,YLJ2,100.0,1,20000000
2026-09-04,YLJ3,100.0,2,33833334
2026-09-04,YLJ4,100.0,1,11944600
2026-09-04,YLJ6,100.0,1,200000000
2026-09-04,YLJ7,100.0,1,20000000
2026-09-04,YLJ8,100.0,1,65526193
2026-09-04,YLJ9,100.0,1,11105000
2026-09-04,YLK4,100.0,1,10000000
2026-09-04,YLK5,100.0,1,69300000
2026-09-04,YLK7,100.0,1,21000000
2026-09-04,YLK8,100.0,2,17934095
2026-09-04,YLK9,100.0,1,366000000
2026-09-04,YLL1,100.0,2,58824000
2026-09-04,YLL3,100.0,2,27500000
2026-09-04,YLL5,99.81,4,198652437
2026-09-04,YLL8,100.0,1,18900000
2026-09-04,YLM1,100.0,1,10000000
2026-09-04,YLM2,100.0,1,29000000
2026-09-04,YLM3,100.0,1,24000000
2026-09-04,YLM4,100.0,1,15859090
2026-09-04,YLM6,100.0,1,26000000
2026-09-04,YLM7,98.74,1,16232424
2026-09-04,YLN2,100.0,2,39000000
2026-09-04,YLN4,100.0,1,21000000
2026-09-04,YLN6,100.0,1,23344709
2026-09-04,YLN8,100.0,1,9500000
2026-09-04,YLN9,100.0,1,16361000
2026-09-04,YLP3,100.0,1,15500000
2026-09-04,YLP7,100.0,1,25000672
2026-09-04,YLP8,100.0,1,25248000
2026-09-04,YLQ1,100.0,1,14756880
2026-09-04,YLQ3,100.0,1,67000000
2026-09-04,YLQ5,100.0,1,83257235
2026-09-04,YLQ6,100.0,1,2900000
2026-09-04,YLQ7,100.0,1,2145580791
2026-09-04,YLQ9,100.0,2,140631513
2026-09-04,YLR1,100.0,1,16737425
2026-09-04,YLR2,100.0,1,947880
2026-09-04,YLR3,100.0,1,962585
2026-09-04,YLR6,100.0,1,9000000
2026-09-04,YLR8,0.0,0,0
2026-09-04,YLR9,100.0,1,21870000
2026-09-04,YLS1,100.0,1,53138600
2026-09-04,YLS4,100.0,1,117939975
2026-09-04,YLS6,99.87,2,15077650
2026-09-04,YLS8,100.0,1,42600000
2026-09-04,YLT2,100.0,1,1669410
2026-09-04,YLT3,99.99,2,20912040
2026-09-04,YLT4O,100.0,1,44490600
2026-09-04,YLT5,100.0,1,341590480
2026-09-04,YLT6,100.0,1,1423000
2026-09-04,YLT7,100.0,1,42595000
2026-09-04,YLT8,100.0,1,20640000
2026-09-04,YLT9,100.0,1,14418000
2026-09-04,YLU1,100.0,1,35000000
2026-09-04,YLU2,100.0,2,20000000
2026-09-04,YLU3,100.0,1,5300000
2026-09-04,YLU4,100.0,1,32307000
2026-09-04,YLU5,100.0,1,32156445
2026-09-04,YLU7,100.0,1,50000000
2026-09-04,YLU8,100.0,1,62500000
2026-09-04,YLV1,100.0,2,13098744
2026-09-04,YLV4,100.0,1,67786666
2026-09-04,YLV5,100.0,1,17668920
2026-09-04,YLV7,100.0,1,2900000
2026-09-04,YLV8,100.0,1,113521430
2026-09-04,YLV9,100.0,1,24462000
2026-09-04,YMA1,100.0,1,44200000
2026-09-04,YMA3,100.0,1,14700000
2026-09-04,YMA4,100.0,1,60363158
2026-09-04,YMA5,100.0,1,35000000
2026-09-04,YMA6,100.0,1,35363949
2026-09-04,YMA7,97.14,1,6805000
2026-09-04,YMA8,100.0,1,16103383
2026-09-04,YMA9,100.0,2,14330000
2026-09-04,YMB1,100.0,1,16144000
2026-09-04,YMB2,100.0,1,210000000
2026-09-04,YMB3,100.0,1,45000000
2026-09-04,YMB4,100.0,1,9407112
2026-09-04,YMB5,100.0,1,18173913
2026-09-04,YMB6,100.0,1,25000000
2026-09-04,YMB7,100.0,2,19500000
2026-09-04,YMB8,100.0,1,42130000
2026-09-04,YMB9,100.0,1,51342218
2026-09-04,YMC1,100.0,1,3570720
2026-09-04,YMC2,100.0,1,9670970
2026-09-04,YMC3,100.0,1,8265000
2026-09-04,YMC5,100.0,1,39533000
2026-09-04,YMC6,100.0,1,16500000
2026-09-04,YMC8,100.0,1,22596000
2026-09-04,YMC9,100.0,1,12000000
2026-09-04,YMD1,100.0,1,20000000
2026-09-04,YMD2,100.0,2,22035000
2026-09-04,YMD3,100.0,1,15500000
2026-09-04,YMD4,100.0,1,24354000
2026-09-04,YMD6,100.0,1,9000000
2026-09-04,YMD7,100.0,1,50500000
2026-09-04,YMD8,100.0,1,23000000
2026-09-04,YME2,100.0,1,45500000
2026-09-04,YME4,100.0,1,19737000
2026-09-04,YME5,100.0,1,66000000
2026-09-04,YME6,100.0,1,22874000
2026-09-04,YME7,100.0,1,14950000
2026-09-04,YME8,100.0,1,45700000
2026-09-04,YME9,100.0,1,15074046
2026-09-04,YMF1,100.0,1,16000000
2026-09-04,YMF2,100.0,1,17331300
2026-09-04,YMF3,100.0,1,46633350
2026-09-04,YMF4,100.0,1,156840000
2026-09-04,YMF6,100.0,1,20000000
2026-09-04,YMF7,100.0,1,20000000
2026-09-04,YMF8,100.0,1,33125908
2026-09-04,YMF9,100.0,1,17650000
2026-09-04,YMG1,100.0,1,19948896
2026-09-04,YMG2,100.0,1,17400000
2026-09-04,YMG3,100.0,1,21600000
2026-09-04,YMG4,99.99,2,22154118
2026-09-04,YMG5,100.0,1,8000000
2026-09-04,YMG6,100.0,1,62500000
2026-09-04,YMG7,99.45,4,18348000
2026-09-04,YMG8,100.0,1,46805175
2026-09-04,YMH1,99.99,2,21000000
2026-09-04,YMH3,100.0,1,121000000
2026-09-04,YMH4,100.0,1,82000000
2026-09-04,YMH6,100.0,1,16819007
2026-09-04,YMH7,100.0,1,10300000
2026-09-04,YMH8,100.0,1,18540000
2026-09-04,YMH9,100.0,1,24878000
2026-09-04,YMJ1,100.0,1,15080305
2026-09-04,YMJ3,99.99,2,25300000
2026-09-04,YMK3,100.0,1,62500000
2026-09-04,YMK5,100.0,1,3000000
2026-09-04,YMK9,100.0,1,38611270
2026-09-04,YML9,0.0,0,0
2026-09-04,YQ19AA,100.0,1,20000000
2026-09-04,YQ19AB,100.0,1,1369202
2026-09-04,YR43,100.0,1,2896811863
2026-09-04,YY0005,0.0,0,0
2026-09-04,YY0008,0.0,0,0
2026-09-04,YY0014,0.0,0,0
2026-09-04,YY0016,0.0,0,0
2026-09-04,YY0024,0.0,0,0
2026-09-04,YY0027,12.98,10,9123076
2026-09-04,YY0028,39.81,58,98518663
2026-09-04,YY0029,30.67,8,11969143
2026-09-04,YY0030,52.22,25,32768931
2026-09-04,YY0031,0.0,0,0
2026-09-04,YY0032,0.0,0,0
2026-09-04,YY0033,18.08,4,3676836
2026-09-04,YY0034,0.0,0,0
2026-09-04,YY0035,36.5,50,86522242
2026-09-04,YY0036,0.0,0,0
2026-09-04,YY0037,85.38999999999999,21,68724916
2026-09-04,YY0038,26.72,1,716500
2026-09-04,YY0039,81.36999999999999,56,204148345
2026-09-04,YY0040,44.28,13,32376446
2026-09-04,YY0041,79.99000000000001,55,223817029
2026-09-04,YY0042,14.33,10,10156111
2026-09-04,YY0043,6.32,4,2540762
2026-09-04,YY0044,19.02,48,84680115
2026-09-04,YY0045,0.0,0,0
2026-09-04,YY0046,32.35,151,178715437
2026-09-04,YY0047,31.6,284,338287670
2026-09-04,YY0048,49.37,27,48793155
2026-09-04,YY0049,26.31,7,10249970
2026-09-04,YY0050,21.58,50,51049496
2026-09-04,YY0051,33.78,17,26235809
2026-09-04,YY0052,69.16,68,139963297
2026-09-04,YY0053,46.78,45,113073961
2026-09-04,YY0054,46.92,29,50185694
2026-09-04,YY0055,46.68,56,57956400
2026-09-04,YY0056,51.38,8,10169498
2026-09-04,YY0057,56.92999999999999,40,84325259
2026-09-04,YY0058,35.86,18,20720392
2026-09-04,YY0059,21.48,6,4849424
2026-09-04,YY0060,13.47,2,1324549
2026-09-04,YY0061,22.65,16,12073191
2026-09-04,YY0062,23.64,71,75882846
2026-09-04,YY0063,2.86,1,579237
2026-09-04,YY0064,63.77,30,62309391
2026-09-04,YY0065,28.3,56,62290744
2026-09-04,YY0066,30.12,79,99996112
2026-09-04,YY0067,29.6,49,45329569
2026-09-04,YY0068,23.43,66,95131882
2026-09-04,YY0069,0.0,0,0
2026-09-04,YY0070,33.980000000000004,85,109784043
2026-09-04,YY0071,18.86,11,15233760
2026-09-04,YY0072,18.32,8,5043936
2026-09-04,YY0073,35.78,16,13112547
2026-09-04,YY0074,17.689999999999998,22,18449061
2026-09-04,YY0075,10.31,3,1694954
2026-09-04,YY0076,0.0,0,0
2026-09-04,YY0077,0.0,0,0
2026-09-04,YY0078,0.0,0,0
2026-09-04,YY0079,0.0,0,0
2026-09-04,YY0080,0.0,0,0
2026-09-11,000218,100.0,1,422278902
2026-09-11,000560,100.0,1,29700000
2026-09-11,000708,100.0,1,20200000
2026-09-11,000779,100.0,1,1150000000
2026-09-11,000815,100.0,1,2505407068
2026-09-11,000856,100.0,1,323400000
2026-09-11,00400A,16.759999999999998,204,318668694
2026-09-11,00401A,22.76,32,54187366
2026-09-11,00402A,21.16,102,149508343
2026-09-11,00403A,16.689999999999998,1685,2538912022
2026-09-11,00404A,10.64,39,37767000
2026-09-11,00405A,19.39,425,606752349
2026-09-11,00406A,22.64,841,848646563
2026-09-11,00407A,24.92,355,644497495
2026-09-11,00408A,30.71,33,45366811
2026-09-11,00409A,41.2,488,761850795
2026-09-11,00410A,32.87,29,51430753
2026-09-11,00411A,30.8,108,183056649
2026-09-11,0050,26.04,909,5748750215
2026-09-11,0051,11.07,4,2715037
2026-09-11,0052,20.81,158,533132772
2026-09-11,0053,51.88,4,5182000
2026-09-11,0055,41.78,17,35380052
2026-09-11,0056,11.58,724,1631479537
2026-09-11,0057,0.0,0,0
2026-09-11,0061,33.03,22,31768558
2026-09-11,006201,48.49,8,11133675
2026-09-11,006203,74.49,5,7612658
2026-09-11,006204,0.0,0,0
2026-09-11,006205,45.68,26,42703214
2026-09-11,006206,21.22,4,5685130
2026-09-11,006207,13.53,5,2829004
2026-09-11,006208,10.4,58,193995327
2026-09-11,00625K,0.0,0,0
2026-09-11,00631L,30.14,1471,2124032085
2026-09-11,00632R,46.41,875,1303272074
2026-09-11,00633L,34.45,37,40845205
2026-09-11,00634R,53.57,14,22916815
2026-09-11,00635U,20.32,33,62777525
2026-09-11,00636,21.130000000000003,19,19851049
2026-09-11,00636K,0.0,0,0
2026-09-11,00637L,56.79,276,422514191
2026-09-11,00638R,52.83,8,12130633
2026-09-11,00639,25.04,21,24032403
2026-09-11,00640L,26.51,3,1702520
2026-09-11,00641R,58.24,32,52585047
2026-09-11,00642U,42.37,12,25776658
2026-09-11,00643,40.42,21,29321461
2026-09-11,00643K,0.0,0,0
2026-09-11,00645,24.31,10,10457052
2026-09-11,00646,44.03,72,278925544
2026-09-11,00647L,30.66,1,1967448
2026-09-11,00648R,46.85,39,66881457
2026-09-11,00650L,49.27,40,47481637
2026-09-11,00651R,69.07,15,22244117
2026-09-11,00652,30.66,14,18726140
2026-09-11,00653L,10.44,1,1347848
2026-09-11,00654R,55.98,9,10899753
2026-09-11,00655L,28.8,19,16700769
2026-09-11,00656R,75.78999999999999,14,15433938
2026-09-11,00657,9.73,1,592319
2026-09-11,00657K,0.0,0,0
2026-09-11,00660,16.18,2,1057000
2026-09-11,00661,17.28,5,4051565
2026-09-11,00662,37.65,99,344935460
2026-09-11,00663L,28.51,21,40561119
2026-09-11,00664R,57.95,409,512677397
2026-09-11,00665L,57.4,153,231967411
2026-09-11,00666R,79.21,6,9604275
2026-09-11,00668,31.96,2,2391633
2026-09-11,00668K,0.0,0,0
2026-09-11,00669R,45.4,62,90900214
2026-09-11,00670L,13.19,8,10187930
2026-09-11,00671R,68.62,209,348610858
2026-09-11,00673R,44.14,297,406582997
2026-09-11,00674R,46.3,4,6677408
2026-09-11,00675L,23.0,12,25634099
2026-09-11,00676R,47.29,78,95030610
2026-09-11,00678,27.77,5,2485000
2026-09-11,00679B,42.69,696,2648156460
2026-09-11,00680L,53.67,506,772271041
2026-09-11,00681R,90.51,6,6874756
2026-09-11,00682U,77.86,4,5952734
2026-09-11,00683L,67.46000000000001,6,7714058
2026-09-11,00684R,81.21,6,7868258
2026-09-11,00685L,32.18,1468,1775236020
2026-09-11,00686R,66.49000000000001,117,177068191
2026-09-11,00687B,42.37,557,1797201701
2026-09-11,00687C,93.67,1,1819400
2026-09-11,00688L,49.48,208,304975692
2026-09-11,00689R,87.4,5,6021920
2026-09-11,00690,13.73,13,11534151
2026-09-11,00692,16.87,33,103551631
2026-09-11,00693U,41.86,19,28752418
2026-09-11,00694B,63.33,7,17467000
2026-09-11,00695B,73.81,8,29665423
2026-09-11,00696B,83.23,28,514146809
2026-09-11,00697B,23.34,11,15351867
2026-09-11,00700,11.64,5,3668156
2026-09-11,00701,6.73,12,11375555
2026-09-11,00702,55.07,5,3684168
2026-09-11,00703,26.59,4,2540835
2026-09-11,00706L,32.89,31,41557317
2026-09-11,00707R,95.94,5,5618747
2026-09-11,00708L,29.68,29,45311397
2026-09-11,00709,36.29,9,5250507
2026-09-11,00710B,81.78999999999999,7,147033830
2026-09-11,00711B,99.33,5,866080975
2026-09-11,00712,32.230000000000004,1230,1731762645
2026-09-11,00713,22.48,77,379401488
2026-09-11,00714,46.48,12,9329969
2026-09-11,00715L,57.88,16,43540316
2026-09-11,00717,27.56,26,32986521
2026-09-11,00719B,30.24,52,94104819
2026-09-11,00720B,65.76,301,2648861874
2026-09-11,00722B,89.91,49,1314405627
2026-09-11,00723B,99.74,14,1516832209
2026-09-11,00724B,97.63,32,2952265383
2026-09-11,00725B,82.01,154,3024176282
2026-09-11,00726B,97.99,17,1163785989
2026-09-11,00727B,90.0,6,51475318
2026-09-11,00728,3.9,2,1540391
2026-09-11,00730,16.27,9,11247942
2026-09-11,00731,12.92,4,2599859
2026-09-11,00733,13.14,6,8283032
2026-09-11,00734B,82.55,2,20623000
2026-09-11,00735,22.74,20,27256421
2026-09-11,00736,72.84,6,4900325
2026-09-11,00737,15.21,4,3430793
2026-09-11,00738U,19.630000000000003,43,47226340
2026-09-11,00739,38.44,9,9609491
2026-09-11,00740B,96.68,46,2118509505
2026-09-11,00741B,49.42,3,6490928
2026-09-11,00746B,99.56,27,2539782855
2026-09-11,00749B,99.75,7,1107810000
2026-09-11,00750B,99.73,4,147617234
2026-09-11,00751B,75.59,326,3951347518
2026-09-11,00752,30.68,31,78988552
2026-09-11,00753L,49.39,245,328346179
2026-09-11,00754B,99.75,14,1300670000
2026-09-11,00755B,97.59,7,273500000
2026-09-11,00756B,97.62,19,1284226878
2026-09-11,00757,30.74,30,82422186
2026-09-11,00758B,90.49,1,5000000
2026-09-11,00759B,98.89,1,47000000
2026-09-11,00760B,99.16,6,431371987
2026-09-11,00761B,98.54,29,2695472339
2026-09-11,00762,18.21,6,8524287
2026-09-11,00763U,53.290000000000006,12,21889273
2026-09-11,00764B,94.06,31,1452114501
2026-09-11,00768B,98.23,27,777231528
2026-09-11,00770,12.55,8,10548891
2026-09-11,00771,15.23,2,2167302
2026-09-11,00772B,80.47,142,2705534272
2026-09-11,00773B,95.63,42,2480823079
2026-09-11,00775B,99.66,7,231330000
2026-09-11,00777B,99.92,14,2075360000
2026-09-11,00778B,99.94,11,1521482512
2026-09-11,00779B,99.6,9,1292568158
2026-09-11,00780B,97.39,9,239697772
2026-09-11,00781B,24.16,2,2015000
2026-09-11,00782B,22.450000000000003,4,4599281
2026-09-11,00783,10.28,1,723414
2026-09-11,00785B,99.83,11,1061784452
2026-09-11,00786B,28.9,6,5655526
2026-09-11,00787B,41.3,5,4877428
2026-09-11,00788B,26.72,7,6604305
2026-09-11,00789B,99.38,11,452790000
2026-09-11,00791B,99.68,6,280204000
2026-09-11,00792B,99.87,15,2314773650
2026-09-11,00793B,23.2,1,470182
2026-09-11,00795B,55.28,140,837569613
2026-09-11,00799B,25.48,8,6636322
2026-09-11,00830,21.89,62,188800121
2026-09-11,00834B,94.36,4,21890000
2026-09-11,00836B,99.6,13,628578204
2026-09-11,00840B,99.27,3,59000000
2026-09-11,00841B,99.43,5,70047000
2026-09-11,00842B,42.36,6,9012000
2026-09-11,00844B,99.21,5,211504000
2026-09-11,00845B,99.59,4,236105065
2026-09-11,00846B,98.18,2,73000000
2026-09-11,00847B,24.23,1,922000
2026-09-11,00848B,99.53,3,135436000
2026-09-11,00849B,99.84,6,485399213
2026-09-11,00850,18.06,32,75300871
2026-09-11,00851,27.87,1,1540000
2026-09-11,00852L,61.11,2,5112664
2026-09-11,00853B,91.04,10,162196524
2026-09-11,00856B,58.39,2,3966792
2026-09-11,00857B,59.63,68,359023627
2026-09-11,00858,15.29,13,18043302
2026-09-11,00859B,24.33,8,8034621
2026-09-11,00860B,0.0,0,0
2026-09-11,00861,5.68,4,3952260
2026-09-11,00862B,98.29,10,864368167
2026-09-11,00863B,99.5,8,509431000
2026-09-11,00864B,34.39,24,37420845
2026-09-11,00865B,30.24,55,95560314
2026-09-11,00867B,99.72,9,563570000
2026-09-11,00870B,99.61,9,561973476
2026-09-11,00875,17.94,3,2690650
2026-09-11,00876,27.14,10,25669598
2026-09-11,00877,17.490000000000002,28,28661711
2026-09-11,00878,11.26,863,2119239273
2026-09-11,00881,16.02,125,476641957
2026-09-11,00882,26.770000000000003,387,528881849
2026-09-11,00884B,98.77,4,74514535
2026-09-11,00885,17.29,88,102694102
2026-09-11,00886,13.23,1,589000
2026-09-11,00887,30.61,116,138521777
2026-09-11,00888,11.81,29,76213111
2026-09-11,00890B,73.57000000000001,3,13439305
2026-09-11,00891,14.57,105,277013504
2026-09-11,00892,17.96,27,58112065
2026-09-11,00893,8.530000000000001,21,30545467
2026-09-11,00894,12.98,11,19178083
2026-09-11,00895,10.16,8,14652331
2026-09-11,00896,7.7,23,34715832
2026-09-11,00897,22.47,25,30589405
2026-09-11,00898,21.41,26,24750507
2026-09-11,00899,5.67,1,916075
2026-09-11,00900,14.97,86,228897326
2026-09-11,00901,13.56,10,8472190
2026-09-11,00902,17.07,29,38098902
2026-09-11,00903,10.38,5,4859497
2026-09-11,00904,13.34,19,20984678
2026-09-11,00905,7.92,19,28545466
2026-09-11,00907,11.64,13,17287418
2026-09-11,00908,37.16,9,12792600
2026-09-11,00909,14.47,12,15021896
2026-09-11,00910,8.73,10,9976942
2026-09-11,00911,15.24,4,4941486
2026-09-11,00912,22.12,8,12890933
2026-09-11,00913,21.950000000000003,6,12682577
2026-09-11,00915,16.88,37,85606025
2026-09-11,00916,14.38,15,14894592
2026-09-11,00917,12.27,11,7558344
2026-09-11,00918,11.08,235,434545013
2026-09-11,00919,10.87,1068,2020390514
2026-09-11,00920,23.05,5,4678724
2026-09-11,00921,6.880000000000001,4,3810848
2026-09-11,00922,31.57,108,675368228
2026-09-11,00923,15.169999999999998,45,144841116
2026-09-11,00924,22.21,26,96701349
2026-09-11,00926,56.63,12,58904294
2026-09-11,00927,13.259999999999998,81,180237859
2026-09-11,00928,22.22,11,9752832
2026-09-11,00929,9.6,228,496456089
2026-09-11,00930,6.01,7,7888672
2026-09-11,00931B,76.77,101,1724148566
2026-09-11,00932,10.81,9,11840042
2026-09-11,00933B,76.06,455,4959208984
2026-09-11,00934,11.58,24,49490133
2026-09-11,00935,23.82,54,208854650
2026-09-11,00936,9.97,7,19243791
2026-09-11,00937B,60.64,3228,10357730012
2026-09-11,00938,46.11,9,46129373
2026-09-11,00939,7.140000000000001,49,83332405
2026-09-11,00940,12.27,389,635794583
2026-09-11,00941,13.32,35,60654635
2026-09-11,00942B,89.84,67,1827915243
2026-09-11,00943,30.93,5,12498392
2026-09-11,00944,9.38,6,4986009
2026-09-11,00945B,40.9,137,340213791
2026-09-11,00946,19.25,31,84971835
2026-09-11,00947,23.24,33,64513866
2026-09-11,00948B,80.95,313,3224826970
2026-09-11,00949,20.22,27,33879542
2026-09-11,00950B,90.93,146,3739344427
2026-09-11,00951,28.56,35,66885607
2026-09-11,00952,13.22,27,32804460
2026-09-11,00953B,52.98,1392,2439202546
2026-09-11,00954,22.44,18,27787552
2026-09-11,00955,31.47,64,154576267
2026-09-11,00956,21.66,6,7181408
2026-09-11,00957B,50.54,30,95170496
2026-09-11,00958B,21.36,24,25708936
2026-09-11,00959B,48.46,82,247368118
2026-09-11,00960,18.1,7,10592315
2026-09-11,00961,8.96,96,81219784
2026-09-11,00962,15.3,11,13472700
2026-09-11,00963,27.36,22,31604332
2026-09-11,00964,19.51,14,13008480
2026-09-11,00965,45.72,43,197370004
2026-09-11,00966B,37.41,18,44072673
2026-09-11,00967B,70.49000000000001,34,127900164
2026-09-11,00968B,68.64999999999999,101,544913354
2026-09-11,00969B,68.2,44,100704299
2026-09-11,00970B,60.15,60,235383594
2026-09-11,00971,17.56,9,9698571
2026-09-11,00972,33.11,2,5024395
2026-09-11,009800,28.47,49,86744066
2026-09-11,009801,20.58,18,19590598
2026-09-11,009802,20.72,52,117951322
2026-09-11,009803,9.45,20,21287688
2026-09-11,009804,10.72,15,15927710
2026-09-11,009805,20.15,71,123811028
2026-09-11,009806,58.27,6,7961549
2026-09-11,009807,57.940000000000005,8,8264704
2026-09-11,009808,10.48,4,4090636
2026-09-11,009809,37.29,7,11885761
2026-09-11,00980A,25.52,54,204047893
2026-09-11,00980B,46.97,14,25168619
2026-09-11,00980D,37.6,25,37233364
2026-09-11,00980T,53.53,9,40119887
2026-09-11,009810,33.87,5,6489237
2026-09-11,009811,16.689999999999998,38,39168868
2026-09-11,009812,36.9,22,34109499
2026-09-11,009813,23.67,48,78019058
2026-09-11,009814,19.93,19,30431986
2026-09-11,009815,21.71,59,93063769
2026-09-11,009816,20.17,1456,2414128703
2026-09-11,009817,24.74,49,54935814
2026-09-11,009818,6.23,3,2879984
2026-09-11,009819,12.86,56,78023035
2026-09-11,00981A,20.68,950,1965736020
2026-09-11,00981B,51.06,543,786990590
2026-09-11,00981D,44.35,158,230188974
2026-09-11,00981T,35.77,67,89915973
2026-09-11,009820,38.2,222,428514237
2026-09-11,009821,11.27,42,58307726
2026-09-11,009822,14.47,10,10663862
2026-09-11,009823,17.37,34,60983692
2026-09-11,009824,15.010000000000002,71,79977436
2026-09-11,009825,13.1,20,15773897
2026-09-11,009826,24.55,151,188491489
2026-09-11,009827,14.25,32,28946000
2026-09-11,009828,20.18,64,137678948
2026-09-11,009829,44.73,67,134656398
2026-09-11,00982A,14.15,168,316308345
2026-09-11,00982B,60.870000000000005,6,15768000
2026-09-11,00982D,36.16,21,27752688
2026-09-11,00982T,24.8,5,4117984
2026-09-11,00983A,22.89,14,18713010
2026-09-11,00983B,55.9,8,13784249
2026-09-11,00983D,29.41,37,30662760
2026-09-11,00984A,15.86,43,100374465
2026-09-11,00984B,36.35,27,44901988
2026-09-11,00984D,44.89,403,512379029
2026-09-11,00985A,17.0,39,77338066
2026-09-11,00985B,59.11,197,426607714
2026-09-11,00985D,56.93,26,61077049
2026-09-11,00986A,18.58,6,7401891
2026-09-11,00986B,79.24,6,16453805
2026-09-11,00986D,51.23,42,74653315
2026-09-11,00987A,15.53,17,24133626
2026-09-11,00987B,54.33,25,38760716
2026-09-11,00987D,74.88000000000001,13,71164528
2026-09-11,00988A,18.63,369,599702681
2026-09-11,00988B,28.97,41,46767735
2026-09-11,00989A,15.760000000000002,8,10591001
2026-09-11,00989B,37.07,28,36515129
2026-09-11,00990A,34.18,404,824393945
2026-09-11,00990B,40.97,17,36406305
2026-09-11,00991A,20.63,451,925322693
2026-09-11,00991B,98.34,13,255070971
2026-09-11,00992A,17.6,228,401028618
2026-09-11,00993A,20.88,97,157484294
2026-09-11,00994A,18.33,33,49851517
2026-09-11,00995A,15.62,28,42688984
2026-09-11,00996A,20.99,32,60797510
2026-09-11,00997A,17.16,154,197324715
2026-09-11,00998A,35.43,28,92204739
2026-09-11,00999A,10.18,83,102276844
2026-09-11,01001T,93.28,61,543893398
2026-09-11,01002T,93.68,112,1305229000
2026-09-11,01004T,93.97,82,686409428
2026-09-11,01007T,92.81,82,668405980
2026-09-11,01009T,90.2,61,270651019
2026-09-11,01010T,98.73,80,2279414865
2026-09-11,1101,55.25,858,4158260616
2026-09-11,1101B,94.06,22,188156651
2026-09-11,1102,81.78999999999999,331,2901056017
2026-09-11,1103,80.27,134,668663661
2026-09-11,1104,73.48,112,504687738
2026-09-11,1107,99.7,1,10069897
2026-09-11,1108,78.57000000000001,67,318119043
2026-09-11,1109,79.75999999999999,71,272187661
2026-09-11,1110,94.2,60,538910435
2026-09-11,1113O,0.0,0,0
2026-09-11,1113R,0.0,0,0
2026-09-11,1201,63.83,66,323136799
2026-09-11,1203,90.93,50,218292276
2026-09-11,1204,45.75,6,8406600
2026-09-11,1207,77.29,48,358798183
2026-09-11,1210,65.09,131,582620804
2026-09-11,1212,44.25,45,77057823
2026-09-11,1213,81.89,13,46382283
2026-09-11,1215,56.45,32,166461553
2026-09-11,1216,89.63,759,5094062823
2026-09-11,1217,61.7,130,305281522
2026-09-11,1218,67.17,65,335977372
2026-09-11,1219,64.15,77,218989639
2026-09-11,1220,67.88,47,120244341
2026-09-11,1221,34.2,22,32505214
2026-09-11,1224,88.36,20,63549161
2026-09-11,1225,89.43,39,216691865
2026-09-11,1227,67.23,74,615408353
2026-09-11,1228,38.0,5,4223807
2026-09-11,1229,66.13,175,1211742605
2026-09-11,1231,64.84,27,212907990
2026-09-11,1232,73.51,10,117606625
2026-09-11,1233,75.8,27,68695554
2026-09-11,1234,83.04,136,333818712
2026-09-11,1235,96.36,15,181719811
2026-09-11,1236,83.61,23,72478646
2026-09-11,1238,11.73,4,3516000
2026-09-11,1240,69.69,25,30831804
2026-09-11,1256,59.9,10,21439774
2026-09-11,1259,78.49,9,25429919
2026-09-11,1260,76.37,30,77991209
2026-09-11,1264,47.19,16,17492430
2026-09-11,1268,78.11,17,32982262
2026-09-11,1269,77.54,7,16195413
2026-09-11,1271,74.1,19,57146140
2026-09-11,1293,74.31,11,12704742
2026-09-11,1294,60.21,16,22060956
2026-09-11,1295,57.92,15,21787312
2026-09-11,1301,75.47,583,4805651394
2026-09-11,1303,86.55,712,6866043112
2026-09-11,1304,60.92,110,724518266
2026-09-11,1305,51.66,61,300297978
2026-09-11,1306,21.34,4,9502500
2026-09-11,1307,80.27,63,319413420
2026-09-11,1308,52.92,64,314287489
2026-09-11,1309,46.72,31,185857566
2026-09-11,1310,30.57,89,161496199
2026-09-11,1312,60.27,183,908412018
2026-09-11,1312A,54.44,12,10891496
2026-09-11,1313,68.48,167,911612634
2026-09-11,1314,41.12,786,1557169851
2026-09-11,1315,81.66,43,80941070
2026-09-11,1316,41.88,81,168258430
2026-09-11,1319,80.09,104,473778749
2026-09-11,1321,70.58,93,160407360
2026-09-11,1323,70.58,36,64442299
2026-09-11,1324,66.27,20,49794889
2026-09-11,1325,48.32,10,41213314
2026-09-11,1326,83.18,519,4876205416
2026-09-11,1333,51.19,14,38162984
2026-09-11,1336,51.83,23,40238129
2026-09-11,1337,47.42,55,127568780
2026-09-11,1338,44.09,25,36986854
2026-09-11,1339,75.17,16,55729438
2026-09-11,1340,34.64,25,52997741
2026-09-11,1341,83.71,16,44246712
2026-09-11,1342,58.58,14,45708509
2026-09-11,1343,66.17,22,26817140
2026-09-11,1402,89.21000000000001,435,4776705634
2026-09-11,1407,35.29,76,155616513
2026-09-11,1407A,53.510000000000005,9,36304000
2026-09-11,1408,20.7,72,72859689
2026-09-11,1409,61.46,208,995002131
2026-09-11,1410,77.03,20,47773086
2026-09-11,1413,76.05,26,100494383
2026-09-11,1414,88.72,38,175688986
2026-09-11,1416,56.22,39,104237176
2026-09-11,1417,58.39,51,110949048
2026-09-11,1418,71.58,19,40690024
2026-09-11,1419,90.8,73,272525992
2026-09-11,1423,83.33,29,83062986
2026-09-11,1432,54.5,13,58870524
2026-09-11,1434,72.03999999999999,162,1214059519
2026-09-11,1435,94.87,24,132617615
2026-09-11,1436,76.19,37,147972259
2026-09-11,1437,79.4,73,160317064
2026-09-11,1438,83.0,28,92318154
2026-09-11,1439,85.71000000000001,31,78868387
2026-09-11,1440,78.38000000000001,272,1298953242
2026-09-11,1441,65.0,15,46654595
2026-09-11,1442,87.48,109,320448839
2026-09-11,1443,89.95,40,121776884
2026-09-11,1444,64.14,137,638710700
2026-09-11,1445,69.02,41,90213348
2026-09-11,1446,66.28999999999999,29,91306813
2026-09-11,1447,70.13999999999999,128,638505642
2026-09-11,1449,38.45,27,48896959
2026-09-11,1450,25.83,14,20374520
2026-09-11,1451,63.72,40,126221593
2026-09-11,1452,49.65,40,65881442
2026-09-11,1453,75.67,18,85716130
2026-09-11,1454,81.61,35,105974724
2026-09-11,1455,67.08,78,356736451
2026-09-11,1456,85.42999999999999,15,80072761
2026-09-11,1457,74.96000000000001,71,237473744
2026-09-11,1458,59.79,59,155931897
2026-09-11,1459,84.03,60,226088266
2026-09-11,1460,71.97,123,500050537
2026-09-11,1462,46.4,98,139155413
2026-09-11,1463,81.72999999999999,42,141648953
2026-09-11,1464,61.86,89,263340266
2026-09-11,1465,72.53,38,75171336
2026-09-11,1466,68.86,34,76553773
2026-09-11,1467,67.28999999999999,45,157253323
2026-09-11,1468,97.55,18,156488821
2026-09-11,1469,92.35,28,80568464
2026-09-11,1470,86.72,35,74388583
2026-09-11,1471,22.24,23,33483180
2026-09-11,1472,82.12,18,43341718
2026-09-11,1473,72.25,31,105615504
2026-09-11,1474,58.92,30,76550839
2026-09-11,1475,76.29,16,50380750
2026-09-11,1476,79.08,80,217046015
2026-09-11,1477,59.63,76,147141606
2026-09-11,1480,98.12,59,408337403
2026-09-11,1491,59.65,24,32709081
2026-09-11,1492O,0.0,0,0
2026-09-11,1492R,0.0,0,0
2026-09-11,1498,48.56,1,424968
2026-09-11,1503,73.63,67,383635046
2026-09-11,1504,70.64,238,1679088452
2026-09-11,1506,77.28999999999999,47,232209985
2026-09-11,1507,100.0,1,250000000
2026-09-11,1512,54.040000000000006,19,53063076
2026-09-11,1513,45.61,81,229600221
2026-09-11,1514,41.02,58,114327160
2026-09-11,1515,48.760000000000005,33,88503308
2026-09-11,1516,64.82,15,25938108
2026-09-11,1517,48.7,30,107189155
2026-09-11,1519,73.84,77,256643829
2026-09-11,1521,68.06,12,51893956
2026-09-11,1522,57.75,51,180745484
2026-09-11,1522A,87.74,10,26327500
2026-09-11,1524,38.65,21,63916412
2026-09-11,1525,89.38,9,65615340
2026-09-11,1526,38.0,12,22803675
2026-09-11,1527,33.55,22,46522113
2026-09-11,1528,29.56,10,56589429
2026-09-11,1529,45.52,21,70628725
2026-09-11,1530,75.93,15,71835188
2026-09-11,1531,64.08,52,116725294
2026-09-11,1532,66.5,106,281051547
2026-09-11,1533,63.25,35,62345681
2026-09-11,1534,46.92,19,31798904
2026-09-11,1535,75.73,10,93718904
2026-09-11,1536,33.63,53,93869007
2026-09-11,1537,51.04,24,41902040
2026-09-11,1538,78.44999999999999,7,25345478
2026-09-11,1539,61.14,11,39971656
2026-09-11,1540,34.77,21,29740299
2026-09-11,1541,83.75999999999999,15,66023078
2026-09-11,1553,0.0,0,0
2026-09-11,1557,30.57,1,526527
2026-09-11,1558,38.61,30,24926831
2026-09-11,1560,64.69,65,98270688
2026-09-11,1563,46.25,53,78280712
2026-09-11,1565,16.880000000000003,10,8517339
2026-09-11,1568,64.96,31,66992954
2026-09-11,1569,50.89,33,73430373
2026-09-11,1570,55.260000000000005,11,28470484
2026-09-11,1571,67.23,1,765000
2026-09-11,1573,0.0,0,0
2026-09-11,1575,0.0,0,0
2026-09-11,1577,0.0,0,0
2026-09-11,1580,38.61,14,19058076
2026-09-11,1582,30.87,25,44569414
2026-09-11,1583,91.25,17,99838703
2026-09-11,1584,41.06,35,95483166
2026-09-11,1585,65.75999999999999,33,37957711
2026-09-11,1586,73.02,51,94602455
2026-09-11,1587,46.46,20,37212894
2026-09-11,1589,28.35,30,43458415
2026-09-11,1590,72.86,102,145747402
2026-09-11,1591,20.4,9,7765385
2026-09-11,1592,26.47,25,29389503
2026-09-11,1593,50.05,18,19913906
2026-09-11,1594,82.82000000000001,12,27515325
2026-09-11,1595,48.53,22,28025780
2026-09-11,1597,50.87,34,45432477
2026-09-11,1598,60.65,49,108704426
2026-09-11,1599,65.1,21,47555709
2026-09-11,1601,11.58,13,12319605
2026-09-11,1602,12.17,26,47056285
2026-09-11,1603,72.69999999999999,30,139368619
2026-09-11,1604,58.56,74,225035458
2026-09-11,1605,75.35,366,3339579324
2026-09-11,1606,15.939999999999998,119,122744667
2026-09-11,1608,66.32,61,419782469
2026-09-11,1609,32.620000000000005,110,256249474
2026-09-11,1611,52.88,80,170733681
2026-09-11,1612,61.1,65,193182808
2026-09-11,1613,57.74,67,131347851
2026-09-11,1614,83.16,84,223845256
2026-09-11,1615,80.72,35,160376341
2026-09-11,1616,59.98,26,116506888
2026-09-11,1617,75.30000000000001,37,127687226
2026-09-11,1618,57.78,29,111365629
2026-09-11,1623,77.09,13,50887220
2026-09-11,1626,69.5,49,104150140
2026-09-11,1702,57.9,31,170382469
2026-09-11,1707,52.61,54,77979047
2026-09-11,1708,38.81,40,96697095
2026-09-11,1709,71.41,126,340712211
2026-09-11,1710,62.24,133,551357941
2026-09-11,1711,44.870000000000005,93,245863871
2026-09-11,1712,56.38,116,237110113
2026-09-11,1713,74.30000000000001,30,112195442
2026-09-11,1714,52.82,146,524005004
2026-09-11,1717,67.44,239,798925214
2026-09-11,1718,51.83,217,874253298
2026-09-11,1720,65.0,31,127813628
2026-09-11,1721,37.65,33,69651616
2026-09-11,1722,64.0,153,627442052
2026-09-11,1723,52.5,38,124438420
2026-09-11,1725,94.44,20,171741574
2026-09-11,1726,85.42999999999999,28,138418553
2026-09-11,1727,58.17,30,74474540
2026-09-11,1729,91.39,47,165189630
2026-09-11,1730,57.3,11,36241298
2026-09-11,1731,55.69,15,74028162
2026-09-11,1732,46.400000000000006,5,19695882
2026-09-11,1733,44.4,21,44399227
2026-09-11,1734,49.51,41,94207796
2026-09-11,1735,78.41,12,77935200
2026-09-11,1736,88.4,45,268240264
2026-09-11,1737,62.26,23,124559075
2026-09-11,1742,80.8,27,74895798
2026-09-11,1748,39.61,3,5667604
2026-09-11,1748R,0.0,0,0
2026-09-11,1752,64.27,21,64925061
2026-09-11,1760,42.98,22,36867728
2026-09-11,1762,46.24,17,35585224
2026-09-11,1763,100.0,1,1816737993
2026-09-11,1764,100.0,1,715186287
2026-09-11,1765,100.0,1,437517135
2026-09-11,1766,100.0,1,493557368
2026-09-11,1773,73.8,54,221448833
2026-09-11,1775,100.0,1,88000000
2026-09-11,1776,66.86,33,40195816
2026-09-11,1777,59.84,9,26690830
2026-09-11,1780,78.25,44,85374453
2026-09-11,1781,44.88,22,21283320
2026-09-11,1783,63.91,19,57340884
2026-09-11,1784,28.82,15,15316975
2026-09-11,1785,42.8,107,255145939
2026-09-11,1786,51.18,24,38306956
2026-09-11,1788,49.790000000000006,15,22176091
2026-09-11,1789,76.99000000000001,54,608888181
2026-09-11,1794,0.0,0,0
2026-09-11,1795,57.15,30,152494503
2026-09-11,1796,55.76,12,23129329
2026-09-11,1799,66.26,22,164908288
2026-09-11,1802,76.35000000000001,170,2221281909
2026-09-11,1805,77.47,38,104588026
2026-09-11,1806,74.78,61,292000956
2026-09-11,1807,47.39,37,54223460
2026-09-11,1808,80.82,94,721897448
2026-09-11,1809,47.98,31,80174576
2026-09-11,1810,61.82,70,186960477
2026-09-11,1813,47.73,16,22268888
2026-09-11,1814,78.82000000000001,12,14965621
2026-09-11,1815,56.97,96,333614171
2026-09-11,1816,94.8,2,23241949
2026-09-11,1817,64.99,26,47188937
2026-09-11,1818,75.49,7,8785473
2026-09-11,1819,84.42,17,28292267
2026-09-11,1903,81.23,66,211295412
2026-09-11,1904,68.41,145,758341526
2026-09-11,1905,71.61,70,789939228
2026-09-11,1906,74.38,26,112337307
2026-09-11,1907,85.44,209,1418977975
2026-09-11,1907A,0.0,0,0
2026-09-11,1909,68.36,169,907768762
2026-09-11,1918,20.82,26,50296034
2026-09-11,2002,53.22,1488,8377110618
2026-09-11,2002A,21.78,10,8342500
2026-09-11,2006,80.88,157,590710391
2026-09-11,2007,76.78999999999999,14,407617300
2026-09-11,2008,92.56,18,176677509
2026-09-11,2009,58.35,19,209907712
2026-09-11,2010,69.33,121,449118325
2026-09-11,2012,83.85,79,253403494
2026-09-11,2013,79.47,24,158974957
2026-09-11,2014,50.76,102,728873543
2026-09-11,2015,88.24,152,513247895
2026-09-11,2017,61.52,66,274994933
2026-09-11,2020,50.93,53,136064251
2026-09-11,2022,40.45,32,136448872
2026-09-11,2023,79.37,118,1445989134
2026-09-11,2024,83.02,13,80956652
2026-09-11,2025,63.25,31,109256353
2026-09-11,2027,77.99,376,2015764830
2026-09-11,2028,83.45,39,271868883
2026-09-11,2029,71.78,27,230614102
2026-09-11,2030,53.96,52,151458856
2026-09-11,2031,58.43,61,187722248
2026-09-11,2032,59.29,42,77419430
2026-09-11,2033,78.19,29,63108053
2026-09-11,2034,50.64,106,268037313
2026-09-11,2035,96.57,23,338056522
2026-09-11,2038,53.99,27,104855545
2026-09-11,2049,71.34,116,252423169
2026-09-11,2052R,10.19,2,934784
2026-09-11,2056,93.38,44,98067509
2026-09-11,2058,25.97,63,79376494
2026-09-11,2059,65.71,33,62631537
2026-09-11,2060,87.22,4,31173065
2026-09-11,2061,47.6,24,27316147
2026-09-11,2062,61.64,39,123317991
2026-09-11,2063,52.69,19,25353342
2026-09-11,2064,83.08,30,57607741
2026-09-11,2065,51.98,17,33030387
2026-09-11,2066,68.74000000000001,19,30561400
2026-09-11,2067,56.54,12,25527966
2026-09-11,2068,100.0,1,60068043
2026-09-11,2069,64.19,48,106839393
2026-09-11,2070,62.99,19,26327931
2026-09-11,2071,85.14,25,58803506
2026-09-11,2072,74.28,25,142656537
2026-09-11,2073,75.22,15,20687200
2026-09-11,2101,64.71000000000001,132,475109390
2026-09-11,2102,81.84,66,387444896
2026-09-11,2103,58.77,119,485426353
2026-09-11,2104,45.010000000000005,197,443410480
2026-09-11,2105,80.68,318,2615720729
2026-09-11,2106,79.83,161,762510299
2026-09-11,2107,64.39,72,195525558
2026-09-11,2108,71.01,95,349762431
2026-09-11,2109,74.66000000000001,71,208606780
2026-09-11,2113,0.0,0,0
2026-09-11,2114,65.4,18,51021924
2026-09-11,2115,70.86,37,73991218
2026-09-11,2201,63.61,102,680744421
2026-09-11,2204,73.76,62,408490566
2026-09-11,2206,85.44000000000001,103,661261140
2026-09-11,2207,89.83,114,500504463
2026-09-11,2208,54.8,145,698711489
2026-09-11,2211,81.19,59,338734386
2026-09-11,2221,66.58,6,28184339
2026-09-11,2226,100.0,1,75000000
2026-09-11,2227,93.51,11,280532000
2026-09-11,2228,55.86,13,44573344
2026-09-11,2229,41.04,1,600000
2026-09-11,2230,46.39,26,31579709
2026-09-11,2231,65.29,28,88762598
2026-09-11,2233,42.57,12,25672473
2026-09-11,2235,83.99,12,30136920
2026-09-11,2236,73.48,23,46676887
2026-09-11,2237,76.88,22,99116428
2026-09-11,2239,80.06,17,94263191
2026-09-11,2241,42.04,32,43991444
2026-09-11,2243,67.9,35,52548275
2026-09-11,2245,80.22,12,28596396
2026-09-11,2246,68.52999999999999,3,29212989
2026-09-11,2247,76.68,14,61903611
2026-09-11,2248,77.46,16,36885520
2026-09-11,2249,70.78999999999999,13,18084592
2026-09-11,2250,51.37,4,18697678
2026-09-11,2252,80.80000000000001,19,86159568
2026-09-11,2254,93.34,16,59669820
2026-09-11,2255,80.19,20,48882989
2026-09-11,2256,58.16,16,22704171
2026-09-11,2258,93.91,54,1645188780
2026-09-11,2301,81.25999999999999,473,1882506232
2026-09-11,2302,61.14,18,101729550
2026-09-11,2303,74.36999999999999,1227,9350622852
2026-09-11,2305,65.02,27,133754866
2026-09-11,2308,80.39,565,2088708048
2026-09-11,2312,48.77,214,734915877
2026-09-11,2313,59.59,214,735393713
2026-09-11,2314,11.5,14,12502424
2026-09-11,2316,64.49,44,117884390
2026-09-11,2317,69.46,1441,9778622107
2026-09-11,2318,27.0,15,28650297
2026-09-11,2321,71.37,3,21605997
2026-09-11,2323,45.91,210,500312253
2026-09-11,2324,64.58,618,2847110694
2026-09-11,2326,12.69,6,5131242
2026-09-11,2327,67.71,347,1394516599
2026-09-11,2328,40.98,60,212554475
2026-09-11,2329,50.06,64,330018101
2026-09-11,2330,87.57,2628,22713790637
2026-09-11,2331,58.82,67,327961895
2026-09-11,2332,34.07,98,205279991
2026-09-11,2333,29.03,56,80698193
2026-09-11,2335,35.58,13,17614719
2026-09-11,2337,40.84,295,811650805
2026-09-11,2338,47.11,54,172887762
2026-09-11,2340,38.05,56,166954780
2026-09-11,2341,86.94,1,5957271
2026-09-11,2342,36.6,12,57621799
2026-09-11,2344,69.7,547,3290860178
2026-09-11,2345,70.61,223,396320897
2026-09-11,2347,88.69,256,1479729843
2026-09-11,2348,69.39,30,110691667
2026-09-11,2348A,65.86,6,19763000
2026-09-11,2349,28.74,122,199514237
2026-09-11,2351,77.33,77,151249099
2026-09-11,2352,48.14,203,761083305
2026-09-11,2353,37.76,369,1151416982
2026-09-11,2354,49.35,128,698331607
2026-09-11,2355,40.98,97,162960064
2026-09-11,2356,73.96000000000001,390,2654030273
2026-09-11,2357,75.24000000000001,219,559002290
2026-09-11,2358,28.0,17,38260108
2026-09-11,2359,47.94,39,82239343
2026-09-11,2360,70.38,189,299334979
2026-09-11,2361,52.96,6,24655891
2026-09-11,2362,81.16,114,505149784
2026-09-11,2363,34.64,61,178484991
2026-09-11,2364,56.96,12,29848112
2026-09-11,2364A,0.0,0,0
2026-09-11,2365,23.42,26,51923557
2026-09-11,2367,28.71,87,202869203
2026-09-11,2368,77.02000000000001,126,408756691
2026-09-11,2369,31.52,54,119880229
2026-09-11,2371,47.78,285,1028088135
2026-09-11,2373,87.27,27,206176188
2026-09-11,2374,25.6,39,86586139
2026-09-11,2375,23.3,17,25333546
2026-09-11,2376,72.33999999999999,160,484740887
2026-09-11,2377,67.62,190,571492724
2026-09-11,2378,33.79,25,47686635
2026-09-11,2379,73.96000000000001,208,381365784
2026-09-11,2380,35.870000000000005,8,21526529
2026-09-11,2381,0.0,0,0
2026-09-11,2382,85.10000000000001,512,3496574952
2026-09-11,2383,67.88,132,243269673
2026-09-11,2384,28.02,329,574156721
2026-09-11,2385,74.36000000000001,178,569506144
2026-09-11,2387,58.17,29,113621120
2026-09-11,2388,72.33,75,402575561
2026-09-11,2390,38.94,24,75042424
2026-09-11,2392,50.77,63,260165457
2026-09-11,2393,67.15,124,297816854
2026-09-11,2395,84.89,207,738052206
2026-09-11,2396,45.52,238,581390152
2026-09-11,2397,69.11,17,79147925
2026-09-11,2398,36.58,47,151133469
2026-09-11,2399,30.53,33,54405785
2026-09-11,2401,41.59,99,246331975
2026-09-11,2402,37.72,49,116051019
2026-09-11,2404,53.370000000000005,70,101741607
2026-09-11,2405,24.81,48,85263765
2026-09-11,2406,24.49,58,85970856
2026-09-11,2407,37.89,178,278552109
2026-09-11,2408,83.72,324,2889601649
2026-09-11,2409,51.92,900,3920181720
2026-09-11,2410,36.35,51,58207770
2026-09-11,2412,79.24,519,6148333540
2026-09-11,2413,56.68,25,72212108
2026-09-11,2414,59.53,44,96322191
2026-09-11,2415,63.64,20,57281670
2026-09-11,2417,42.04,20,66131894
2026-09-11,2418,47.81,137,489370221
2026-09-11,2419,64.72,15,207997189
2026-09-11,2420,48.54,37,74120645
2026-09-11,2421,64.25999999999999,102,184421095
2026-09-11,2423,75.91000000000001,33,110126026
2026-09-11,2424,80.85000000000001,6,48185079
2026-09-11,2425,47.15,21,45524468
2026-09-11,2426,46.02,56,138394524
2026-09-11,2427,53.69,15,106366106
2026-09-11,2428,59.79,29,76620321
2026-09-11,2429,48.39,14,41386193
2026-09-11,2430,63.33,24,74012937
2026-09-11,2431,42.37,16,47011201
2026-09-11,2432,77.54,9,47973363
2026-09-11,2433,78.98,18,114139397
2026-09-11,2434,78.19,3,28933763
2026-09-11,2435,32.66,10,24422660
2026-09-11,2436,26.71,47,59078866
2026-09-11,2438,58.540000000000006,21,41688953
2026-09-11,2439,29.76,52,74057635
2026-09-11,2440,70.27999999999999,26,97794381
2026-09-11,2441,68.41,86,389223270
2026-09-11,2442,54.51,51,177368157
2026-09-11,2443,55.25,45,83395287
2026-09-11,2444,27.12,20,27556699
2026-09-11,2445,15.7,7,7571407
2026-09-11,2449,60.96,273,782912193
2026-09-11,2450,76.82,17,198444831
2026-09-11,2451,71.02,63,306406856
2026-09-11,2453,48.09,15,48101657
2026-09-11,2454,73.84,498,1184523178
2026-09-11,2455,57.47,79,108185994
2026-09-11,2457,29.32,55,124663288
2026-09-11,2458,57.5,83,174752440
2026-09-11,2459,53.31,33,56315266
2026-09-11,2460,58.12,20,98373241
2026-09-11,2461,45.63,53,87597587
2026-09-11,2462,55.75,35,84104606
2026-09-11,2464,50.79,54,111234127
2026-09-11,2465,41.81999999999999,20,39304425
2026-09-11,2466,87.45,51,151723403
2026-09-11,2467,69.39,56,112318933
2026-09-11,2468,51.57,4,36083563
2026-09-11,2471,24.53,16,11599099
2026-09-11,2472,57.69,48,95076578
2026-09-11,2474,71.64,89,386104922
2026-09-11,2475,71.16999999999999,1102,4612653593
2026-09-11,2476,67.8,61,149280600
2026-09-11,2477,73.47999999999999,40,116540668
2026-09-11,2478,58.05,53,84043134
2026-09-11,2479,32.47,6,12261227
2026-09-11,2480,31.83,36,33874079
2026-09-11,2481,55.25,72,211211796
2026-09-11,2482,40.6,13,31627974
2026-09-11,2483,63.57,29,68598724
2026-09-11,2484,22.81,31,36397078
2026-09-11,2485,23.49,38,74655890
2026-09-11,2486,37.89,53,91276721
2026-09-11,2488,52.68,24,42155150
2026-09-11,2489,29.68,79,181162048
2026-09-11,2490,21.41,30,34910356
2026-09-11,2491,75.22999999999999,27,61713741
2026-09-11,2492,66.11,69,320817442
2026-09-11,2493,49.69,33,63029296
2026-09-11,2494,81.48,10,33814016
2026-09-11,2495,50.67,45,138666180
2026-09-11,2496,49.57,9,9469641
2026-09-11,2497,65.38,32,85613371
2026-09-11,2498,39.03,139,326629691
2026-09-11,2499,44.19,81,203845181
2026-09-11,2501,77.48,157,898592630
2026-09-11,2504,75.16,204,887056384
2026-09-11,2505,79.96,67,303932799
2026-09-11,2506,77.28,77,299144834
2026-09-11,2509,69.65,44,156462312
2026-09-11,2511,80.69000000000001,292,1310100843
2026-09-11,2512,34.23,96,167810464
2026-09-11,2514,88.12,49,347913261
2026-09-11,2515,60.25,322,969022384
2026-09-11,2516,73.07,63,165373038
2026-09-11,2520,74.56,96,454525068
2026-09-11,2521,35.260000000000005,57,112766509
2026-09-11,2523,44.72,58,102026835
2026-09-11,2524,93.22,37,341241206
2026-09-11,2525,31.81,172,207054586
2026-09-11,2527,80.99,35,218954172
2026-09-11,2528,84.7,88,370840550
2026-09-11,2530,85.87,141,722537082
2026-09-11,2533,38.32,37,58635547
2026-09-11,2534,72.81,112,345355515
2026-09-11,2535,60.97,65,165137713
2026-09-11,2536,78.07000000000001,81,259904403
2026-09-11,2537,61.3,74,184303841
2026-09-11,2538,73.98,128,329320995
2026-09-11,2539,86.83,122,1036228642
2026-09-11,2540,91.07,81,860730216
2026-09-11,2542,66.15,234,1424634270
2026-09-11,2543,71.39,73,377419678
2026-09-11,2545,76.75,43,291526210
2026-09-11,2546,62.78,20,81975231
2026-09-11,2547,70.78,190,732874647
2026-09-11,2548,49.84,100,167348086
2026-09-11,2553,18.91,13,15456633
2026-09-11,2566,0.0,0,0
2026-09-11,2569,83.38000000000001,2,9634000
2026-09-11,2572,83.39,2,3028800
2026-09-11,2591,0.0,0,0
2026-09-11,2592,90.43,4,9490283
2026-09-11,2596,72.33,29,72355736
2026-09-11,2597,81.36,41,252838598
2026-09-11,2599,66.04,41,65075850
2026-09-11,2601,32.03,107,264478534
2026-09-11,2603,75.21000000000001,375,1628943160
2026-09-11,2605,54.21,113,317433189
2026-09-11,2606,79.01,118,667847472
2026-09-11,2607,78.08,91,416697021
2026-09-11,2608,76.55,69,357562285
2026-09-11,2609,61.98,314,2165065182
2026-09-11,2610,73.08,545,4492088582
2026-09-11,2611,48.06,26,90868090
2026-09-11,2612,76.33,18,150785857
2026-09-11,2613,56.3,29,83603720
2026-09-11,2614,46.330000000000005,45,151663129
2026-09-11,2615,89.27000000000001,305,2505568841
2026-09-11,2616,44.75,17,61455588
2026-09-11,2617,64.57,63,269473403
2026-09-11,2618,82.42999999999999,670,4452953291
2026-09-11,2622,0.0,0,0
2026-09-11,2626,0.0,0,0
2026-09-11,2630,64.2,13,134500267
2026-09-11,2633,86.95,294,4894649510
2026-09-11,2634,48.69,69,458795101
2026-09-11,2636,44.5,36,63156303
2026-09-11,2637,83.64,145,624397859
2026-09-11,2639,99.01,2,99010131
2026-09-11,2640,73.78,25,43734865
2026-09-11,2641,28.34,46,93680471
2026-09-11,2642,60.38,7,57645500
2026-09-11,2643,63.97,9,22389688
2026-09-11,2644,80.03,34,66399852
2026-09-11,2645,80.69,30,302318340
2026-09-11,2646,65.36,137,1967095354
2026-09-11,2701,86.33,37,388561284
2026-09-11,2702,73.71,18,115463834
2026-09-11,2704,88.75,70,325695699
2026-09-11,2705,66.65,43,127573446
2026-09-11,2706,85.4,58,427117020
2026-09-11,2707,60.9,17,77618965
2026-09-11,2712,90.79,19,95351117
2026-09-11,2714,0.0,0,0
2026-09-11,2717,0.0,0,0
2026-09-11,2718,88.24,16,77285628
2026-09-11,2719,90.67,4,62976831
2026-09-11,2720,61.03,27,48836674
2026-09-11,2722,87.19,31,124854610
2026-09-11,2723,69.69,40,125484005
2026-09-11,2724,84.77,10,50580204
2026-09-11,2726,65.00999999999999,16,24507480
2026-09-11,2727,38.68,34,32098729
2026-09-11,2729,67.77,13,29171235
2026-09-11,2730,86.67,2,32256232
2026-09-11,2731,42.620000000000005,21,39784285
2026-09-11,2732,59.09,19,27491391
2026-09-11,2733,77.51,8,19069035
2026-09-11,2734,38.98,13,22325916
2026-09-11,2735,0.0,0,0
2026-09-11,2736,55.95,17,44763944
2026-09-11,2738,97.88,6,65966434
2026-09-11,2739,73.82,20,67581606
2026-09-11,2740,72.53,2,12157812
2026-09-11,2741,64.85,8,14654937
2026-09-11,2743,52.86,8,24755224
2026-09-11,2745,51.28,5,17338634
2026-09-11,2748,61.46,6,65020826
2026-09-11,2749,75.15,16,15633907
2026-09-11,2750,98.53,18,59126313
2026-09-11,2751,60.32,1,11970487
2026-09-11,2752,63.580000000000005,16,16976267
2026-09-11,2753,55.03,19,36686349
2026-09-11,2754,73.10000000000001,6,34295600
2026-09-11,2755,66.46000000000001,16,31299562
2026-09-11,2756,71.57,13,17607694
2026-09-11,2758,73.57000000000001,13,15074853
2026-09-11,2759,100.0,1,16200000
2026-09-11,2760,88.88000000000001,6,11555875
2026-09-11,2761,57.63,9,9996315
2026-09-11,2762,85.49,21,96206838
2026-09-11,2801,77.78999999999999,1314,9384405046
2026-09-11,2807,0.0,0,0
2026-09-11,2811,34.55,66,101102865
2026-09-11,2812,59.06999999999999,836,3796909117
2026-09-11,2816,81.19999999999999,36,181643071
2026-09-11,2820,65.78999999999999,151,883839436
2026-09-11,2825,5.69,1,714440
2026-09-11,2827,36.75,31,47642245
2026-09-11,2831,62.08,167,740655164
2026-09-11,2832,69.19,52,175471750
2026-09-11,2834,60.81,1426,6325320348
2026-09-11,2836,85.53,175,1589820935
2026-09-11,2836A,38.96,8,15584000
2026-09-11,2838,90.45,264,4168981033
2026-09-11,2838A,68.75,42,137536144
2026-09-11,2841,57.39,179,551750075
2026-09-11,2845,75.66999999999999,609,3682940698
2026-09-11,2849,98.46,57,1927853269
2026-09-11,2850,67.73,91,214044531
2026-09-11,2851,71.04,122,568769250
2026-09-11,2852,66.72,107,200987880
2026-09-11,2855,76.91,235,1232119215
2026-09-11,2880,82.05,1122,11536173911
2026-09-11,2881,86.77,1019,12156217884
2026-09-11,2881A,90.51,68,543183597
2026-09-11,2881B,94.9,69,632763243
2026-09-11,2881C,84.94,52,283216065
2026-09-11,2882,85.89999999999999,1245,12604070307
2026-09-11,2882A,95.01,84,791897583
2026-09-11,2882B,96.0,60,672115437
2026-09-11,2883,69.14,1912,11739917742
2026-09-11,2883B,66.28,397,1048888586
2026-09-11,2884,74.44,2170,13196818861
2026-09-11,2885,82.96000000000001,1275,11062686774
2026-09-11,2886,83.37,824,12369635428
2026-09-11,2887,75.59,2962,18992922028
2026-09-11,2887E,85.89,59,429584963
2026-09-11,2887F,89.47,33,268450669
2026-09-11,2887G,47.31,23,35496822
2026-09-11,2887H,70.36,60,154602047
2026-09-11,2887I,73.87,574,2287728893
2026-09-11,2887Z1,89.92,25,269814761
2026-09-11,2889,72.41,355,2631416145
2026-09-11,2890,81.14,1589,11995241614
2026-09-11,2891,81.86,1883,16110668833
2026-09-11,2891B,95.9,38,319716074
2026-09-11,2891C,93.69,22,156169449
2026-09-11,2892,72.16,1696,10379306025
2026-09-11,2897,86.44999999999999,347,2425918408
2026-09-11,2897B,83.38,60,208499885
2026-09-11,2901,79.14,20,57825668
2026-09-11,2902,47.82000000000001,41,70115568
2026-09-11,2903,80.07000000000001,162,1134793716
2026-09-11,2904,54.27,9,42250619
2026-09-11,2905,84.5,129,938466506
2026-09-11,2906,65.06,35,136097710
2026-09-11,2908,92.22,55,470335555
2026-09-11,2910,96.62,40,169521406
2026-09-11,2911,45.97,20,48348981
2026-09-11,2912,84.09,143,874321030
2026-09-11,2913,57.330000000000005,144,453043459
2026-09-11,2915,69.61,190,768935379
2026-09-11,2916,58.93,18,38097300
2026-09-11,2920,35.79,1,4448825
2026-09-11,2923,99.54,16,1732617216
2026-09-11,2924,89.53999999999999,9,46601590
2026-09-11,2926,74.61,14,35363432
2026-09-11,2929,32.160000000000004,19,35237987
2026-09-11,2936,99.52,6,75695149
2026-09-11,2937,84.53,20,36810876
2026-09-11,2938,78.48,7,15806309
2026-09-11,2939,76.58,28,34886939
2026-09-11,2940,58.11,19,14640377
2026-09-11,2941,66.47,14,10233093
2026-09-11,2942,90.71,10,54436459
2026-09-11,2945,83.48,6,56352917
2026-09-11,2947,62.78,9,14846759
2026-09-11,2948,80.35,15,25717388
2026-09-11,2949,81.77,16,25059593
2026-09-11,3001,19.56,16,14883022
2026-09-11,3002,64.93,20,66241511
2026-09-11,3003,60.13,44,93641074
2026-09-11,3004,58.38,16,37610153
2026-09-11,3005,73.16000000000001,121,457163486
2026-09-11,3006,60.77,90,181264448
2026-09-11,3008,57.91,59,75753929
2026-09-11,3010,62.81,78,163005839
2026-09-11,3011,36.04,27,46728890
2026-09-11,3013,45.14,28,92642850
2026-09-11,3014,31.02,39,51521666
2026-09-11,3015,63.67,55,119256157
2026-09-11,3016,71.42,36,207894743
2026-09-11,3017,68.37,146,269727678
2026-09-11,3018,64.28,6,48461639
2026-09-11,3019,40.45,51,112986835
2026-09-11,3020,99.45,1,122032222
2026-09-11,3021,70.62,19,66885720
2026-09-11,3022,64.62,41,114153783
2026-09-11,3023,69.61,102,167165896
2026-09-11,3024,51.290000000000006,90,142189744
2026-09-11,3025,23.450000000000003,11,13316966
2026-09-11,3026,57.45,77,95322813
2026-09-11,3027,43.02,31,55565810
2026-09-11,3028,43.09,48,102292647
2026-09-11,3029,42.93,36,71739775
2026-09-11,3030,57.93,48,136877540
2026-09-11,3031,60.51,21,104831364
2026-09-11,3032,51.88,26,58791849
2026-09-11,3033,39.54,108,207371638
2026-09-11,3034,71.88,221,437527770
2026-09-11,3035,29.02,37,75659909
2026-09-11,3036,83.23,233,1120957544
2026-09-11,3037,77.95,407,1281744057
2026-09-11,3038,41.44,31,65259463
2026-09-11,3039,33.29,23,22098596
2026-09-11,3040,67.97,15,45021646
2026-09-11,3041,25.05,14,35159982
2026-09-11,3042,53.66,91,184094357
2026-09-11,3043,19.700000000000003,7,7683712
2026-09-11,3044,79.53,183,418095168
2026-09-11,3045,92.79,380,3455769578
2026-09-11,3046,54.67,13,42898942
2026-09-11,3047,20.12,29,45252737
2026-09-11,3048,48.57,48,131082781
2026-09-11,3049,46.78,68,375277284
2026-09-11,3050,51.47,32,79787830
2026-09-11,3051,34.32,31,57351037
2026-09-11,3052,57.93000000000001,66,135164584
2026-09-11,3053,54.35,6,4327069
2026-09-11,3054,88.39999999999999,14,71317748
2026-09-11,3055,64.57000000000001,29,74251988
2026-09-11,3056,33.54,72,161285101
2026-09-11,3057,34.49,8,23419950
2026-09-11,3058,22.05,33,44535054
2026-09-11,3059,23.6,44,72638380
2026-09-11,3060,20.48,29,28216618
2026-09-11,3062,23.58,59,77873716
2026-09-11,3064,63.47,3,8260290
2026-09-11,3065,83.62,33,153793497
2026-09-11,3066,71.09,13,59069634
2026-09-11,3067,71.33,4,14270812
2026-09-11,3069,35.56,1,1066900
2026-09-11,3070,51.25,5,3730230
2026-09-11,3071,58.21,11,64053746
2026-09-11,3072,0.0,0,0
2026-09-11,3073,57.67,20,22792803
2026-09-11,3075,70.68,4,5500440
2026-09-11,3076,53.02,1,1682000
2026-09-11,3077,0.0,0,0
2026-09-11,3078,36.88,51,83903415
2026-09-11,3079,32.06,12,15284927
2026-09-11,3081,48.55,41,49434363
2026-09-11,3082,0.0,0,0
2026-09-11,3083,56.64,9,49003480
2026-09-11,3084,0.0,0,0
2026-09-11,3085,89.64,4,61879589
2026-09-11,3086,85.25,25,232556093
2026-09-11,3087,97.95,1,50259277
2026-09-11,3088,48.05,28,54320894
2026-09-11,3090,61.17,51,175950728
2026-09-11,3091,0.0,0,0
2026-09-11,3092,37.48,22,39995953
2026-09-11,3093,76.49,17,111062383
2026-09-11,3094,20.91,14,17386165
2026-09-11,3095,54.41,4,7989342
2026-09-11,3096,50.1,7,11443476
2026-09-11,3097,86.94,15,65290833
2026-09-11,3098,0.0,0,0
2026-09-11,3099,37.620000000000005,68,84775157
2026-09-11,3105,52.91,90,224400825
2026-09-11,3114,51.97,19,33865580
2026-09-11,3115,86.25,10,62280095
2026-09-11,3116,83.52,1,2275000
2026-09-11,3117,56.120000000000005,8,12796218
2026-09-11,3118,37.6,14,12210385
2026-09-11,3122,26.58,10,10844364
2026-09-11,3126,44.06,14,21486231
2026-09-11,3128,31.16,10,14752673
2026-09-11,3130,55.85,10,18543097
2026-09-11,3131,48.69,13,14773729
2026-09-11,3133,63.27,14,17255800
2026-09-11,3135,48.28,18,47160935
2026-09-11,3137,0.0,0,0
2026-09-11,3138,29.51,14,16657254
2026-09-11,3141,30.83,26,23281746
2026-09-11,3142,51.28,71,104291431
2026-09-11,3146,0.0,0,0
2026-09-11,3147,56.22,14,24570465
2026-09-11,3149,26.01,54,74501986
2026-09-11,3150,53.97,11,23955492
2026-09-11,3151,36.97,2,1528267
2026-09-11,3152,43.75,15,17081894
2026-09-11,3158,36.06,11,11067416
2026-09-11,3159,28.6,2,1671007
2026-09-11,3161,95.15,17,31009696
2026-09-11,3162,60.73,27,93763428
2026-09-11,3163,28.16,24,26667143
2026-09-11,3164,55.25,35,47539948
2026-09-11,3166,96.38,2,22532045
2026-09-11,3167,56.91,35,51840788
2026-09-11,3168,75.44,20,56670647
2026-09-11,3169,36.4,12,23050622
2026-09-11,3171,76.93,5,25480112
2026-09-11,3176,36.72,32,51175836
2026-09-11,3177,75.32,2,3094000
2026-09-11,3178,65.78,11,29641683
2026-09-11,3179,30.35,4,2989448
2026-09-11,3184,55.96,18,35311021
2026-09-11,3185,0.0,0,0
2026-09-11,3186,77.49,2,23249678
2026-09-11,3188,75.66,43,143074872
2026-09-11,3189,71.83,103,378625190
2026-09-11,3190,74.69,5,10688525
2026-09-11,3191,54.39,9,23716004
2026-09-11,3192,0.0,0,0
2026-09-11,3193,0.0,0,0
2026-09-11,3194,73.5,9,10230542
2026-09-11,3196,0.0,0,0
2026-09-11,3202,24.59,20,31835838
2026-09-11,3205,66.31,8,44809002
2026-09-11,3206,55.19,22,32532791
2026-09-11,3207,37.54,21,24955568
2026-09-11,3208,46.49,1,1406128
2026-09-11,3209,42.45,61,99950162
2026-09-11,3211,49.27,41,76122166
2026-09-11,3212,0.0,0,0
2026-09-11,3213,26.64,14,15639120
2026-09-11,3216,0.0,0,0
2026-09-11,3217,41.73,22,37621462
2026-09-11,3218,55.87,18,47348182
2026-09-11,3219,80.25,8,57620837
2026-09-11,3221,24.12,31,25347024
2026-09-11,3222,0.0,0,0
2026-09-11,3223,0.0,0,0
2026-09-11,3224,71.91,28,56234417
2026-09-11,3226,87.44,25,56350361
2026-09-11,3227,39.65,50,60250012
2026-09-11,3228,24.31,14,17501557
2026-09-11,3229,71.02,5,45641254
2026-09-11,3230,53.88,20,46360154
2026-09-11,3231,68.68,537,2184732838
2026-09-11,3232,58.38,21,27195845
2026-09-11,3233,0.0,0,0
2026-09-11,3234,34.62,25,38617545
2026-09-11,3236,29.98,16,31501590
2026-09-11,3237,0.0,0,0
2026-09-11,3239,94.47,1,538136
2026-09-11,3240,99.94,1,33475122
2026-09-11,3252,79.54,24,39938024
2026-09-11,3257,43.68,11,34881972
2026-09-11,3258,10.19,23,27933887
2026-09-11,3259,71.00999999999999,26,51828607
2026-09-11,3260,36.84,70,123274656
2026-09-11,3264,72.87,128,357304279
2026-09-11,3265,66.25,21,90301273
2026-09-11,3266,90.46,29,318783321
2026-09-11,3267,29.55,3,5043705
2026-09-11,3268,34.67,10,12040845
2026-09-11,3272,50.31,11,30785339
2026-09-11,3274,74.43,6,4214730
2026-09-11,3276,58.64,12,40886084
2026-09-11,3278,0.0,0,0
2026-09-11,3279,0.0,0,0
2026-09-11,3280,100.0,1,74160054
2026-09-11,3283,49.63,5,3304827
2026-09-11,3284,70.05,20,76121656
2026-09-11,3285,65.19,19,27866755
2026-09-11,3286,0.0,0,0
2026-09-11,3287,58.56,11,25759810
2026-09-11,3288,48.2,5,7898078
2026-09-11,3289,26.61,26,23097845
2026-09-11,3290,54.74,32,49405142
2026-09-11,3293,55.56999999999999,80,156669545
2026-09-11,3294,51.72,23,68318674
2026-09-11,3295,0.0,0,0
2026-09-11,3296,76.66,32,74159114
2026-09-11,3297,50.46,13,18198710
2026-09-11,3301,79.22999999999999,40,98518555
2026-09-11,3302,0.0,0,0
2026-09-11,3303,47.92,33,45105877
2026-09-11,3304,33.550000000000004,7,4721131
2026-09-11,3305,41.85,25,60205409
2026-09-11,3306,48.83,8,24718522
2026-09-11,3308,61.79,8,37078317
2026-09-11,3309,77.1,2,2323411
2026-09-11,3310,82.17,32,61606663
2026-09-11,3311,57.96,19,57983179
2026-09-11,3312,44.11,18,80580723
2026-09-11,3313,76.22999999999999,21,168601275
2026-09-11,3317,32.04,19,28845801
2026-09-11,3318,56.8,19,29689035
2026-09-11,3320,0.0,0,0
2026-09-11,3321,47.51,21,40943502
2026-09-11,3322,34.75,26,47839700
2026-09-11,3323,20.72,13,20660470
2026-09-11,3324,59.620000000000005,40,55804210
2026-09-11,3325,30.42,33,33538408
2026-09-11,3328,74.85,1,480000
2026-09-11,3330,0.0,0,0
2026-09-11,3332,87.0,15,41855566
2026-09-11,3333,0.0,0,0
2026-09-11,3334,91.54,5,22594007
2026-09-11,3338,29.56,15,26001363
2026-09-11,3339,27.49,17,18305172
2026-09-11,3342,53.13,17,21745768
2026-09-11,3343,44.66,10,26266841
2026-09-11,3344,32.65,2,895713
2026-09-11,3345,95.55,2,34688347
2026-09-11,3346,26.25,19,31849883
2026-09-11,3348,19.86,1,445000
2026-09-11,3349,47.58,26,21931749
2026-09-11,3350,14.05,6,3034003
2026-09-11,3353,0.0,0,0
2026-09-11,3354,72.33,7,50718368
2026-09-11,3355,0.0,0,0
2026-09-11,3356,34.84,14,28072810
2026-09-11,3357,57.25,45,67592921
2026-09-11,3360,22.47,11,17185436
2026-09-11,3361,81.55000000000001,18,40421444
2026-09-11,3362,58.97,43,86991514
2026-09-11,3363,38.97,31,44312738
2026-09-11,3364,0.0,0,0
2026-09-11,3366,0.0,0,0
2026-09-11,3369,56.22,3,16275634
2026-09-11,3370,0.0,0,0
2026-09-11,3371,78.3,1,3000000
2026-09-11,3372,53.6,26,126195149
2026-09-11,3373,26.27,4,12514958
2026-09-11,3374,69.03,42,187375894
2026-09-11,3376,42.57,65,83393462
2026-09-11,3377,64.25,12,12630570
2026-09-11,3379,27.4,5,10429102
2026-09-11,3380,65.5,34,354933723
2026-09-11,3381,0.0,0,0
2026-09-11,3383,48.48,18,36370165
2026-09-11,3386,100.0,1,23848573
2026-09-11,3388,38.42,18,32825304
2026-09-11,3390,30.94,19,24561079
2026-09-11,3391,66.0,27,45454699
2026-09-11,3394,0.0,0,0
2026-09-11,3397,0.0,0,0
2026-09-11,3401,0.0,0,0
2026-09-11,3402,29.92,10,21872630
2026-09-11,3404,0.0,0,0
2026-09-11,3406,61.63,54,69503717
2026-09-11,3408,0.0,0,0
2026-09-11,3412,84.95,1,6857152
2026-09-11,3413,46.88,26,52225688
2026-09-11,3414,0.0,0,0
2026-09-11,3416,56.73,16,45867926
2026-09-11,3419,31.67,25,38187852
2026-09-11,3430,33.47,6,11285901
2026-09-11,3431,51.35,8,28480719
2026-09-11,3432,66.5,13,28088200
2026-09-11,3434,47.09,14,16843976
2026-09-11,3437,26.22,23,37932020
2026-09-11,3438,45.120000000000005,2,21285212
2026-09-11,3441,24.51,11,9818802
2026-09-11,3443,64.34,40,86251183
2026-09-11,3444,49.31999999999999,17,22202393
2026-09-11,3447,58.92,13,45650487
2026-09-11,3450,47.08,53,68625052
2026-09-11,3455,30.31,23,18155222
2026-09-11,3462,100.0,1,36651000
2026-09-11,3463,100.0,1,71663873
2026-09-11,3465,67.96000000000001,13,28775807
2026-09-11,3466,46.21,24,36013708
2026-09-11,3467,62.59,11,19475248
2026-09-11,3469,63.92,14,14353127
2026-09-11,3471,45.040000000000006,3,2252587
2026-09-11,3472,58.36,25,44534214
2026-09-11,3473,76.22,7,17861744
2026-09-11,3475,0.0,0,0
2026-09-11,3479,39.82,17,29099004
2026-09-11,3481,37.17,1042,2970809282
2026-09-11,3482,44.4,4,2896283
2026-09-11,3483,21.98,24,21772947
2026-09-11,3484,31.97,20,25212371
2026-09-11,3485,51.37,18,19786807
2026-09-11,3489,82.02,11,74211586
2026-09-11,3490,27.89,16,15350062
2026-09-11,3491,36.010000000000005,27,24785976
2026-09-11,3492,47.49,5,16877721
2026-09-11,3494,61.81,12,58607471
2026-09-11,3496,79.91,9,17232520
2026-09-11,3497,33.29,2,1528032
2026-09-11,3498,55.2,16,33829772
2026-09-11,3499,44.32,13,24367640
2026-09-11,3501,47.36,21,56025232
2026-09-11,3502,34.17,5,3145003
2026-09-11,3504,66.8,20,76212528
2026-09-11,3505,87.89,1,4771663
2026-09-11,3506,19.83,3,1700890
2026-09-11,3507,87.08000000000001,12,27699014
2026-09-11,3508,47.59,30,51823539
2026-09-11,3511,53.75,6,42997081
2026-09-11,3512,72.17,30,81625754
2026-09-11,3513,97.03,9,9224063
2026-09-11,3515,69.32,21,85644030
2026-09-11,3516,77.91,19,46412688
2026-09-11,3517,13.89,1,698978
2026-09-11,3518,36.02,28,36925203
2026-09-11,3519,50.830000000000005,48,220650679
2026-09-11,3520,40.79,17,28103008
2026-09-11,3521,81.78999999999999,16,151973233
2026-09-11,3522,56.81999999999999,27,59172880
2026-09-11,3523,83.39,13,53599192
2026-09-11,3524,66.46000000000001,14,13714185
2026-09-11,3526,43.87,20,29607377
2026-09-11,3527,26.68,10,11869470
2026-09-11,3528,69.23,13,46144585
2026-09-11,3529,55.28,40,41297331
2026-09-11,3530,57.43,13,44503339
2026-09-11,3531,80.36,34,49175848
2026-09-11,3532,90.05,26,349336849
2026-09-11,3533,60.8,51,68452322
2026-09-11,3535,26.92,9,21292317
2026-09-11,3536,67.9,5,35375920
2026-09-11,3537,29.45,10,16570801
2026-09-11,3540,23.72,7,20041142
2026-09-11,3541,35.9,20,20243113
2026-09-11,3542,0.0,0,0
2026-09-11,3543,50.81,47,56050825
2026-09-11,3544,0.0,0,0
2026-09-11,3545,25.08,39,55821380
2026-09-11,3546,34.6,18,21239647
2026-09-11,3548,32.41,16,21974651
2026-09-11,3549,0.0,0,0
2026-09-11,3550,43.44,31,46736599
2026-09-11,3551,50.55,24,31493113
2026-09-11,3552,38.36,21,37583932
2026-09-11,3554,87.29,1,13842770
2026-09-11,3555,80.46,9,32188252
2026-09-11,3556,16.52,5,10533552
2026-09-11,3557,60.55,19,51067428
2026-09-11,3558,51.04,10,30150085
2026-09-11,3560,74.02,9,15107106
2026-09-11,3563,50.55,22,32350372
2026-09-11,3564,60.64,3,36399900
2026-09-11,3566,73.96,150,310432586
2026-09-11,3567,18.59,7,6321658
2026-09-11,3568,72.35000000000001,5,7281687
2026-09-11,3570,53.99,4,9234058
2026-09-11,3571,0.0,0,0
2026-09-11,3572,44.74,4,5290009
2026-09-11,3574,67.92,1,714009
2026-09-11,3576,39.04,196,635719293
2026-09-11,3577,65.9,24,42160091
2026-09-11,3579,74.14,3,7103216
2026-09-11,3580,13.34,7,5272908
2026-09-11,3581,59.14,15,30171483
2026-09-11,3583,59.98,26,50318629
2026-09-11,3584,25.450000000000003,29,35600938
2026-09-11,3585,39.65,13,44306416
2026-09-11,3586,51.29,2,1261000
2026-09-11,3587,31.72,15,22747205
2026-09-11,3588,27.91,13,17317583
2026-09-11,3591,53.68,36,78076132
2026-09-11,3592,37.94,22,28795341
2026-09-11,3593,64.16,18,39043381
2026-09-11,3594,53.53,26,51381453
2026-09-11,3595,31.75,8,12925644
2026-09-11,3596,70.08,67,154481638
2026-09-11,3597,64.47,11,25300392
2026-09-11,3601,52.62,9,18366115
2026-09-11,3603,71.13,10,17676115
2026-09-11,3604,0.0,0,0
2026-09-11,3605,65.45,59,115634769
2026-09-11,3606,77.4,11,13043205
2026-09-11,3607,32.75,35,39874143
2026-09-11,3609,51.92,18,19954236
2026-09-11,3610,78.86999999999999,3,32338873
2026-09-11,3611,58.29,13,27725774
2026-09-11,3613,66.67,28,42304084
2026-09-11,3615,31.95,13,21887662
2026-09-11,3616,43.02,36,40737168
2026-09-11,3617,66.3,38,62837665
2026-09-11,3619,27.79,3,2119800
2026-09-11,3622,58.58,18,88684518
2026-09-11,3623,52.1,3,15209223
2026-09-11,3624,57.09,25,67014962
2026-09-11,3625,48.61,32,55554622
2026-09-11,3627,56.06,9,17376089
2026-09-11,3628,59.150000000000006,5,26624242
2026-09-11,3629,86.89,5,28637406
2026-09-11,3630,54.11000000000001,15,110502208
2026-09-11,3631,80.22,15,65651114
2026-09-11,3632,17.2,5,7038928
2026-09-11,3633,60.69,13,20656181
2026-09-11,3634,82.97,13,41166411
2026-09-11,3635,0.0,0,0
2026-09-11,3636,87.18,1,5231007
2026-09-11,3637,77.46,6,23047225
2026-09-11,3642,63.39,18,29086139
2026-09-11,3643,97.95,1,46958218
2026-09-11,3644,77.33,32,64428806
2026-09-11,3645,38.19,39,52241108
2026-09-11,3646,48.94,21,19244432
2026-09-11,3647,0.0,0,0
2026-09-11,3649,36.51,6,3952494
2026-09-11,3651,95.9,12,66729578
2026-09-11,3652,72.27,13,54282782
2026-09-11,3653,70.78,42,103905820
2026-09-11,3656,77.46,6,45127606
2026-09-11,3657,97.29,2,4743125
2026-09-11,3659,86.05,16,47139055
2026-09-11,3661,35.77,38,30886000
2026-09-11,3662,53.41,26,98021670
2026-09-11,3663,64.83,11,70357002
2026-09-11,3664,68.46,7,52001484
2026-09-11,3665,61.4,85,122579919
2026-09-11,3666,83.3,16,115773635
2026-09-11,3669,58.62,9,54482432
2026-09-11,3671,87.86,7,12742653
2026-09-11,3672,55.91,20,22817063
2026-09-11,3673,41.54,68,168996200
2026-09-11,3674,71.06,7,12660570
2026-09-11,3675,57.87,5,30711464
2026-09-11,3678,52.5,13,13877100
2026-09-11,3679,65.87,25,41522558
2026-09-11,3680,58.18,44,56145478
2026-09-11,3681,95.08,6,112878521
2026-09-11,3683,100.0,1,63777668
2026-09-11,3684,61.56,10,18664357
2026-09-11,3685,61.35,30,48826152
2026-09-11,3686,21.74,14,16640775
2026-09-11,3687,37.330000000000005,6,11248861
2026-09-11,3688O,67.86999999999999,11,67330066
2026-09-11,3689,25.44,23,22790493
2026-09-11,3690,89.17,6,53832220
2026-09-11,3691,58.74,15,53987900
2026-09-11,3693,54.21,15,23317453
2026-09-11,3694,57.75,18,89482652
2026-09-11,3701,72.78,21,172287708
2026-09-11,3702,82.61,350,1447280659
2026-09-11,3703,72.27,106,595066511
2026-09-11,3704,65.67999999999999,81,272937041
2026-09-11,3705,69.23,70,184481969
2026-09-11,3706,56.34,131,747958587
2026-09-11,3707,45.010000000000005,40,180644763
2026-09-11,3708,50.370000000000005,24,48141376
2026-09-11,3709,71.60000000000001,18,104262399
2026-09-11,3710,32.879999999999995,81,94504545
2026-09-11,3711,86.55999999999999,795,3884122372
2026-09-11,3712,57.82,27,142430803
2026-09-11,3713,56.46,31,49758810
2026-09-11,3714,43.8,122,323284830
2026-09-11,3715,29.21,59,82892993
2026-09-11,3716,52.83,35,79583602
2026-09-11,3717,36.67,52,77647668
2026-09-11,3718,42.12,56,164773323
2026-09-11,4102,46.5,12,19713067
2026-09-11,4104,45.35,24,85470885
2026-09-11,4105,48.28,68,120071164
2026-09-11,4106,50.92,17,51406805
2026-09-11,4107,61.69,24,42765030
2026-09-11,4108,29.09,27,57795965
2026-09-11,4109,43.96,29,52219750
2026-09-11,4111,43.5,24,26036627
2026-09-11,4113,74.41,74,172041687
2026-09-11,4114,44.120000000000005,115,242970428
2026-09-11,4115,75.96,16,45588511
2026-09-11,4116,54.95,3,24491956
2026-09-11,4117,54.84,25,38850543
2026-09-11,4118,90.11,1,27027389
2026-09-11,4119,47.63,14,56935761
2026-09-11,4120,71.51,21,62047993
2026-09-11,4121,49.72,19,41342714
2026-09-11,4123,58.47,158,452745332
2026-09-11,4125,0.0,0,0
2026-09-11,4126,62.91,24,45685407
2026-09-11,4127,73.44,15,33616886
2026-09-11,4128,43.6,68,256550774
2026-09-11,4129,59.59,32,57486849
2026-09-11,4131,77.3,6,30835168
2026-09-11,4132,46.63,49,87673505
2026-09-11,4133,23.57,11,14281015
2026-09-11,4135,65.43,14,17321840
2026-09-11,4136,99.3,4,35896711
2026-09-11,4137,51.17999999999999,14,42241969
2026-09-11,4138,51.42,4,20535026
2026-09-11,4139,69.45,23,31274101
2026-09-11,4140,0.0,0,0
2026-09-11,4142,40.45,87,173839972
2026-09-11,4147,52.5,68,143474274
2026-09-11,4148,79.35,11,53357395
2026-09-11,4150,48.540000000000006,51,71483728
2026-09-11,4151,78.35000000000001,13,39203441
2026-09-11,4153,76.66999999999999,15,44990790
2026-09-11,4154,76.61,15,29414403
2026-09-11,4155,43.3,38,60506822
2026-09-11,4156,71.88,14,40644509
2026-09-11,4157,59.26,116,421990794
2026-09-11,4160,29.63,3,7910422
2026-09-11,4161,44.52,24,26633589
2026-09-11,4162,45.65,24,65619365
2026-09-11,4163,70.06,23,35519039
2026-09-11,4164,50.73,54,99291001
2026-09-11,4166,82.94000000000001,27,201627537
2026-09-11,4167,42.2,84,140004467
2026-09-11,4168,27.35,25,30798496
2026-09-11,4169,54.33,22,36102757
2026-09-11,4170,58.5,15,25616230
2026-09-11,4171,32.72,10,19007085
2026-09-11,4172,39.07,25,46739360
2026-09-11,4173,43.63,5,32553191
2026-09-11,4174,41.07,30,54070665
2026-09-11,4175,56.05,7,23724193
2026-09-11,4177,59.03,17,37091328
2026-09-11,4178,77.78,45,167994515
2026-09-11,4181,0.0,0,0
2026-09-11,4183,62.620000000000005,13,14909620
2026-09-11,4184,92.03,1,36063788
2026-09-11,4186,45.91,36,41334051
2026-09-11,4188,54.27,11,34384223
2026-09-11,4190,66.59,12,40802431
2026-09-11,4191,63.05,31,63164763
2026-09-11,4192,68.32,3,24028456
2026-09-11,4193,49.22,25,33295777
2026-09-11,4194,76.72,24,112001410
2026-09-11,4195,38.72,24,30996067
2026-09-11,4197,63.85,20,19275273
2026-09-11,4198,82.06,4,19785996
2026-09-11,4205,66.37,33,64841693
2026-09-11,4207,73.50999999999999,54,145965366
2026-09-11,4303,19.21,12,18200463
2026-09-11,4304,80.96000000000001,14,49424481
2026-09-11,4305,84.73,26,46626250
2026-09-11,4306,57.92,111,392051690
2026-09-11,4401,62.23,50,76375020
2026-09-11,4402,66.12,15,44960852
2026-09-11,4404,35.81,25,40227715
2026-09-11,4406,76.83,20,39895723
2026-09-11,4408,35.74,14,24184579
2026-09-11,4413,69.31,15,21709290
2026-09-11,4414,63.870000000000005,45,168554030
2026-09-11,4415,85.04,11,37065628
2026-09-11,4416,70.48,36,51872010
2026-09-11,4417,45.95,19,38603537
2026-09-11,4419,96.83,7,163832251
2026-09-11,4420,60.14,9,24336779
2026-09-11,4424,66.59,16,39856000
2026-09-11,4426,61.870000000000005,33,106874223
2026-09-11,4427,87.52,55,186041149
2026-09-11,4430,64.1,21,36074783
2026-09-11,4431,70.57,5,25791809
2026-09-11,4432,55.41,12,28039740
2026-09-11,4433,57.09,11,35011486
2026-09-11,4438,65.81,39,74665853
2026-09-11,4439,78.27,14,29919200
2026-09-11,4440,56.84,45,38442819
2026-09-11,4441,70.42,25,48024767
2026-09-11,4442,75.1,18,24702121
2026-09-11,4502,70.72,16,40654772
2026-09-11,4503,62.8,10,49200999
2026-09-11,4506,80.7,29,142886697
2026-09-11,4510,35.01,16,38186164
2026-09-11,4513,57.65,16,82908255
2026-09-11,4522,100.0,1,32106690
2026-09-11,4523,59.93,18,38944140
2026-09-11,4526,47.16,58,120228322
2026-09-11,4527,67.46000000000001,26,51383250
2026-09-11,4528,62.31,12,52461065
2026-09-11,4529,58.8,14,49728172
2026-09-11,4530,72.60999999999999,6,26000313
2026-09-11,4532,69.92999999999999,92,346194025
2026-09-11,4533,36.74,21,65583530
2026-09-11,4534,40.31,22,35002298
2026-09-11,4535,77.44,21,58608716
2026-09-11,4536,55.760000000000005,40,50651772
2026-09-11,4537,82.02,16,64678668
2026-09-11,4538,80.66,15,47975527
2026-09-11,4540,30.75,19,35442482
2026-09-11,4541,39.56,21,26772243
2026-09-11,4542,49.01,20,17543579
2026-09-11,4543,46.94,14,28062872
2026-09-11,4544,67.50999999999999,20,40707741
2026-09-11,4545,72.53999999999999,8,55876373
2026-09-11,4546,70.58,15,23846148
2026-09-11,4547,84.76,7,19792403
2026-09-11,4548,100.0,1,37500000
2026-09-11,4549,62.53,14,35648281
2026-09-11,4550,56.17,11,21256625
2026-09-11,4551,78.65,33,90653133
2026-09-11,4552,50.01,21,58031809
2026-09-11,4553,87.09,14,28762482
2026-09-11,4554,52.18,7,13738759
2026-09-11,4555,70.44,14,49310052
2026-09-11,4556,75.13,11,31787275
2026-09-11,4557,43.11,22,20687557
2026-09-11,4558,72.8,32,36409719
2026-09-11,4559,87.85000000000001,17,52718335
2026-09-11,4560,85.86,11,58481000
2026-09-11,4561,58.36,12,34162858
2026-09-11,4562,52.16,12,45680238
2026-09-11,4563,54.260000000000005,11,29825822
2026-09-11,4564,39.83,49,92759974
2026-09-11,4565,79.87,24,49321883
2026-09-11,4566,53.49,24,59064781
2026-09-11,4568,68.39,8,21920411
2026-09-11,4569,64.24,10,19664873
2026-09-11,4570,95.07,16,41835965
2026-09-11,4571,66.07,21,35035896
2026-09-11,4572,64.18,11,25684380
2026-09-11,4573,40.96,15,18727486
2026-09-11,4575,69.17,17,26755788
2026-09-11,4576,67.73,34,81159750
2026-09-11,4577,61.36,10,30157201
2026-09-11,4578,97.0,3,19693224
2026-09-11,4580,49.24,18,23054500
2026-09-11,4581,62.76,15,21279000
2026-09-11,4582,55.03,25,41553929
2026-09-11,4583,86.0,9,68966731
2026-09-11,4584,80.08,13,24028876
2026-09-11,4585,75.85,3,80246000
2026-09-11,4587,88.23,5,29117432
2026-09-11,4588,50.290000000000006,15,21627050
2026-09-11,4589,70.33,12,18320088
2026-09-11,4590,51.290000000000006,22,28141877
2026-09-11,4609,76.26,24,36573713
2026-09-11,4702,51.02,9,36908713
2026-09-11,4703,26.2,7,17239337
2026-09-11,4706,82.94999999999999,15,65573108
2026-09-11,4707,70.88999999999999,60,286260773
2026-09-11,4711,60.0,10,36643181
2026-09-11,4712,45.99,2,8473387
2026-09-11,4714,29.36,36,65178989
2026-09-11,4716,33.5,25,31654348
2026-09-11,4717,0.0,0,0
2026-09-11,4720,37.89,24,43404221
2026-09-11,4721,33.44,14,25084575
2026-09-11,4722,57.900000000000006,42,60362743
2026-09-11,4724,59.5,28,57130196
2026-09-11,4726,57.98,41,120090553
2026-09-11,4727,18.79,3,1368299
2026-09-11,4728,84.46,36,46017399
2026-09-11,4729,49.92,11,39571530
2026-09-11,4730,69.86,13,19471244
2026-09-11,4732,67.00999999999999,30,33277376
2026-09-11,4734,14.95,2,1532051
2026-09-11,4735,53.37,15,22189360
2026-09-11,4736,51.17,18,48819092
2026-09-11,4737,62.82,27,48642389
2026-09-11,4738,58.63,7,45507019
2026-09-11,4739,38.14,24,47578323
2026-09-11,4741,49.25,11,17148425
2026-09-11,4743,45.69,74,219643367
2026-09-11,4744,51.900000000000006,25,29569926
2026-09-11,4745,61.830000000000005,24,40957692
2026-09-11,4746,40.76,38,49050253
2026-09-11,4747,76.27000000000001,39,69360756
2026-09-11,4749,33.66,25,31905348
2026-09-11,4752,89.77,6,75611332
2026-09-11,4754,36.69,6,11112211
2026-09-11,4755,68.69,15,69191823
2026-09-11,4758,92.15,6,26924543
2026-09-11,4760,36.5,7,11733621
2026-09-11,4762,99.67,8,20653185
2026-09-11,4763,60.83,113,601861285
2026-09-11,4764,75.17,27,64312477
2026-09-11,4765,55.3,16,17774860
2026-09-11,4766,69.97999999999999,28,84394444
2026-09-11,4767,62.74,11,19712146
2026-09-11,4768,35.04,17,16643544
2026-09-11,4769,100.0,1,691793400
2026-09-11,4770,64.19,24,51358737
2026-09-11,4771,59.71,24,35109732
2026-09-11,4772,48.83,26,72153527
2026-09-11,4773,94.99,14,69091469
2026-09-11,4801,98.7,2,46593772
2026-09-11,4802,87.92,2,16578506
2026-09-11,4803,57.43,8,33935500
2026-09-11,4804,62.0,11,44648000
2026-09-11,4805,0.0,0,0
2026-09-11,4806,89.08999999999999,10,89054520
2026-09-11,4807,68.23,16,33435280
2026-09-11,4903,42.81,13,45115670
2026-09-11,4904,93.48,378,3373228249
2026-09-11,4905,81.68,18,23906292
2026-09-11,4906,27.21,88,123067718
2026-09-11,4907,85.42,9,100943068
2026-09-11,4908,57.77,24,45192829
2026-09-11,4909,24.83,11,23195173
2026-09-11,4911,58.15,20,40036890
2026-09-11,4912,52.22,24,34987920
2026-09-11,4913,25.75,3,2490000
2026-09-11,4914,77.03999999999999,5,7704594
2026-09-11,4915,59.65,123,281536950
2026-09-11,4916,25.15,18,31226649
2026-09-11,4917,97.57,5,29276154
2026-09-11,4919,62.94,46,284788273
2026-09-11,4920,93.69,6,39149436
2026-09-11,4922,25.44,12,11446009
2026-09-11,4923,39.29,16,14727174
2026-09-11,4924,71.01,20,26397936
2026-09-11,4925,50.09,31,35604528
2026-09-11,4927,27.37,69,72579154
2026-09-11,4929,0.0,0,0
2026-09-11,4930,63.64,13,50929279
2026-09-11,4931,30.98,21,20371034
2026-09-11,4932,0.0,0,0
2026-09-11,4933,63.46,11,52491055
2026-09-11,4934,34.59,23,77876627
2026-09-11,4935,62.52,25,80594086
2026-09-11,4938,79.57,408,2129406517
2026-09-11,4939,38.03,23,37372361
2026-09-11,4942,62.41,40,88869588
2026-09-11,4943,64.18,26,81328476
2026-09-11,4946,42.58,1,3770299
2026-09-11,4949,52.39,27,35594358
2026-09-11,4950,73.05,5,42188553
2026-09-11,4951,19.95,8,6817829
2026-09-11,4952,52.35,9,56985099
2026-09-11,4953,46.43,18,33971905
2026-09-11,4956,37.87,19,38047616
2026-09-11,4958,71.15,212,795384638
2026-09-11,4960,62.58,86,357856630
2026-09-11,4961,46.74,32,56686778
2026-09-11,4962,99.89,1,47602349
2026-09-11,4963,83.64,9,63121061
2026-09-11,4965,100.0,1,75500018
2026-09-11,4966,30.72,22,24270286
2026-09-11,4967,22.37,21,22067212
2026-09-11,4968,16.14,14,14902485
2026-09-11,4969,55.64,56,106296407
2026-09-11,4971,43.66,21,20614576
2026-09-11,4972,50.0,21,28458021
2026-09-11,4973,23.09,13,15088052
2026-09-11,4974,42.15,7,30572886
2026-09-11,4975,96.31,11,314557159
2026-09-11,4976,30.88,18,43625522
2026-09-11,4977,16.92,13,14007427
2026-09-11,4978,82.32,1,4116027
2026-09-11,4979,44.68,57,63862759
2026-09-11,4980,58.12,14,26282457
2026-09-11,4985,100.0,1,60580302
2026-09-11,4989,16.91,20,29259973
2026-09-11,4990,53.4,32,54862442
2026-09-11,4991,47.56,28,57743882
2026-09-11,4992,82.09,38,172475062
2026-09-11,4994,86.25,30,57263354
2026-09-11,4995,67.73,22,28857924
2026-09-11,4996,77.8,37,77094274
2026-09-11,4997,42.96,8,6302836
2026-09-11,4999,41.28,25,30738670
2026-09-11,5006,10.64,8,10322310
2026-09-11,5007,87.75,44,258904863
2026-09-11,5009,49.56,107,298658932
2026-09-11,5011,48.7,30,49042274
2026-09-11,5013,87.46,44,116710628
2026-09-11,5014,37.92,51,69530889
2026-09-11,5015,52.06,19,31579822
2026-09-11,5016,65.97,15,32744286
2026-09-11,5017,0.0,0,0
2026-09-11,5201,57.3,19,22166768
2026-09-11,5202,53.91,14,48036839
2026-09-11,5203,43.05,17,33303043
2026-09-11,5204,18.86,1,1183712
2026-09-11,5205,74.44000000000001,2,10050861
2026-09-11,5206,85.72,34,154407710
2026-09-11,5207,38.6,8,6114024
2026-09-11,5209,53.8,4,15990325
2026-09-11,5210,48.13,19,39566771
2026-09-11,5211,47.96,12,15361386
2026-09-11,5212,78.41,15,27158949
2026-09-11,5213,86.25999999999999,83,622412643
2026-09-11,5215,53.34,22,34325960
2026-09-11,5216,82.4,11,14709629
2026-09-11,5220,44.66,20,17721965
2026-09-11,5221,11.31,1,630000
2026-09-11,5222,31.91,24,29105014
2026-09-11,5223,62.23,12,27729271
2026-09-11,5225,44.79,11,35459806
2026-09-11,5226,52.74,11,12293000
2026-09-11,5227,28.21,24,27099934
2026-09-11,5228,55.61,13,21168987
2026-09-11,5229,96.51,13,54236666
2026-09-11,5230,25.380000000000003,17,14303992
2026-09-11,5232,99.99,2,20499946
2026-09-11,5233,85.35000000000001,23,236705459
2026-09-11,5234,65.03,19,66813431
2026-09-11,5236,62.46,6,37489976
2026-09-11,5238,83.48,15,56186971
2026-09-11,5239,30.08,8,7434218
2026-09-11,5240,53.83,16,14312072
2026-09-11,5242,72.3,45,90323150
2026-09-11,5243,57.29,27,96577334
2026-09-11,5244,47.11,31,32167700
2026-09-11,5245,59.02,19,27222994
2026-09-11,5246,33.66,10,15143282
2026-09-11,5247,75.94,12,56961429
2026-09-11,5248,59.190000000000005,5,14505635
2026-09-11,5250,97.08,1,37966770
2026-09-11,5251,33.49,4,11304878
2026-09-11,5253,81.05000000000001,20,33193693
2026-09-11,5254,75.66999999999999,8,17109064
2026-09-11,5256,69.00999999999999,24,49433143
2026-09-11,5257,79.63999999999999,27,105734970
2026-09-11,5258,50.77,37,56043867
2026-09-11,5259,82.07000000000001,8,35759692
2026-09-11,5262,55.99,25,29515964
2026-09-11,5263,54.99,34,43423109
2026-09-11,5265,0.0,0,0
2026-09-11,5267,62.14,13,15723437
2026-09-11,5269,59.54,12,44163985
2026-09-11,5271,29.51,13,18741578
2026-09-11,5272,23.93,15,13235707
2026-09-11,5274,35.010000000000005,14,14567366
2026-09-11,5275,30.86,6,3169146
2026-09-11,5276,88.33000000000001,6,34896000
2026-09-11,5278,82.87,70,248644397
2026-09-11,5279,94.52,3,29306693
2026-09-11,5282,85.81,10,21463358
2026-09-11,5283,60.94,22,53397333
2026-09-11,5284,57.27,13,30302483
2026-09-11,5285,63.440000000000005,36,64748435
2026-09-11,5286,79.97,6,11795138
2026-09-11,5287,57.99,22,34990529
2026-09-11,5288,69.5,15,48454364
2026-09-11,5289,30.4,26,29323706
2026-09-11,5291,42.8,21,17938269
2026-09-11,5292,57.27,19,26536105
2026-09-11,5294,0.0,0,0
2026-09-11,5295,85.65,15,24968239
2026-09-11,5296,35.94,7,7760467
2026-09-11,5297,18.81,9,7086305
2026-09-11,5299,50.97,10,26119015
2026-09-11,5301,80.11,10,52792869
2026-09-11,5302,50.69,20,81087252
2026-09-11,5304,88.1,23,288109074
2026-09-11,5306,69.72999999999999,23,87892079
2026-09-11,5307,41.190000000000005,93,174328217
2026-09-11,5309,33.97,35,78723369
2026-09-11,5310,57.03,15,16513518
2026-09-11,5312,55.74,17,33483521
2026-09-11,5314,46.92,154,566135341
2026-09-11,5315,30.69,27,32663712
2026-09-11,5321,60.15,21,35827521
2026-09-11,5324,81.16,47,183772133
2026-09-11,5325,33.49,8,18574575
2026-09-11,5328,40.17,18,69406376
2026-09-11,5336,0.0,0,0
2026-09-11,5340,59.82,31,116640382
2026-09-11,5344,75.59,7,60065365
2026-09-11,5345,78.88,2,29813960
2026-09-11,5346,37.74,304,515907502
2026-09-11,5347,83.87,249,1575899246
2026-09-11,5348,53.12,5,7850558
2026-09-11,5351,39.39,63,129581847
2026-09-11,5353,55.4,30,41986460
2026-09-11,5355,70.7,44,117487394
2026-09-11,5356,44.01,23,45367379
2026-09-11,5364,70.3,14,44895330
2026-09-11,5372,23.67,13,11509481
2026-09-11,5376,33.739999999999995,8,11372544
2026-09-11,5381,55.970000000000006,32,116286184
2026-09-11,5385,23.880000000000003,2,2665849
2026-09-11,5386,37.91,9,20528733
2026-09-11,5387,91.32,2,41101749
2026-09-11,5388,44.17,91,134488096
2026-09-11,5392,36.11,20,63789945
2026-09-11,5395,0.0,0,0
2026-09-11,5398,58.14,19,28771792
2026-09-11,5403,47.11,34,36843896
2026-09-11,5410,34.36,19,32155658
2026-09-11,5414,59.72,20,40969592
2026-09-11,5425,33.59,40,88576381
2026-09-11,5426,55.760000000000005,22,80213866
2026-09-11,5432,54.1,4,11195533
2026-09-11,5434,54.98,76,106712121
2026-09-11,5438,75.19999999999999,10,84640715
2026-09-11,5439,36.75,31,34180310
2026-09-11,5442,20.65,12,13391310
2026-09-11,5443,39.75,23,65533329
2026-09-11,5450,81.31,11,99546261
2026-09-11,5452,42.56,21,63338244
2026-09-11,5455,93.99,25,61569785
2026-09-11,5457,52.09,32,102352768
2026-09-11,5460,57.06,30,33554673
2026-09-11,5464,72.78,30,55527006
2026-09-11,5465,72.26,17,106730473
2026-09-11,5467,86.39999999999999,11,73931230
2026-09-11,5468,65.67,12,38702425
2026-09-11,5469,72.46,74,352385167
2026-09-11,5471,26.52,34,44552801
2026-09-11,5473,0.0,0,0
2026-09-11,5474,56.66,8,22534462
2026-09-11,5475,25.82,20,32846465
2026-09-11,5478,79.21,29,123675575
2026-09-11,5481,64.37,22,45966842
2026-09-11,5483,58.27,155,373750611
2026-09-11,5484,37.95,11,25366569
2026-09-11,5487,71.21000000000001,15,17253381
2026-09-11,5488,46.25,31,42367065
2026-09-11,5489,85.36,14,87681865
2026-09-11,5490,34.58,25,33279187
2026-09-11,5492,98.66,1,70463021
2026-09-11,5493,44.87,18,19614208
2026-09-11,5497,26.21,14,17128758
2026-09-11,5498,34.76,25,67312306
2026-09-11,5501,28.1,4,5958710
2026-09-11,5505,65.49,47,90957954
2026-09-11,5506,66.77000000000001,34,101884724
2026-09-11,5508,69.1,20,150302220
2026-09-11,5511,68.53,43,93228545
2026-09-11,5512,61.870000000000005,159,474266582
2026-09-11,5514,92.31,50,218008260
2026-09-11,5515,71.33,58,143843239
2026-09-11,5516,70.82,15,36517260
2026-09-11,5519,57.35,43,132053580
2026-09-11,5520,83.78999999999999,23,50263690
2026-09-11,5521,59.66,106,293777924
2026-09-11,5522,88.48,57,691669708
2026-09-11,5523,92.48,31,143384219
2026-09-11,5524,30.78,22,18074033
2026-09-11,5525,88.4,69,281273178
2026-09-11,5529,73.34,19,77589181
2026-09-11,5530,83.03,50,348886278
2026-09-11,5531,85.98,84,840688856
2026-09-11,5532,31.03,8,5526963
2026-09-11,5533,80.97999999999999,79,231062371
2026-09-11,5534,68.31,83,215475910
2026-09-11,5536,56.81,62,70515245
2026-09-11,5538,93.91,22,188971286
2026-09-11,5541,82.05,10,21689146
2026-09-11,5543,72.38,28,33814233
2026-09-11,5546,84.53,18,69627763
2026-09-11,5547,66.68,14,34020176
2026-09-11,5548,65.21,18,38173926
2026-09-11,5601,79.71,44,51666273
2026-09-11,5603,53.6,20,56230109
2026-09-11,5604,67.19,46,73096505
2026-09-11,5607,76.81,59,284741677
2026-09-11,5608,29.72,57,115829914
2026-09-11,5609,52.63,46,75232614
2026-09-11,5701,54.19,20,77516220
2026-09-11,5702,0.0,0,0
2026-09-11,5703,88.28999999999999,25,62024117
2026-09-11,5704,83.94,23,49417830
2026-09-11,5706,38.650000000000006,13,32392248
2026-09-11,5810,72.9,99,668300793
2026-09-11,5848,100.0,1,12299164593
2026-09-11,5859,96.81,47,1404362368
2026-09-11,5863,81.46000000000001,44,260904334
2026-09-11,5864,68.45,116,345456874
2026-09-11,5867,100.0,1,81500000
2026-09-11,5871,70.47999999999999,374,1230867555
2026-09-11,5871A,68.71000000000001,46,103084538
2026-09-11,5876,88.64,815,4352993177
2026-09-11,5878,72.75,13,18210334
2026-09-11,5880,75.16999999999999,1824,12084277679
2026-09-11,5901,77.87,2,17837451
2026-09-11,5902,85.22,16,80555595
2026-09-11,5903,91.42,26,204108888
2026-09-11,5904,79.57,185,847147660
2026-09-11,5905,46.14,40,129975639
2026-09-11,5906,86.27000000000001,9,30836216
2026-09-11,5907,69.16,29,135285706
2026-09-11,6005,70.07000000000001,281,1521495002
2026-09-11,6015,51.05,89,212852390
2026-09-11,6016,51.03,149,394308604
2026-09-11,6020,96.9,10,244568186
2026-09-11,6021,90.82,47,283622872
2026-09-11,6023,84.01,31,376390347
2026-09-11,6024,69.59,30,185655910
2026-09-11,6026,50.76,93,201170330
2026-09-11,6027,95.7,10,149047649
2026-09-11,6028,64.68,12,16174558
2026-09-11,6030,100.0,1,1000000000
2026-09-11,6031,100.0,1,2000000000
2026-09-11,6035,93.89,20,67109183
2026-09-11,6038,100.0,1,50000000
2026-09-11,6039,100.0,1,1000000000
2026-09-11,6040,100.0,1,82503000
2026-09-11,6101,87.89,39,102493388
2026-09-11,6103,90.69,5,12339055
2026-09-11,6104,19.41,16,17710758
2026-09-11,6107,40.96,17,35830813
2026-09-11,6108,56.55,44,87384705
2026-09-11,6109,48.97,31,43018652
2026-09-11,6110,18.42,7,5411979
2026-09-11,6111,45.76,25,49681383
2026-09-11,6112,58.97,13,111125299
2026-09-11,6113,53.24,8,27983975
2026-09-11,6114,72.79,8,31969559
2026-09-11,6115,60.32000000000001,29,113253540
2026-09-11,6116,43.31,197,1238655361
2026-09-11,6117,55.49,15,51855307
2026-09-11,6118,56.66,16,51516611
2026-09-11,6120,59.54,78,356753574
2026-09-11,6121,66.99,82,123944605
2026-09-11,6122,32.230000000000004,20,25184568
2026-09-11,6123,43.84,21,27234345
2026-09-11,6124,93.76,18,171131875
2026-09-11,6125,35.11,31,90992493
2026-09-11,6126,36.53,21,47587913
2026-09-11,6127,22.16,18,23988662
2026-09-11,6128,60.54,28,77274170
2026-09-11,6129,100.0,1,160574120
2026-09-11,6129O,17.119999999999997,15,31004495
2026-09-11,6130,63.1,17,29226069
2026-09-11,6131,41.19,9,14337192
2026-09-11,6132,35.49,25,22648506
2026-09-11,6133,47.64,21,55757403
2026-09-11,6134,55.14,18,45164222
2026-09-11,6135,38.45,12,29302404
2026-09-11,6136,47.2,33,54541453
2026-09-11,6137,38.83,29,39375649
2026-09-11,6138,46.55,23,35221360
2026-09-11,6139,63.35,69,149298112
2026-09-11,6140,45.48,16,24977101
2026-09-11,6141,52.120000000000005,38,59089681
2026-09-11,6142,58.78,53,194488949
2026-09-11,6143,26.47,17,22797042
2026-09-11,6144,89.54,3,34271642
2026-09-11,6146,54.78,29,55825812
2026-09-11,6147,63.46,137,472646090
2026-09-11,6148,35.2,7,16408561
2026-09-11,6149,39.03,7,12445340
2026-09-11,6150,16.14,7,7808891
2026-09-11,6151,36.47,19,20155711
2026-09-11,6152,24.41,31,40980083
2026-09-11,6153,46.63,96,296697270
2026-09-11,6154,63.35,21,50753506
2026-09-11,6155,53.08,21,46737069
2026-09-11,6156,39.65,22,42801214
2026-09-11,6158,42.35,16,23316534
2026-09-11,6160,38.76,16,26552260
2026-09-11,6161,41.57,7,23388708
2026-09-11,6162,52.0,24,41487376
2026-09-11,6163,44.15,34,65758144
2026-09-11,6164,23.23,18,18601626
2026-09-11,6165,50.94,27,39628696
2026-09-11,6166,74.08999999999999,56,161646503
2026-09-11,6167,43.81,34,63993830
2026-09-11,6168,45.57,21,93806378
2026-09-11,6169,31.04,4,7264944
2026-09-11,6170,57.66,19,56092252
2026-09-11,6171,87.49000000000001,23,87511892
2026-09-11,6172,91.42,9,27428232
2026-09-11,6173,66.24,35,113416784
2026-09-11,6174,62.1,13,31053762
2026-09-11,6175,61.26,23,91990318
2026-09-11,6176,43.02,102,150107182
2026-09-11,6177,76.07,125,359092130
2026-09-11,6179,48.33,54,86346921
2026-09-11,6180,51.48,34,90379736
2026-09-11,6181,12.14,6,5545988
2026-09-11,6182,25.36,85,162072181
2026-09-11,6183,77.44,32,116190360
2026-09-11,6184,72.17,29,117037493
2026-09-11,6185,50.44,45,75625152
2026-09-11,6186,51.46,30,100343206
2026-09-11,6187,53.61,48,52698583
2026-09-11,6188,42.24,38,117626577
2026-09-11,6189,35.05,69,92584920
2026-09-11,6190,35.68,44,70283465
2026-09-11,6191,57.76,54,288537189
2026-09-11,6192,56.29,37,54142380
2026-09-11,6193,61.38,38,109179448
2026-09-11,6194,57.27,20,27502144
2026-09-11,6195,53.24,7,26729497
2026-09-11,6196,71.04,42,156543630
2026-09-11,6197,44.2,25,55744058
2026-09-11,6198,94.58,8,162132442
2026-09-11,6199,82.05,22,50688044
2026-09-11,6201,69.11,21,61662209
2026-09-11,6202,41.31,45,95192416
2026-09-11,6203,59.22,16,48809021
2026-09-11,6204,29.71,3,6867007
2026-09-11,6205,45.27,24,37239687
2026-09-11,6206,54.7,44,78289030
2026-09-11,6207,16.74,17,15676471
2026-09-11,6208,65.42,43,61815294
2026-09-11,6209,38.38,43,70032821
2026-09-11,6210,54.11,16,18969855
2026-09-11,6212,91.82,27,93674680
2026-09-11,6213,66.94,78,243483340
2026-09-11,6214,66.81,54,181939644
2026-09-11,6215,33.0,15,27343058
2026-09-11,6216,38.83,25,37846479
2026-09-11,6217,24.39,25,28617153
2026-09-11,6218,56.03,24,36015200
2026-09-11,6219,69.84,21,87300625
2026-09-11,6220,63.67,53,93278094
2026-09-11,6221,74.49,20,125637662
2026-09-11,6222,90.08,10,86216142
2026-09-11,6223,50.42,34,49425951
2026-09-11,6224,42.260000000000005,30,36216489
2026-09-11,6225,71.28,7,19819725
2026-09-11,6226,29.66,26,34285143
2026-09-11,6227,70.47,5,53655423
2026-09-11,6228,80.44,5,20916832
2026-09-11,6229,35.09,5,14163550
2026-09-11,6230,87.81,3,75818982
2026-09-11,6231,32.62,11,14901893
2026-09-11,6232,18.77,60,84787180
2026-09-11,6233,28.450000000000003,17,23053942
2026-09-11,6234,53.92,18,54149999
2026-09-11,6235,40.53,23,81079049
2026-09-11,6236,92.72,4,38627813
2026-09-11,6237,18.63,11,14849518
2026-09-11,6239,62.35,168,473497493
2026-09-11,6240,84.96000000000001,10,19434674
2026-09-11,6241,56.69,6,25818286
2026-09-11,6242,63.69,7,20260755
2026-09-11,6243,20.76,6,9402416
2026-09-11,6244,32.25,69,124873788
2026-09-11,6245,44.88,25,65847579
2026-09-11,6246,62.99,7,23847295
2026-09-11,6248,48.92,24,48921854
2026-09-11,6249,14.82,1,425000
2026-09-11,6250,70.88000000000001,2,12937249
2026-09-11,6252,40.34,1,546393
2026-09-11,6253,0.0,0,0
2026-09-11,6254,49.51,13,15294450
2026-09-11,6256,0.0,0,0
2026-09-11,6257,46.21,136,223749796
2026-09-11,6258,0.0,0,0
2026-09-11,6259,42.82,3,12017462
2026-09-11,6261,39.510000000000005,29,50800599
2026-09-11,6262,28.67,5,5865881
2026-09-11,6263,44.14,8,27596005
2026-09-11,6264,71.79,28,97923111
2026-09-11,6265,46.96,24,55517376
2026-09-11,6266,38.78,37,59688010
2026-09-11,6267,0.0,0,0
2026-09-11,6268,0.0,0,0
2026-09-11,6269,32.0,62,103665677
2026-09-11,6270,40.96,16,29561997
2026-09-11,6271,49.09,61,102660886
2026-09-11,6272,50.83,33,41574355
2026-09-11,6274,63.52,95,190331107
2026-09-11,6275,29.56,16,23765323
2026-09-11,6276,50.91,3,11223830
2026-09-11,6277,57.86,44,69157629
2026-09-11,6278,62.41,89,182578535
2026-09-11,6279,47.36,38,56396094
2026-09-11,6280,99.95,1,65459517
2026-09-11,6281,55.86,36,55422817
2026-09-11,6282,40.830000000000005,107,349663529
2026-09-11,6283,62.81,21,92731112
2026-09-11,6284,48.98,16,72998330
2026-09-11,6285,63.09,106,305100818
2026-09-11,6287,94.0,7,114177823
2026-09-11,6289,0.0,0,0
2026-09-11,6290,39.39,53,66860320
2026-09-11,6291,62.85,5,26398251
2026-09-11,6292,46.87,8,21849716
2026-09-11,6293,0.0,0,0
2026-09-11,6294,37.29,4,9714911
2026-09-11,6295,22.33,1,421634
2026-09-11,6296,0.0,0,0
2026-09-11,6297,99.9,1,13129198
2026-09-11,6299,98.35,1,25154338
2026-09-11,6402,64.00999999999999,24,37276176
2026-09-11,6403,41.54,1,6369110
2026-09-11,6404,67.09,5,16342729
2026-09-11,6405,52.39,24,34483010
2026-09-11,6406,58.18,5,20743917
2026-09-11,6407,37.33,18,28060056
2026-09-11,6409,66.28,37,58505948
2026-09-11,6411,34.58,32,34428346
2026-09-11,6412,77.96000000000001,45,312553342
2026-09-11,6414,62.76,57,98667848
2026-09-11,6415,79.57,163,310464095
2026-09-11,6416,49.28,18,36155902
2026-09-11,6417,67.93,20,28723574
2026-09-11,6418,57.38,10,19815563
2026-09-11,6419,39.98,4,5262365
2026-09-11,6423,40.67,12,12617574
2026-09-11,6425,42.57000000000001,14,21882503
2026-09-11,6426,50.46,11,19440527
2026-09-11,6427,100.0,1,56998677
2026-09-11,6428,91.64,3,16204735
2026-09-11,6429,38.120000000000005,5,3530082
2026-09-11,6431,70.85,21,69016252
2026-09-11,6432,31.05,11,12476473
2026-09-11,6434,85.19,21,394993165
2026-09-11,6435,51.59,4,19331891
2026-09-11,6436,98.56,1,17921525
2026-09-11,6437,65.0,19,21002715
2026-09-11,6438,34.540000000000006,23,28407300
2026-09-11,6441,45.95,7,24506791
2026-09-11,6442,56.22,35,46009673
2026-09-11,6443,16.55,42,84968700
2026-09-11,6446,56.57,159,239061094
2026-09-11,6449,71.42999999999999,26,65655051
2026-09-11,6451,65.57,17,77290260
2026-09-11,6452,39.22,24,39295392
2026-09-11,6453,0.0,0,0
2026-09-11,6455,68.47999999999999,16,25409235
2026-09-11,6456,49.99,47,169009366
2026-09-11,6458,65.25,6,17483193
2026-09-11,6461,60.05,19,66270427
2026-09-11,6462,30.84,19,28159606
2026-09-11,6464,85.81,44,114948374
2026-09-11,6465,63.38,13,37450163
2026-09-11,6467,32.19,13,16881406
2026-09-11,6468,98.62,1,11908580
2026-09-11,6469,47.56,31,75704341
2026-09-11,6470,41.73,2,15732927
2026-09-11,6471,0.0,0,0
2026-09-11,6472,56.45,35,72298483
2026-09-11,6473,77.08,26,46260556
2026-09-11,6474,67.26,29,35340448
2026-09-11,6475,73.13,12,25443151
2026-09-11,6477,40.79,20,50624734
2026-09-11,6479,86.78999999999999,9,49743233
2026-09-11,6481,96.01,6,26121892
2026-09-11,6482,67.6,8,19358223
2026-09-11,6483,43.71,34,29221990
2026-09-11,6484,100.0,1,25000000
2026-09-11,6485,25.62,10,12143981
2026-09-11,6486,43.11,5,21942600
2026-09-11,6488,77.12,98,368806138
2026-09-11,6489,62.98,18,17933233
2026-09-11,6490,70.61999999999999,10,27375474
2026-09-11,6491,65.71,27,51265360
2026-09-11,6492,39.02,25,44850643
2026-09-11,6493,80.37,9,24151999
2026-09-11,6494,16.81,8,5311645
2026-09-11,6495,52.59,39,90506153
2026-09-11,6496,65.96000000000001,9,31198962
2026-09-11,6497,97.19,5,184631605
2026-09-11,6498,67.53999999999999,18,32071194
2026-09-11,6499,41.56,13,40320084
2026-09-11,6502,90.96,1,7930713
2026-09-11,6503,80.41,3,9659856
2026-09-11,6504,70.73,23,51360527
2026-09-11,6505,95.91,191,9138317850
2026-09-11,6506,60.97,39,50223158
2026-09-11,6508,61.95,16,53617493
2026-09-11,6509,37.31,50,73711846
2026-09-11,6510,54.56999999999999,10,17975423
2026-09-11,6511,72.03,24,43228928
2026-09-11,6512,36.03,10,9108794
2026-09-11,6515,48.16,15,17572538
2026-09-11,6516,52.71,14,29701533
2026-09-11,6517,21.24,5,6498032
2026-09-11,6518,84.47999999999999,12,28164334
2026-09-11,6523,63.08,8,28418005
2026-09-11,6525,67.53,25,87182191
2026-09-11,6526,78.71,16,131883402
2026-09-11,6527,44.98,7,11454367
2026-09-11,6529,71.81,7,9121241
2026-09-11,6530,15.37,5,5191047
2026-09-11,6531,65.53,63,106972168
2026-09-11,6532,36.57,17,13698653
2026-09-11,6533,19.93,6,10100606
2026-09-11,6534,83.8,32,86168732
2026-09-11,6535,64.42,37,108147323
2026-09-11,6536,74.31,9,19566576
2026-09-11,6538,52.39,24,21037645
2026-09-11,6539,85.23,10,20756987
2026-09-11,6540,99.05,3,218374577
2026-09-11,6541,70.91999999999999,42,188149179
2026-09-11,6542,84.71,14,35591859
2026-09-11,6543,66.94,29,41414559
2026-09-11,6545,44.15,7,9751106
2026-09-11,6546,40.97,14,27401981
2026-09-11,6547,35.56,68,121607732
2026-09-11,6548,87.26,90,829677897
2026-09-11,6549,31.340000000000003,28,25124290
2026-09-11,6550,76.55,81,685141960
2026-09-11,6551,83.69,11,60095270
2026-09-11,6552,58.37,7,48456950
2026-09-11,6555,69.50999999999999,17,82906836
2026-09-11,6556,77.41,12,22262720
2026-09-11,6558,41.81,11,39225756
2026-09-11,6559,52.92,11,12275632
2026-09-11,6560,40.51,7,13161430
2026-09-11,6561,72.99,12,56914634
2026-09-11,6562,52.76,10,62364985
2026-09-11,6563,32.870000000000005,12,9780343
2026-09-11,6564,64.97,11,46882821
2026-09-11,6565,40.17,9,10907320
2026-09-11,6566,84.51,6,27176138
2026-09-11,6567,88.53999999999999,30,91082879
2026-09-11,6568,41.92,8,12913869
2026-09-11,6569,68.08,9,29158896
2026-09-11,6570,43.5,14,16151067
2026-09-11,6572,68.77,15,71296423
2026-09-11,6573,64.22,15,51711469
2026-09-11,6574,79.56,8,17496894
2026-09-11,6575,54.400000000000006,18,73628675
2026-09-11,6576,67.72,37,106756228
2026-09-11,6577,74.0,7,44452556
2026-09-11,6578,64.3,20,46271554
2026-09-11,6579,84.21000000000001,15,142722171
2026-09-11,6580,57.81,42,64836515
2026-09-11,6581,90.0,18,100167438
2026-09-11,6582,74.25999999999999,12,78860865
2026-09-11,6583,82.44,9,13149542
2026-09-11,6584,74.55,26,53223142
2026-09-11,6585,75.91,9,55072806
2026-09-11,6586,62.31,35,133394101
2026-09-11,6587,100.0,1,17077556
2026-09-11,6588,22.66,5,7868822
2026-09-11,6589,58.28,59,179046586
2026-09-11,6590,56.88,13,14199594
2026-09-11,6591,25.61,8,10542390
2026-09-11,6592,79.88000000000001,62,512798676
2026-09-11,6592A,85.41,15,42707213
2026-09-11,6592B,81.33,17,40676000
2026-09-11,6593,46.15,14,14708369
2026-09-11,6595,80.57,25,40179600
2026-09-11,6596,26.8,6,10189435
2026-09-11,6597,81.16,7,24388662
2026-09-11,6598,53.73,41,55270739
2026-09-11,6599,76.44,4,16057199
2026-09-11,6601,86.86999999999999,5,38835670
2026-09-11,6602,0.0,0,0
2026-09-11,6603,53.43,60,89486328
2026-09-11,6604,84.44,10,36931589
2026-09-11,6605,67.31,41,111664011
2026-09-11,6606,70.66,41,77960342
2026-09-11,6607,81.0,5,7571136
2026-09-11,6608,96.78,8,58072702
2026-09-11,6609,58.57,8,42446570
2026-09-11,6610,81.25,10,167069609
2026-09-11,6611,91.68,1,1344901
2026-09-11,6612,64.89,20,30883524
2026-09-11,6613,59.440000000000005,7,46253725
2026-09-11,6614,74.22,6,59873913
2026-09-11,6615,51.510000000000005,12,11127600
2026-09-11,6616,62.11,10,22014135
2026-09-11,6617,67.57,27,86187945
2026-09-11,6618,29.08,30,30498622
2026-09-11,6620,62.690000000000005,55,104105536
2026-09-11,6621,36.81,10,13077647
2026-09-11,6622,65.34,14,23074849
2026-09-11,6624,74.14,8,16745466
2026-09-11,6625,49.58,15,28751824
2026-09-11,6626,77.35,4,6913191
2026-09-11,6627,77.55,16,21989644
2026-09-11,6629,84.02000000000001,10,32253995
2026-09-11,6633,95.66,1,10646001
2026-09-11,6634,66.22999999999999,25,47227403
2026-09-11,6635,100.0,1,32326000
2026-09-11,6637,59.22,9,15880789
2026-09-11,6638,70.5,7,21155563
2026-09-11,6639,71.43,18,41186056
2026-09-11,6640,65.67,3,18990750
2026-09-11,6641,60.24,16,21992668
2026-09-11,6642,58.790000000000006,12,21992624
2026-09-11,6643,37.17,7,15845631
2026-09-11,6645,43.72,24,26620332
2026-09-11,6648,64.82000000000001,21,32423131
2026-09-11,6649,53.45,19,22456128
2026-09-11,6650,80.17,17,24927598
2026-09-11,6651,51.78,18,17923457
2026-09-11,6652,79.07,38,108354896
2026-09-11,6653,95.45,1,5727323
2026-09-11,6654,79.55,12,32593289
2026-09-11,6655,86.08000000000001,24,69376160
2026-09-11,6656,90.33,4,11046738
2026-09-11,6657,35.480000000000004,27,31528108
2026-09-11,6658,43.15,12,15700993
2026-09-11,6659,80.78,23,69390578
2026-09-11,6660,100.0,1,42627034
2026-09-11,6661,66.05,6,15393809
2026-09-11,6662,47.66,10,12209931
2026-09-11,6664,54.81,24,33531409
2026-09-11,6665,65.83,8,29857610
2026-09-11,6666,78.82,9,37357222
2026-09-11,6667,51.04,10,25156633
2026-09-11,6668,54.08,13,57944004
2026-09-11,6669,60.290000000000006,39,113045895
2026-09-11,6670,78.18,64,108989305
2026-09-11,6671,75.17,36,45680455
2026-09-11,6672,32.97,27,27151692
2026-09-11,6673,30.57,4,8156409
2026-09-11,6674,84.27,9,57774440
2026-09-11,6676,61.51,43,104405317
2026-09-11,6677,63.98,13,35861167
2026-09-11,6679,53.07,17,29182509
2026-09-11,6680,72.69999999999999,10,17419979
2026-09-11,6681,0.0,0,0
2026-09-11,6682,53.09,25,80775559
2026-09-11,6683,20.42,5,5630807
2026-09-11,6684,36.46,6,16251883
2026-09-11,6688,73.88,12,14039420
2026-09-11,6689,48.95,25,33294661
2026-09-11,6690,59.88,3,17964993
2026-09-11,6691,67.64,44,82202525
2026-09-11,6692,71.74,16,42228986
2026-09-11,6693,41.08,11,18788151
2026-09-11,6695,49.3,16,52791157
2026-09-11,6696,63.82000000000001,246,529371029
2026-09-11,6697,66.75,6,18242211
2026-09-11,6698,38.35,14,25473685
2026-09-11,6699,85.49,16,41743594
2026-09-11,6701,97.98,3,358305811
2026-09-11,6702,79.72999999999999,98,605042815
2026-09-11,6703,51.24,13,18585574
2026-09-11,6704,45.150000000000006,35,47863644
2026-09-11,6705,73.6,10,13254210
2026-09-11,6706,25.32,19,19904036
2026-09-11,6707,80.07000000000001,15,47250617
2026-09-11,6708,52.06,12,15108315
2026-09-11,6709,64.27,22,44601459
2026-09-11,6712,39.87,23,40085170
2026-09-11,6713,60.25,15,17768186
2026-09-11,6715,76.99000000000001,21,52586341
2026-09-11,6716,35.03,11,10596082
2026-09-11,6717,75.04,13,18713710
2026-09-11,6719,48.4,13,51095156
2026-09-11,6720,58.13,20,17573030
2026-09-11,6721,50.55,9,12388050
2026-09-11,6722,76.78999999999999,16,67896215
2026-09-11,6723,58.68,12,17633821
2026-09-11,6724,62.32,2,4424880
2026-09-11,6725,64.52,10,23964766
2026-09-11,6726,100.0,1,17670000
2026-09-11,6727,28.1,12,7560029
2026-09-11,6728,63.32,9,19077261
2026-09-11,6729,47.9,11,13253427
2026-09-11,6730,74.31,20,26994205
2026-09-11,6731,99.44,1,54249491
2026-09-11,6732,49.440000000000005,4,24182895
2026-09-11,6733,48.69,26,65416710
2026-09-11,6734,59.56,15,24202971
2026-09-11,6735,48.61,16,22452003
2026-09-11,6736,93.39,1,2424263
2026-09-11,6737,80.8,23,48523385
2026-09-11,6738,66.86,24,24555818
2026-09-11,6739,57.37,9,13422037
2026-09-11,6741,70.0,38,84429498
2026-09-11,6742,35.08,20,25014802
2026-09-11,6743,63.61,28,95457840
2026-09-11,6744,65.84,7,10141232
2026-09-11,6746,99.59,2,24805196
2026-09-11,6748,35.17,20,25228936
2026-09-11,6749,100.0,1,12500000
2026-09-11,6750,59.09,22,26424515
2026-09-11,6751,64.67,4,14359828
2026-09-11,6752,47.77,19,17749340
2026-09-11,6753,58.9,24,69112376
2026-09-11,6754,83.11,9,54863413
2026-09-11,6755,53.73,16,21402463
2026-09-11,6756,62.49,8,43751757
2026-09-11,6757,75.24,30,345811033
2026-09-11,6758,81.83,3,11024696
2026-09-11,6760,100.0,1,8447352
2026-09-11,6761,39.07,9,13662075
2026-09-11,6762,77.6,18,28664432
2026-09-11,6763,61.38,20,112999604
2026-09-11,6764,98.27,2,37542917
2026-09-11,6767,59.29,10,23238250
2026-09-11,6768,81.7,34,163512067
2026-09-11,6770,48.17,563,2272619604
2026-09-11,6771,42.86,17,13371602
2026-09-11,6772,98.74,2,47422263
2026-09-11,6775,62.65,26,68620054
2026-09-11,6776,66.66,14,61069763
2026-09-11,6778,100.0,1,28031800
2026-09-11,6779,100.0,1,44417600
2026-09-11,6780,83.35,12,13731871
2026-09-11,6781,70.03999999999999,8,59836332
2026-09-11,6782,51.62,23,32538310
2026-09-11,6784,51.19,9,9767976
2026-09-11,6785,60.96,19,40737649
2026-09-11,6786,9.05,5,2792932
2026-09-11,6787,24.84,24,20140965
2026-09-11,6788,22.880000000000003,9,8875994
2026-09-11,6789,72.36,22,230384440
2026-09-11,6790,78.55,24,209904576
2026-09-11,6791,74.26,9,15487038
2026-09-11,6792,53.89,7,25807783
2026-09-11,6793,39.02,27,29519772
2026-09-11,6794,78.64999999999999,22,50064527
2026-09-11,6796,47.42,13,19082378
2026-09-11,6797,48.78,12,14997552
2026-09-11,6798,73.3,10,14351375
2026-09-11,6799,32.4,9,14152552
2026-09-11,6803,56.33,5,41015069
2026-09-11,6804,64.0,23,30408476
2026-09-11,6805,64.03,26,43913136
2026-09-11,6806,60.24,14,165489537
2026-09-11,6807,81.42,15,43976000
2026-09-11,6808,54.19,19,42201156
2026-09-11,6810,35.36,14,17494082
2026-09-11,6811,65.46000000000001,3,27137933
2026-09-11,6812,41.02,11,12558044
2026-09-11,6813,62.5,10,14622910
2026-09-11,6814,82.81,14,34681566
2026-09-11,6815,67.2,21,26689760
2026-09-11,6816,70.99,3,8648222
2026-09-11,6817,54.89,1,10110400
2026-09-11,6818,66.5,6,16962572
2026-09-11,6819,55.3,13,18791592
2026-09-11,6820,73.6,5,16380061
2026-09-11,6821,50.67,13,18130475
2026-09-11,6822,100.0,1,36300000
2026-09-11,6823,55.260000000000005,6,16876059
2026-09-11,6824,100.0,1,35590000
2026-09-11,6825,73.37,11,24692364
2026-09-11,6826,74.63999999999999,17,63865827
2026-09-11,6827,62.58,26,49642592
2026-09-11,6829,67.75,6,40097029
2026-09-11,6830,30.3,17,16592896
2026-09-11,6831,57.62,30,38907103
2026-09-11,6832,86.10000000000001,3,22742144
2026-09-11,6833,85.78999999999999,10,49751413
2026-09-11,6834,60.2,33,53281514
2026-09-11,6835,78.78,27,52137237
2026-09-11,6837,59.15,18,19422768
2026-09-11,6838,61.49,28,92877309
2026-09-11,6839,80.57000000000001,29,66100026
2026-09-11,6840,54.92999999999999,14,17344318
2026-09-11,6841,47.58,29,45329142
2026-09-11,6842,39.33,7,9102800
2026-09-11,6843,76.73,16,25560740
2026-09-11,6844,63.45,10,23751857
2026-09-11,6846,66.78,7,18078202
2026-09-11,6847,55.89,8,7956005
2026-09-11,6848,52.95,8,7559720
2026-09-11,6849,48.48,12,20334698
2026-09-11,6850,60.59,18,20053868
2026-09-11,6851,100.0,1,55380366
2026-09-11,6854,65.07,32,76593064
2026-09-11,6855,61.33,13,14263912
2026-09-11,6856,83.58,8,23574411
2026-09-11,6857,94.62,1,14408206
2026-09-11,6858,89.89,9,24470353
2026-09-11,6859,64.5,15,26840494
2026-09-11,6861,51.3,3,21348000
2026-09-11,6862,69.81,7,34909000
2026-09-11,6863,75.63,10,56650534
2026-09-11,6864,37.120000000000005,19,14067328
2026-09-11,6865,50.68,7,8031537
2026-09-11,6866,99.73,1,76018376
2026-09-11,6867,86.42,7,21176405
2026-09-11,6868,55.37,14,13874062
2026-09-11,6869,54.75,40,75487201
2026-09-11,6870,75.51,14,21808008
2026-09-11,6872,57.75,28,40863667
2026-09-11,6873,62.17,44,88704962
2026-09-11,6874,53.6,9,11796196
2026-09-11,6875,61.16,36,79043938
2026-09-11,6876,31.69,24,22361151
2026-09-11,6877,74.42,27,34960598
2026-09-11,6878,88.92999999999999,14,64609338
2026-09-11,6879,89.17,8,23596520
2026-09-11,6881,57.92,4,8690743
2026-09-11,6882,59.08,14,13710786
2026-09-11,6883,87.72,28,66908433
2026-09-11,6884,73.00999999999999,3,13428354
2026-09-11,6885,35.94,38,47870976
2026-09-11,6886,90.03,5,28641842
2026-09-11,6887,91.81,20,68141512
2026-09-11,6890,92.24,18,230891280
2026-09-11,6891,77.08,30,154713888
2026-09-11,6892,56.86,41,53480450
2026-09-11,6894,61.02,11,14532896
2026-09-11,6895,61.05,9,20824014
2026-09-11,6897,100.0,1,2372335
2026-09-11,6898,59.190000000000005,10,17179213
2026-09-11,6899,80.06,19,33947232
2026-09-11,6901,82.55,46,705067259
2026-09-11,6902,70.35,15,25018119
2026-09-11,6903,68.08000000000001,16,45401518
2026-09-11,6904,79.9,8,14783155
2026-09-11,6905,100.0,2,63912429
2026-09-11,6906,57.89,13,19418921
2026-09-11,6907,65.94,8,41262329
2026-09-11,6908,86.39,2,32121643
2026-09-11,6909,37.96,25,25627884
2026-09-11,6910,57.02,8,17407864
2026-09-11,6911,61.89,11,13620140
2026-09-11,6912,77.07000000000001,28,111008255
2026-09-11,6913,54.94,17,24097587
2026-09-11,6914,72.13,17,47779057
2026-09-11,6915,88.44,11,31220977
2026-09-11,6916,78.99000000000001,18,53328789
2026-09-11,6917,43.45,22,24030239
2026-09-11,6918,49.13,17,16991703
2026-09-11,6919,73.41,318,1143666983
2026-09-11,6920,63.56,36,131764932
2026-09-11,6921,78.02,11,25018764
2026-09-11,6922,62.9,9,17082410
2026-09-11,6923,69.71,37,63068490
2026-09-11,6924,82.21,6,16957500
2026-09-11,6925,60.48,9,12099512
2026-09-11,6926,80.72,25,40207227
2026-09-11,6927,67.96,14,25991904
2026-09-11,6928,79.69,11,68543757
2026-09-11,6929,89.57,6,40391901
2026-09-11,6930,100.0,1,90000000
2026-09-11,6931,70.06,40,46358749
2026-09-11,6932,80.5,79,348367016
2026-09-11,6933,66.62,10,28320458
2026-09-11,6934,65.99,15,23847465
2026-09-11,6935,82.34,13,30804164
2026-09-11,6936,76.2,20,55483108
2026-09-11,6937,64.14,25,43409961
2026-09-11,6938,67.45,6,8480583
2026-09-11,6939,63.09,11,22336662
2026-09-11,6940,54.31,109,174151628
2026-09-11,6942,100.0,1,43176880
2026-09-11,6943,100.0,1,194250000
2026-09-11,6944,54.65,43,54510736
2026-09-11,6945,62.82,27,61337937
2026-09-11,6946,93.9,34,304098090
2026-09-11,6947,70.3,31,74636418
2026-09-11,6949,93.5,180,1226673153
2026-09-11,6950,95.89,27,165847231
2026-09-11,6951,66.23,4,34444223
2026-09-11,6952,86.86000000000001,18,59373960
2026-09-11,6953,63.56,6,19079270
2026-09-11,6954,100.0,1,62918043
2026-09-11,6955,60.3,11,14955142
2026-09-11,6957,73.16,27,40815571
2026-09-11,6958,94.16,28,377943425
2026-09-11,6958A,83.86,7,33545234
2026-09-11,6959,40.760000000000005,12,15969669
2026-09-11,6961,44.45,6,11932043
2026-09-11,6962,52.3,76,257656761
2026-09-11,6963,87.86,3,14034478
2026-09-11,6965,92.43,19,144514038
2026-09-11,6967,65.44,16,19901280
2026-09-11,6968,57.790000000000006,17,28584776
2026-09-11,6969,54.010000000000005,15,23693711
2026-09-11,6971,73.78,16,28538196
2026-09-11,6972,83.82,9,19226244
2026-09-11,6973,67.46000000000001,20,27538867
2026-09-11,6976,80.58,109,469735716
2026-09-11,6977,39.12,8,5478291
2026-09-11,6978,98.31,3,29764005
2026-09-11,6979,59.53,4,7145005
2026-09-11,6980,77.53999999999999,6,23266897
2026-09-11,6982,63.98,14,26082000
2026-09-11,6983,43.49,9,7840301
2026-09-11,6984,56.57,14,10885985
2026-09-11,6985,100.0,1,9202274136
2026-09-11,6986,49.26,20,25695731
2026-09-11,6987,90.44,34,203050559
2026-09-11,6988,78.61,21,37425971
2026-09-11,6990,82.85,17,53210272
2026-09-11,6991,100.0,1,42991875
2026-09-11,6992,72.83000000000001,19,18719887
2026-09-11,6993,100.0,1,19054500
2026-09-11,6994,45.42,20,33703543
2026-09-11,6995,45.64,13,12327969
2026-09-11,6996,61.03,5,25692333
2026-09-11,6997,82.25999999999999,3,18181000
2026-09-11,6999,77.34,16,17882592
2026-09-11,7402,34.35,9,12123438
2026-09-11,7415,61.7,18,18640060
2026-09-11,7418,96.14,6,26493333
2026-09-11,7419,49.58,15,19839152
2026-09-11,7421,0.0,0,0
2026-09-11,7422,82.48,3,19199110
2026-09-11,7426,100.0,1,34040272
2026-09-11,7427,31.18,19,16854753
2026-09-11,7443,82.47,11,18146801
2026-09-11,7452,87.89,1,1757835
2026-09-11,7455,82.75,8,21105982
2026-09-11,7507,78.25,31,79909355
2026-09-11,7516,36.6,7,7069616
2026-09-11,7530,54.72,14,25456077
2026-09-11,7547,73.11,10,24834324
2026-09-11,7551,56.65,5,6856756
2026-09-11,7555,87.67,5,24834433
2026-09-11,7556,64.38,10,18799041
2026-09-11,7558,52.370000000000005,12,9755175
2026-09-11,7561,60.63,7,18244086
2026-09-11,7562,76.4,10,17406513
2026-09-11,7566,66.92,50,106932865
2026-09-11,7570,100.0,1,18588888
2026-09-11,7575,52.1,16,15635352
2026-09-11,7578,64.55,27,38796584
2026-09-11,7583,88.28999999999999,13,21722828
2026-09-11,7584,71.21000000000001,6,11726962
2026-09-11,7590,82.39,32,100848258
2026-09-11,7595,72.13999999999999,27,36416320
2026-09-11,7607,71.91,13,26362217
2026-09-11,7610,50.69,19,29772277
2026-09-11,7631,71.83,10,14470655
2026-09-11,7642,80.03,9,24130592
2026-09-11,7660,100.0,1,40644668
2026-09-11,7669,32.85,12,7230158
2026-09-11,7686,87.81,10,44005656
2026-09-11,7689,84.52,8,49458005
2026-09-11,7702,92.69,10,61184554
2026-09-11,7703,59.05,9,20527400
2026-09-11,7704,59.63,14,20142146
2026-09-11,7705,68.85,10,45494870
2026-09-11,7706,91.29,1,9129473
2026-09-11,7707,46.49,11,21258650
2026-09-11,7708,63.59,2,16218000
2026-09-11,7709,79.43,8,31065179
2026-09-11,7710,99.01,3,63277375
2026-09-11,7711,61.59,12,44170663
2026-09-11,7712,53.64,15,17472572
2026-09-11,7713,84.76,14,38560660
2026-09-11,7714,66.63,8,13995667
2026-09-11,7715,56.05,12,18369053
2026-09-11,7716,82.50999999999999,9,18570500
2026-09-11,7717,53.290000000000006,11,13235554
2026-09-11,7718,78.39,18,36344796
2026-09-11,7719,20.72,7,7468026
2026-09-11,7720,100.0,1,12470479
2026-09-11,7721,60.81,17,33677669
2026-09-11,7722,85.01,4,60890403
2026-09-11,7723,56.45,19,28019050
2026-09-11,7724,84.31,12,29836360
2026-09-11,7725,83.73,10,40471393
2026-09-11,7726,87.24000000000001,6,17716431
2026-09-11,7728,57.12,4,7915536
2026-09-11,7729,56.99,31,45996821
2026-09-11,7730,69.86,16,25713121
2026-09-11,7731,71.97000000000001,90,375753641
2026-09-11,7732,88.88999999999999,20,57512601
2026-09-11,7734,71.73,11,20088838
2026-09-11,7735,92.99,8,40302128
2026-09-11,7736,84.69,23,64382622
2026-09-11,7737,77.84,14,23170268
2026-09-11,7738,57.72,17,15797999
2026-09-11,7740,64.33,22,38616404
2026-09-11,7742,68.98,5,45922417
2026-09-11,7743,74.69,23,27258865
2026-09-11,7744,75.4,14,24196200
2026-09-11,7745,71.13,7,12769855
2026-09-11,7746,95.51,4,34542000
2026-09-11,7747,79.89,6,24105088
2026-09-11,7748,69.41,8,10066335
2026-09-11,7749,45.68,18,21245506
2026-09-11,7750,75.14,33,53990658
2026-09-11,7751,46.67,11,12554061
2026-09-11,7752,86.13,35,172307960
2026-09-11,7753,74.15,4,18541000
2026-09-11,7754,71.17,41,72009877
2026-09-11,7756,70.82000000000001,8,15076215
2026-09-11,7757,59.3,10,14293420
2026-09-11,7758,83.4,3,13427745
2026-09-11,7759,80.98,17,56976804
2026-09-11,7760,65.03,29,42956710
2026-09-11,7761,49.27,10,14242329
2026-09-11,7762,55.32,26,32143398
2026-09-11,7763,82.08000000000001,17,49269375
2026-09-11,7764,81.52,26,48919507
2026-09-11,7765,59.37,3,24153300
2026-09-11,7767,71.24,16,21447699
2026-09-11,7768,64.22999999999999,21,45019936
2026-09-11,7769,67.21,47,120980179
2026-09-11,7770,74.25999999999999,14,22327443
2026-09-11,7771,82.10000000000001,3,16434213
2026-09-11,7772,56.09,5,14864336
2026-09-11,7773,57.45,16,22935623
2026-09-11,7775,100.0,1,89500000
2026-09-11,7776,74.59,15,36637842
2026-09-11,7777,66.28999999999999,26,123716212
2026-09-11,7779,66.94999999999999,7,10783655
2026-09-11,7780,75.55,45,612235352
2026-09-11,7781,73.33000000000001,87,476491079
2026-09-11,7782,75.99,9,17643044
2026-09-11,7783,91.8,16,57326386
2026-09-11,7784,87.50999999999999,47,164199547
2026-09-11,7785,85.58,13,28535611
2026-09-11,7786,82.11,31,144524331
2026-09-11,7788,69.6,35,55518207
2026-09-11,7789,71.36999999999999,14,15122260
2026-09-11,7790,70.29,15,13066986
2026-09-11,7791,80.08,16,64080731
2026-09-11,7792,69.46000000000001,14,32416831
2026-09-11,7793,100.0,1,15397250
2026-09-11,7794,81.49,7,22820085
2026-09-11,7795,71.23,11,56166254
2026-09-11,7796,58.39,5,13411250
2026-09-11,7797,79.3,11,17644076
2026-09-11,7798,94.72,51,307054210
2026-09-11,7799,79.36,37,126815633
2026-09-11,7801,70.43,3,12890726
2026-09-11,7803,79.31,31,74905988
2026-09-11,7805,70.43,7,23333751
2026-09-11,7806,77.28999999999999,16,22611008
2026-09-11,7808,77.96,3,54579706
2026-09-11,7810,46.8,6,9480381
2026-09-11,7811,73.2,7,24440416
2026-09-11,7812,61.99,21,37463034
2026-09-11,7813,42.72,8,8212096
2026-09-11,7814,77.64999999999999,9,34951009
2026-09-11,7815,60.54,7,19969562
2026-09-11,7816,79.18,6,23187863
2026-09-11,7817,100.0,1,130000000
2026-09-11,7818,90.12,12,151368000
2026-09-11,7819,59.14,2,14941500
2026-09-11,7820,76.86999999999999,12,29041013
2026-09-11,7821,80.7,22,98419746
2026-09-11,7822,68.19,9,31080126
2026-09-11,7823,72.69,14,24347750
2026-09-11,7824,79.88,18,25036896
2026-09-11,7825,40.28,9,10323600
2026-09-11,7826,84.38,9,10127000
2026-09-11,7827,79.23,30,110955939
2026-09-11,7828,65.78,19,26670760
2026-09-11,7829,82.78999999999999,43,82307465
2026-09-11,7830,100.0,1,29800000
2026-09-11,7831,74.55,8,9993228
2026-09-11,7832,92.75,100,538079493
2026-09-11,7833,73.65,20,31684309
2026-09-11,7834,75.03,7,12364488
2026-09-11,7835,69.93,18,32553513
2026-09-11,7836,71.08,20,35194867
2026-09-11,7837,74.86,4,17072542
2026-09-11,7839,75.19,8,11352634
2026-09-11,7840,89.56,13,30453785
2026-09-11,7841,77.79,10,18827354
2026-09-11,7842,68.92999999999999,3,12583513
2026-09-11,7843,67.65,9,22627116
2026-09-11,7844,100.0,1,78681000
2026-09-11,7846,84.06,8,28934152
2026-09-11,7847,63.09,14,18300866
2026-09-11,7848,73.37,17,24493587
2026-09-11,7849,95.78,1,11391342
2026-09-11,7850,70.61,39,68975363
2026-09-11,7851,83.61,21,56609346
2026-09-11,7853,27.9,13,13465778
2026-09-11,7854,89.32,16,36003653
2026-09-11,7855,76.2,18,211384476
2026-09-11,7856,69.62,13,18926235
2026-09-11,7857,83.54,13,44692193
2026-09-11,7858,48.53,10,10794866
2026-09-11,7859,100.0,1,36200000
2026-09-11,7860,94.55,11,30259779
2026-09-11,7861,77.25,23,49920527
2026-09-11,7862,86.98,4,34795612
2026-09-11,7863,98.43,5,29533464
2026-09-11,7864,100.0,3,18355700
2026-09-11,7865,61.96,13,15573668
2026-09-11,7866,61.26,17,26449795
2026-09-11,7867,95.56,26,91760715
2026-09-11,7868,57.39,10,12768081
2026-09-11,7869,88.86,4,24207766
2026-09-11,7870,76.19,12,14022010
2026-09-11,7871,55.88,32,75057323
2026-09-11,7872,65.06,3,19521939
2026-09-11,7873,85.56,37,128282910
2026-09-11,7875,96.46,1,19292021
2026-09-11,7876,84.86,30,91171269
2026-09-11,7877,70.91,11,27560945
2026-09-11,7878,47.27,24,26547310
2026-09-11,7879,61.96,17,24789642
2026-09-11,7880,68.46000000000001,16,18149810
2026-09-11,7881,84.26,6,22751747
2026-09-11,7882,83.50999999999999,47,171459774
2026-09-11,7883,71.21000000000001,24,43438463
2026-09-11,7884,100.0,1,56000000
2026-09-11,7885,76.55,16,22355220
2026-09-11,7886,65.46000000000001,14,16353700
2026-09-11,7887,43.34,34,35430081
2026-09-11,7888,81.27,40,61154075
2026-09-11,7889,83.84,16,17426897
2026-09-11,7890,86.06,12,17904750
2026-09-11,7891,56.46,7,10971255
2026-09-11,7892,75.5,15,35647635
2026-09-11,7893,86.18,5,35168098
2026-09-11,7894,54.29,8,13033074
2026-09-11,7895,74.15,7,28770382
2026-09-11,7896,86.61999999999999,5,24171061
2026-09-11,7897,98.36,2,131432002
2026-09-11,7898,69.27,6,20810704
2026-09-11,7899,42.27,12,10271470
2026-09-11,7901,84.25,13,50561318
2026-09-11,7902,89.99000000000001,45,180553616
2026-09-11,7904,92.43,4,13866030
2026-09-11,7906,100.0,1,55775000
2026-09-11,7907,75.16999999999999,17,29614911
2026-09-11,7909,83.71000000000001,15,59098586
2026-09-11,7911,65.81,15,26329624
2026-09-11,7912,79.36,10,17612311
2026-09-11,7913,90.41,7,40817297
2026-09-11,7914,95.72,4,50592199
2026-09-11,7915,86.2,19,34573191
2026-09-11,7916,100.0,1,70000000
2026-09-11,7917,79.89,16,53462530
2026-09-11,7918,79.66,5,34338379
2026-09-11,7919,50.06,4,6358300
2026-09-11,7920,88.99000000000001,179,528684492
2026-09-11,7921,83.77,11,34190837
2026-09-11,7922,95.53,18,63225530
2026-09-11,7924,81.75999999999999,45,109230148
2026-09-11,7925,89.64999999999999,40,58829790
2026-09-11,7926,73.49000000000001,4,11027400
2026-09-11,7927,70.24,29,31406254
2026-09-11,7928,72.78,18,30231551
2026-09-11,7929,81.75999999999999,12,17723495
2026-09-11,7930,67.49,12,22789362
2026-09-11,7931,96.2,5,23706359
2026-09-11,7932,60.4,22,30210671
2026-09-11,7933,87.2,8,20551969
2026-09-11,7934,58.44,14,15216086
2026-09-11,7935,83.03,16,30724340
2026-09-11,7936,67.85,3,24454076
2026-09-11,7939,74.62,2,14612669
2026-09-11,7942,82.64,6,26259948
2026-09-11,7943,73.05,17,22396256
2026-09-11,7944,85.78999999999999,13,26394095
2026-09-11,7945,72.24,5,8340015
2026-09-11,7947,100.0,1,60363158
2026-09-11,7952,100.0,1,58550000
2026-09-11,8002,0.0,0,0
2026-09-11,8009,0.0,0,0
2026-09-11,8010,46.01,4,3068148
2026-09-11,8011,31.3,27,51971601
2026-09-11,8012,93.02,1,3534856
2026-09-11,8014,37.88,2,3344070
2026-09-11,8015,29.54,2,886424
2026-09-11,8016,44.84,51,53896165
2026-09-11,8018,21.62,1,746000
2026-09-11,8019,93.81,3,31800978
2026-09-11,8020,59.32,4,4902264
2026-09-11,8021,47.53,50,70059795
2026-09-11,8022,70.18,1,2105545
2026-09-11,8023,0.0,0,0
2026-09-11,8024,29.89,12,13506960
2026-09-11,8026,0.0,0,0
2026-09-11,8027,26.35,33,29831919
2026-09-11,8028,47.75,60,88250868
2026-09-11,8029,75.2,24,58687650
2026-09-11,8030,0.0,0,0
2026-09-11,8031,25.57,1,1150562
2026-09-11,8032,75.96,9,39360424
2026-09-11,8033,27.590000000000003,38,45474000
2026-09-11,8034,17.08,10,9672771
2026-09-11,8035,44.2,4,2964772
2026-09-11,8036,20.62,1,1579559
2026-09-11,8037,0.0,0,0
2026-09-11,8038,21.18,10,13202643
2026-09-11,8039,58.8,58,155225675
2026-09-11,8040,49.88,12,48125352
2026-09-11,8042,66.83,45,89481201
2026-09-11,8043,40.37,14,32264303
2026-09-11,8044,61.13,30,125211622
2026-09-11,8045,66.32000000000001,36,63044278
2026-09-11,8046,83.92,90,542367553
2026-09-11,8047,82.43,15,34352714
2026-09-11,8048,39.54,18,22831810
2026-09-11,8049,32.99,22,39039810
2026-09-11,8050,42.75,35,87740527
2026-09-11,8051,0.0,0,0
2026-09-11,8052,0.0,0,0
2026-09-11,8053,85.44,76,351941527
2026-09-11,8054,35.09,17,38167824
2026-09-11,8055,0.0,0,0
2026-09-11,8056,60.65,80,236600829
2026-09-11,8057,67.07,3,4255568
2026-09-11,8058,68.65,27,47245163
2026-09-11,8059,73.01,16,141737656
2026-09-11,8060,49.68,2,3022836
2026-09-11,8061,25.89,1,523331
2026-09-11,8062,0.0,0,0
2026-09-11,8064,46.5,42,85974676
2026-09-11,8065,37.58,3,1691650
2026-09-11,8066,38.03,12,13942473
2026-09-11,8067,81.35,9,16844083
2026-09-11,8068,62.06,17,50139001
2026-09-11,8069,74.74000000000001,290,863484828
2026-09-11,8070,73.51,100,533599928
2026-09-11,8071,32.91,13,19787320
2026-09-11,8072,60.2,10,48172597
2026-09-11,8073,0.0,0,0
2026-09-11,8074,38.65,23,33638442
2026-09-11,8076,34.27,64,100215405
2026-09-11,8077,82.07,4,18013206
2026-09-11,8080,84.74,5,56922645
2026-09-11,8081,36.88,22,31799858
2026-09-11,8082,71.71,22,76470102
2026-09-11,8083,56.4,13,19820047
2026-09-11,8084,61.010000000000005,22,42417695
2026-09-11,8085,41.36,28,57920934
2026-09-11,8086,44.76,34,88004045
2026-09-11,8087,57.73,21,22316912
2026-09-11,8088,17.75,6,10820477
2026-09-11,8089,41.55,8,27431492
2026-09-11,8091,45.65,22,26036964
2026-09-11,8092,61.09,25,34939759
2026-09-11,8093,67.55,7,38212529
2026-09-11,8094,43.02,10,7974559
2026-09-11,8095,51.29,6,4068255
2026-09-11,8096,43.36,29,64798232
2026-09-11,8097,72.78,21,43898594
2026-09-11,8098,57.32,8,7253806
2026-09-11,8099,82.3,19,82368998
2026-09-11,8101,81.4,3,42467584
2026-09-11,8102,38.9,10,9088932
2026-09-11,8103,47.53,29,37294232
2026-09-11,8104,33.43,7,34804401
2026-09-11,8105,63.84,42,281943687
2026-09-11,8106,60.81999999999999,3,2398312
2026-09-11,8107,53.79,20,40361131
2026-09-11,8108,0.0,0,0
2026-09-11,8109,54.01,35,44395794
2026-09-11,8110,50.43,42,261176699
2026-09-11,8111,36.19,26,39515388
2026-09-11,8112,38.3,87,216837203
2026-09-11,8112A,50.72,13,15223000
2026-09-11,8114,47.0,32,36104739
2026-09-11,8115,86.41,25,60501763
2026-09-11,8119,46.56,26,29653655
2026-09-11,8121,61.24,38,130484021
2026-09-11,8122,93.1,13,374716613
2026-09-11,8127,7.67,1,426795
2026-09-11,8130,70.92,21,33777755
2026-09-11,8131,70.96,27,313896045
2026-09-11,8143,0.0,0,0
2026-09-11,8147,45.07,14,19064788
2026-09-11,8150,61.96,143,436638857
2026-09-11,8152,100.0,1,54483000
2026-09-11,8155,46.510000000000005,16,29238716
2026-09-11,8157,78.64,2,21106644
2026-09-11,8162,74.75,27,51376508
2026-09-11,8163,45.14,43,126462689
2026-09-11,8171,61.24,27,69131341
2026-09-11,8172,0.0,0,0
2026-09-11,8176,33.400000000000006,19,23962157
2026-09-11,8182,66.63,12,71327793
2026-09-11,8183,48.27,18,58546057
2026-09-11,8197,84.91,4,52437254
2026-09-11,8201,58.16,16,36290999
2026-09-11,8204,0.0,0,0
2026-09-11,8210,65.82000000000001,29,82511723
2026-09-11,8213,50.6,84,137339523
2026-09-11,8215,53.13,28,170436416
2026-09-11,8218,0.0,0,0
2026-09-11,8219,0.0,0,0
2026-09-11,8221,0.0,0,0
2026-09-11,8222,36.23,13,24857265
2026-09-11,8225,79.64999999999999,4,17827859
2026-09-11,8227,32.64,10,12911894
2026-09-11,8234,55.09,37,77822309
2026-09-11,8240,54.0,21,54017756
2026-09-11,8249,57.13,16,78768732
2026-09-11,8255,51.56,17,52589798
2026-09-11,8259,0.0,0,0
2026-09-11,8261,42.23,15,50237144
2026-09-11,8264,0.0,0,0
2026-09-11,8271,41.940000000000005,23,54384162
2026-09-11,8272,38.04,6,7230785
2026-09-11,8276,48.36,2,1696622
2026-09-11,8277,21.77,13,19959856
2026-09-11,8279,60.22,5,16328737
2026-09-11,8281,44.49,8,13024976
2026-09-11,8284,64.4,19,30473589
2026-09-11,8286,0.0,0,0
2026-09-11,8287,70.24,1,17045992
2026-09-11,8289,43.010000000000005,16,29405446
2026-09-11,8291,71.89,3,12565803
2026-09-11,8297,92.95,1,13942779
2026-09-11,8298,81.52,3,20896844
2026-09-11,8299,39.31,64,87102953
2026-09-11,8307,99.42,6,125132412
2026-09-11,8325,0.0,0,0
2026-09-11,8329,90.98,36,255293762
2026-09-11,8341,49.11,16,63853458
2026-09-11,8342,72.31,9,24255472
2026-09-11,8345,83.5,15,50122109
2026-09-11,8349,71.22999999999999,37,148769175
2026-09-11,8349A,10.25,2,1025000
2026-09-11,8351O,80.5,9,40256290
2026-09-11,8354,65.44,32,51411109
2026-09-11,8358,38.75,55,97915095
2026-09-11,8359,83.33999999999999,26,113779988
2026-09-11,8361,0.0,0,0
2026-09-11,8367,70.66,33,65149767
2026-09-11,8374,71.81,12,80871326
2026-09-11,8375,77.08,6,5671437
2026-09-11,8380,19.38,2,1381332
2026-09-11,8382,66.04,81,193260151
2026-09-11,8383,52.58,30,59842005
2026-09-11,8390,46.18,21,44406543
2026-09-11,8391,100.0,1,1230000000
2026-09-11,8401,63.14,22,44633545
2026-09-11,8403,38.04,21,52383814
2026-09-11,8404,78.89,67,331346775
2026-09-11,8409,48.72,9,15595392
2026-09-11,8410,56.92,11,20832040
2026-09-11,8411,82.10000000000001,33,181597065
2026-09-11,8415,93.09,136,960404766
2026-09-11,8416,77.13,7,21759704
2026-09-11,8419,53.22,11,15971100
2026-09-11,8421,64.77,19,41345972
2026-09-11,8422,38.28,134,520700726
2026-09-11,8423,63.63,14,26551302
2026-09-11,8424,60.56,7,21844824
2026-09-11,8426,74.89,6,37639241
2026-09-11,8427,0.0,0,0
2026-09-11,8429,42.15,26,78342868
2026-09-11,8431,31.160000000000004,15,15207129
2026-09-11,8432,61.5,4,23627118
2026-09-11,8433,67.53999999999999,17,36823400
2026-09-11,8435,41.14,13,14485736
2026-09-11,8436,36.96,32,43541994
2026-09-11,8437,41.89,19,19704948
2026-09-11,8438,78.47,21,54897734
2026-09-11,8440,32.730000000000004,7,16457248
2026-09-11,8442,71.68,24,50312683
2026-09-11,8443,69.44,24,46397138
2026-09-11,8444,85.93,33,107536645
2026-09-11,8446,51.2,15,27097807
2026-09-11,8450,58.33,14,29933338
2026-09-11,8452,100.0,1,42000000
2026-09-11,8454,81.44999999999999,20,215873215
2026-09-11,8455,89.89999999999999,3,22675306
2026-09-11,8458,73.63,25,26403048
2026-09-11,8462,65.68,20,52812198
2026-09-11,8463,82.21000000000001,28,123341219
2026-09-11,8464,86.96000000000001,91,254888406
2026-09-11,8465,58.22,4,4716647
2026-09-11,8466,77.08,27,61243779
2026-09-11,8467,82.0,21,39674914
2026-09-11,8472,63.04,3,11182000
2026-09-11,8473,66.96,17,124102742
2026-09-11,8475,100.0,1,109000000
2026-09-11,8476,71.83,53,120358394
2026-09-11,8477,83.5,5,70292395
2026-09-11,8478,75.66,12,71102800
2026-09-11,8479,62.09,7,12455493
2026-09-11,8481,66.5,24,44302813
2026-09-11,8482,95.21,18,102318548
2026-09-11,8485,96.18,2,1507916
2026-09-11,8487,55.94,9,14846813
2026-09-11,8488,87.06,18,63999860
2026-09-11,8489,57.16,15,34282179
2026-09-11,8490,45.75,12,10876495
2026-09-11,8491,0.0,0,0
2026-09-11,8492,92.97,12,30963129
2026-09-11,8495,92.59,6,117860132
2026-09-11,8496,87.42999999999999,12,31195288
2026-09-11,8499,79.88000000000001,12,32888600
2026-09-11,8707,0.0,0,0
2026-09-11,8708,43.72,31,85066108
2026-09-11,8710,28.91,29,33404812
2026-09-11,8712,76.11,266,615150657
2026-09-11,8718,35.41,20,34378831
2026-09-11,8719,86.77000000000001,136,569745952
2026-09-11,8720,56.85,19,50901853
2026-09-11,8721,0.0,0,0
2026-09-11,8722,62.7,15,33024900
2026-09-11,8723,50.71,31,53019476
2026-09-11,8724,40.69,6,8235520
2026-09-11,8725,32.36,23,36306616
2026-09-11,8905,92.47,26,110472249
2026-09-11,8906,56.39,16,24839095
2026-09-11,8908,89.12,47,281071266
2026-09-11,8916,66.54,48,100089646
2026-09-11,8916A,0.0,0,0
2026-09-11,8917,82.65,69,134464717
2026-09-11,8921,85.56,24,39872910
2026-09-11,8923,82.32,10,25009020
2026-09-11,8924,38.79,22,32523806
2026-09-11,8925,41.31,123,150939116
2026-09-11,8926,57.17,131,474765050
2026-09-11,8927,83.66,112,350714191
2026-09-11,8928,49.22,13,25043527
2026-09-11,8929,45.67,10,23110005
2026-09-11,8930,69.02,35,56486621
2026-09-11,8931,81.46000000000001,14,99606581
2026-09-11,8932,79.15,76,283410771
2026-09-11,8933,52.96,44,173130176
2026-09-11,8934,94.77,1,7555940
2026-09-11,8935,50.870000000000005,25,57753178
2026-09-11,8936,30.64,55,76074046
2026-09-11,8937,90.9,53,392449252
2026-09-11,8938,57.48,59,90264516
2026-09-11,8940,70.75999999999999,24,47768373
2026-09-11,8941,67.23,20,23516619
2026-09-11,8942,51.3,62,102035786
2026-09-11,8945,0.0,0,0
2026-09-11,8977,96.97,8,46355327
2026-09-11,8996,48.6,51,45531300
2026-09-11,8999,63.95,29,23026555
2026-09-11,9103,12.34,33,25401471
2026-09-11,910322,29.5,5,6128000
2026-09-11,9105,27.03,370,434999106
2026-09-11,910861,37.2,13,12864500
2026-09-11,9110,43.75,25,23852001
2026-09-11,911608,31.09,13,10646356
2026-09-11,911611,41.32,27,36504899
2026-09-11,911613,5.99,1,666001
2026-09-11,911622,52.27,9,15683000
2026-09-11,911868,36.45,37,51052000
2026-09-11,912000,34.45,50,54918803
2026-09-11,9136,67.38,33,89190177
2026-09-11,916665,0.0,0,0
2026-09-11,9801,69.33999999999999,40,274558383
2026-09-11,9802,64.15,59,128991343
2026-09-11,9902,57.03,22,55947225
2026-09-11,9904,67.75,460,1997193569
2026-09-11,9905,74.36,45,226838935
2026-09-11,9906,78.76,24,71200654
2026-09-11,9907,74.60000000000001,182,1178374369
2026-09-11,9908,80.6,111,416287189
2026-09-11,9910,88.88000000000001,92,877957268
2026-09-11,9911,67.35,56,149776039
2026-09-11,9912,62.71,18,33741326
2026-09-11,9914,66.23,90,198081891
2026-09-11,9917,76.81,96,346657754
2026-09-11,9918,85.03,50,153543520
2026-09-11,9919,46.04,29,89995949
2026-09-11,9921,69.12,124,271086591
2026-09-11,9922,69.34,59,149806112
2026-09-11,9924,61.09,45,92120646
2026-09-11,9925,68.53,93,265623244
2026-09-11,9926,83.81,52,150474266
2026-09-11,9927,58.89,18,70703514
2026-09-11,9928,75.17999999999999,15,53180688
2026-09-11,9929,88.07000000000001,19,89216228
2026-09-11,9930,77.7,17,193166121
2026-09-11,9931,78.03,26,93960127
2026-09-11,9933,62.28,162,588337865
2026-09-11,9934,67.26,85,276540436
2026-09-11,9935,62.57,69,111314621
2026-09-11,9936,29.08,22,30454155
2026-09-11,9937,89.25,69,275876038
2026-09-11,9938,53.41,78,159219902
2026-09-11,9939,62.89,91,186103650
2026-09-11,9940,81.67,74,601953306
2026-09-11,9941,70.42,64,405537289
2026-09-11,9941A,82.12,23,82137832
2026-09-11,9942,52.35,25,43552938
2026-09-11,9943,71.10000000000001,13,89019110
2026-09-11,9944,78.80000000000001,43,83480984
2026-09-11,9945,66.1,351,1880353702
2026-09-11,9946,81.58,38,266462221
2026-09-11,9947,0.0,0,0
2026-09-11,9948,0.0,0,0
2026-09-11,9949,72.91,17,32716042
2026-09-11,9950,83.77999999999999,26,140545530
2026-09-11,9951,46.51,20,34107102
2026-09-11,9952,0.0,0,0
2026-09-11,9953,0.0,0,0
2026-09-11,9955,61.6,21,64347754
2026-09-11,9956,0.0,0,0
2026-09-11,9957,96.05,73,3093866868
2026-09-11,9958,46.42,44,114664938
2026-09-11,9959,0.0,0,0
2026-09-11,9960,77.74,17,26126359
2026-09-11,9961,93.39,16,64543057
2026-09-11,9962,46.68,26,42134291
2026-09-11,9963,100.0,1,9900000000
2026-09-11,9964,100.0,1,75927625
2026-09-11,9965,0.0,0,0
2026-09-11,Y5810A,100.0,1,100560316
2026-09-11,YCJ1AA,100.0,1,25894736
2026-09-11,YEK9AA,0.0,0,0
2026-09-11,YEL5,100.0,1,110090000
2026-09-11,YEL9,100.0,1,40372420
2026-09-11,YEQ5,100.0,1,40100000
2026-09-11,YEQ6,100.0,1,25039250
2026-09-11,YEQ7,100.0,1,27459600
2026-09-11,YEQ8,100.0,1,25408000
2026-09-11,YEQ9,100.0,1,25590000
2026-09-11,YER1,100.0,1,120000000
2026-09-11,YER3,100.0,1,28354000
2026-09-11,YES7,100.0,1,1037885
2026-09-11,YES7AA,100.0,1,617228
2026-09-11,YES8,100.0,1,38789212
2026-09-11,YET2,100.0,1,14459620
2026-09-11,YET5,100.0,1,561151515
2026-09-11,YET6,100.0,1,19221059
2026-09-11,YET7,100.0,1,16648950
2026-09-11,YEU2,100.0,1,41587064
2026-09-11,YEU5,100.0,2,35745069
2026-09-11,YEU8,100.0,1,14520934
2026-09-11,YEV2,100.0,1,11997000
2026-09-11,YEV6,100.0,1,29842026
2026-09-11,YEV8,100.0,1,22004771
2026-09-11,YFA8,100.0,1,24000000
2026-09-11,YFB4,100.0,1,3000000
2026-09-11,YFC1,100.0,1,10000000
2026-09-11,YFC4,100.0,1,39536015
2026-09-11,YFC5,100.0,1,25200000
2026-09-11,YFC9,100.0,1,60000000
2026-09-11,YFD5,100.0,1,122526557
2026-09-11,YFE2,100.0,1,30000000
2026-09-11,YFE9,100.0,1,4185000
2026-09-11,YFF2,100.0,1,12605950
2026-09-11,YFF3,100.0,1,20000000
2026-09-11,YFF7,100.0,1,85766666
2026-09-11,YFG9,100.0,1,41397238
2026-09-11,YFG9O,100.0,1,50200000
2026-09-11,YFJ1,100.0,1,21000000
2026-09-11,YFK1,100.0,1,319418495
2026-09-11,YFK2,100.0,1,9500000
2026-09-11,YFK4,100.0,1,35000000
2026-09-11,YFK8,100.0,1,7835403
2026-09-11,YFL7,100.0,1,169795723
2026-09-11,YFL9,100.0,1,44224000
2026-09-11,YFM1,100.0,1,467260000
2026-09-11,YFM2,100.0,1,49635902
2026-09-11,YFN3,0.0,0,0
2026-09-11,YFN5,100.0,1,41065428
2026-09-11,YFN6,100.0,1,3030000
2026-09-11,YFN9,100.0,1,27751204
2026-09-11,YFP5,100.0,1,22943000
2026-09-11,YFQ1,98.23,1,10836629
2026-09-11,YFQ3,100.0,1,29762500
2026-09-11,YFQ8,100.0,1,19682623
2026-09-11,YFR5,100.0,1,3500000
2026-09-11,YFR6,100.0,1,90000000
2026-09-11,YFR6AA,100.0,1,660000
2026-09-11,YFT2,100.0,1,91844901
2026-09-11,YFU5,100.0,1,190363503
2026-09-11,YFU6,88.00999999999999,10,20299022
2026-09-11,YFU7,100.0,1,7984526
2026-09-11,YG56AA,100.0,3,100000000
2026-09-11,YG83AE,100.0,1,1500000
2026-09-11,YGA1,100.0,1,48259363
2026-09-11,YGA5,100.0,1,32098300
2026-09-11,YGB1,0.0,0,0
2026-09-11,YGB2,99.19,1,6899576
2026-09-11,YGB6,100.0,1,2515000
2026-09-11,YGB7,100.0,1,12000000
2026-09-11,YGC3,100.0,1,32695408
2026-09-11,YGC5,100.0,1,108853500
2026-09-11,YGC6,100.0,1,60000000
2026-09-11,YGC7,100.0,1,13100000
2026-09-11,YGC8,100.0,1,13505258
2026-09-11,YGC9,100.0,1,6700000
2026-09-11,YGD3,100.0,1,110836800
2026-09-11,YGD6,100.0,1,29920000
2026-09-11,YGD7,100.0,1,14875000
2026-09-11,YGD9,100.0,1,28654707
2026-09-11,YGE1,100.0,1,287432769
2026-09-11,YGE2,100.0,1,545000
2026-09-11,YGE4,100.0,1,64910449
2026-09-11,YGE7,100.0,1,38860000
2026-09-11,YGE8,100.0,1,5070000
2026-09-11,YGE9,100.0,1,15250246
2026-09-11,YGF1,100.0,1,20393121
2026-09-11,YGG2,100.0,1,1000000
2026-09-11,YGG6,100.0,1,26000000
2026-09-11,YGG7,100.0,1,122220000
2026-09-11,YGG9,0.0,0,0
2026-09-11,YGH3,100.0,1,16000000
2026-09-11,YGH4,100.0,1,28918314
2026-09-11,YGH5,100.0,1,65200000
2026-09-11,YGJ1,100.0,1,31686700
2026-09-11,YGJ6,100.0,1,123729000
2026-09-11,YGK1,100.0,1,2000000
2026-09-11,YGK9,100.0,1,53000000
2026-09-11,YGL1,100.0,1,60660000
2026-09-11,YGL4,100.0,1,30000000
2026-09-11,YGL7,100.0,1,77235551
2026-09-11,YGL8,100.0,1,65520000
2026-09-11,YGM3,100.0,1,78973750
2026-09-11,YGM5,100.0,1,28575424
2026-09-11,YGM7,100.0,1,41937016
2026-09-11,YGN3,100.0,2,54675875
2026-09-11,YGN6,100.0,1,20683495
2026-09-11,YGN8,100.0,1,200000000
2026-09-11,YGP5,100.0,1,80000000
2026-09-11,YGP7,100.0,1,600000000
2026-09-11,YGQ2,100.0,1,3000000
2026-09-11,YGR2,100.0,1,4000000
2026-09-11,YGR3,100.0,1,20000000
2026-09-11,YGR9,100.0,1,23191320
2026-09-11,YGS2,100.0,1,10000000
2026-09-11,YGS5,100.0,1,6065000
2026-09-11,YGS5AA,100.0,1,437500
2026-09-11,YGS6,100.0,1,7008000
2026-09-11,YGS8,100.0,1,6188763
2026-09-11,YGS9,100.0,1,59437632
2026-09-11,YGT1,100.0,1,10009000
2026-09-11,YGT5,100.0,1,61047000
2026-09-11,YGT6,100.0,1,53640500
2026-09-11,YGU3,100.0,1,300000000
2026-09-11,YGU7,100.0,1,4898695
2026-09-11,YGU8,100.0,1,4788000
2026-09-11,YGV3,100.0,1,18050000
2026-09-11,YGV7,100.0,1,6000000
2026-09-11,YH12AA,100.0,1,31153147
2026-09-11,YHA5,100.0,2,194563302
2026-09-11,YHA7,100.0,1,11308000
2026-09-11,YHA9,100.0,1,38007675
2026-09-11,YHB2,100.0,1,18192198
2026-09-11,YHB4,100.0,1,34716000
2026-09-11,YHB7,100.0,1,10000000
2026-09-11,YHB8,100.0,1,17848705
2026-09-11,YHC2,100.0,2,172635000
2026-09-11,YHC7,100.0,1,20630325
2026-09-11,YHD1,100.0,1,8503492
2026-09-11,YHD3,100.0,1,151868752
2026-09-11,YHD4,100.0,1,14447252
2026-09-11,YHD5,100.0,1,27900000
2026-09-11,YHD6,100.0,1,6000000
2026-09-11,YHD8,100.0,1,7019910
2026-09-11,YHD9,100.0,1,1667647
2026-09-11,YHE1,100.0,1,30000000
2026-09-11,YHE4,100.0,1,6850000
2026-09-11,YHE5,100.0,1,56142869
2026-09-11,YHF4,96.6,1,38690000
2026-09-11,YHF9,100.0,1,3350000
2026-09-11,YHG1,100.0,1,27514706
2026-09-11,YHG4,100.0,1,14194594
2026-09-11,YHG5,100.0,1,130529137
2026-09-11,YHG5AA,100.0,1,24564339
2026-09-11,YHG6,100.0,1,27135568
2026-09-11,YHG8,100.0,1,9461256
2026-09-11,YHH1,100.0,1,147350000
2026-09-11,YHH7,100.0,1,36818000
2026-09-11,YHH8,100.0,1,13300000
2026-09-11,YHJ8,100.0,1,5600000
2026-09-11,YHJ9,100.0,1,11600000
2026-09-11,YHK1,100.0,1,500000
2026-09-11,YHK3,99.98,3,57709166
2026-09-11,YHK8,100.0,1,30831137
2026-09-11,YHK9,100.0,1,7880000
2026-09-11,YHL1,100.0,1,7307968
2026-09-11,YHL2,100.0,1,5557418
2026-09-11,YHL4,100.0,1,4250000
2026-09-11,YHL5,100.0,1,50000000
2026-09-11,YHL5AA,100.0,1,4752710
2026-09-11,YHL9,100.0,1,17500000
2026-09-11,YHM2,100.0,1,5275200
2026-09-11,YHM2AA,0.0,0,0
2026-09-11,YHN3,100.0,1,21988089
2026-09-11,YHN6,100.0,1,33007388
2026-09-11,YHP3,100.0,2,23800000
2026-09-11,YHP5,100.0,1,2009840
2026-09-11,YHP6,99.99,2,42661210
2026-09-11,YHQ2,100.0,1,5704112
2026-09-11,YHQ4,99.99,2,33601237
2026-09-11,YHQ6,100.0,1,31680036
2026-09-11,YHQ8,100.0,1,22575000
2026-09-11,YHQ8AA,100.0,1,4795000
2026-09-11,YHQ9,100.0,1,3460000
2026-09-11,YHR6,100.0,1,20300000
2026-09-11,YHR7,100.0,1,147500028
2026-09-11,YHR8,100.0,1,53921000
2026-09-11,YHR9,100.0,1,53025000
2026-09-11,YHS5,98.34,1,20447695
2026-09-11,YHS6,100.0,1,34604143
2026-09-11,YHS7,100.0,1,1088417
2026-09-11,YHS7AA,100.0,1,415000
2026-09-11,YHS7AB,0.0,0,0
2026-09-11,YHS8,100.0,1,24110000
2026-09-11,YHS9,100.0,1,20347059
2026-09-11,YHT1,100.0,1,9100000
2026-09-11,YHT2,100.0,1,16590000
2026-09-11,YHT4,100.0,1,30145637
2026-09-11,YHT7,100.0,1,268840332
2026-09-11,YHT8,100.0,1,80000000
2026-09-11,YHT9,100.0,2,280000000
2026-09-11,YHU2O,100.0,1,100650000
2026-09-11,YHU4,95.39,7,221996188
2026-09-11,YHU5,100.0,1,13300000
2026-09-11,YHU6,100.0,1,100000000
2026-09-11,YHV1,100.0,1,14000000
2026-09-11,YHV4,100.0,1,25580000
2026-09-11,YHV6,100.0,1,53000000
2026-09-11,YHV7,100.0,1,100000000
2026-09-11,YHV8,100.0,1,6037463
2026-09-11,YHV9,100.0,1,76000000
2026-09-11,YJA1,100.0,1,4500000
2026-09-11,YJA2,100.0,1,14010000
2026-09-11,YJA6,100.0,1,230300000
2026-09-11,YJB1,100.0,1,13964141
2026-09-11,YJB4,100.0,1,1000000
2026-09-11,YJB5,99.99,2,22338495
2026-09-11,YJB6,100.0,1,25552716
2026-09-11,YJB8,100.0,1,15975000
2026-09-11,YJB9,100.0,2,20914390
2026-09-11,YJC3,100.0,1,881107
2026-09-11,YJC4,100.0,1,33941000
2026-09-11,YJC8,100.0,2,27875000
2026-09-11,YJD1,100.0,1,8895944
2026-09-11,YJD2,100.0,1,95000000
2026-09-11,YJD4,100.0,1,25000000
2026-09-11,YJD5,100.0,1,38172400
2026-09-11,YJD7,99.59,1,60000000
2026-09-11,YJD9,100.0,1,14143458
2026-09-11,YJE1,0.0,0,0
2026-09-11,YJE3,100.0,1,130629068
2026-09-11,YJE6,100.0,1,12822833
2026-09-11,YJE7,100.0,1,6192000
2026-09-11,YJE8,100.0,1,21700000
2026-09-11,YJE9,100.0,1,12000000
2026-09-11,YJF1,100.0,1,38419720
2026-09-11,YJF3,100.0,1,800000
2026-09-11,YJF4,100.0,1,16024360
2026-09-11,YJF6,100.0,2,20648862
2026-09-11,YJF7,100.0,1,188000000
2026-09-11,YJF8,100.0,1,20000000
2026-09-11,YJF9,100.0,1,30274000
2026-09-11,YJG1,100.0,1,23000000
2026-09-11,YJG4,99.99,1,272487267
2026-09-11,YJG5,100.0,1,11082068
2026-09-11,YJG9,100.0,1,359468221
2026-09-11,YJG9AA,100.0,1,10000000
2026-09-11,YJH3,100.0,1,39000000
2026-09-11,YJH4,99.92,1,22763000
2026-09-11,YJH5,100.0,1,74500000
2026-09-11,YJH9,100.0,1,14997030
2026-09-11,YJJ2,100.0,1,70000000
2026-09-11,YJJ3,100.0,1,25586505
2026-09-11,YJJ4,100.0,1,27091000
2026-09-11,YJJ5,100.0,1,38203689
2026-09-11,YJJ7,100.0,1,9088085
2026-09-11,YJJ9,100.0,1,10000000
2026-09-11,YJK1,0.0,0,0
2026-09-11,YJK1AA,100.0,1,704400
2026-09-11,YJK4,100.0,1,5000000
2026-09-11,YJK5,100.0,1,60815832
2026-09-11,YJK6,100.0,1,40921364
2026-09-11,YJL2,100.0,1,10000000
2026-09-11,YJL3,100.0,1,30000000
2026-09-11,YJL4,100.0,1,13822809
2026-09-11,YJL7,100.0,1,24000000
2026-09-11,YJL8,100.0,2,28150000
2026-09-11,YJL9,100.0,1,39473685
2026-09-11,YJM2,100.0,1,8674376
2026-09-11,YJM2AA,100.0,1,1145651
2026-09-11,YJM2AB,100.0,1,683334
2026-09-11,YJM2AC,100.0,1,556120
2026-09-11,YJM3,100.0,1,61825929
2026-09-11,YJM4,100.0,1,18000000
2026-09-11,YJM6,100.0,1,57005338
2026-09-11,YJM8,100.0,1,33200000
2026-09-11,YJM9,100.0,1,38834441
2026-09-11,YJN1,100.0,1,40000000
2026-09-11,YJN5,100.0,1,25580000
2026-09-11,YJN8,100.0,1,7279500
2026-09-11,YJP1,100.0,1,66773449
2026-09-11,YJP2,100.0,1,1761880
2026-09-11,YJP3,100.0,1,23660000
2026-09-11,YJP6,100.0,1,33272967
2026-09-11,YJP8,100.0,1,43445000
2026-09-11,YJP9,100.0,1,194621114
2026-09-11,YJQ2,100.0,1,18010816
2026-09-11,YJQ3,100.0,2,32710247
2026-09-11,YJQ4,100.0,1,19648000
2026-09-11,YJQ5,100.0,1,93759589
2026-09-11,YJQ8,100.0,1,34919024
2026-09-11,YJQ9,99.99,2,34824020
2026-09-11,YJR1,100.0,1,40396834
2026-09-11,YJR2,100.0,1,13394950
2026-09-11,YJR4,100.0,1,20236400
2026-09-11,YJR5,100.0,1,2755292
2026-09-11,YJR8,100.0,1,33300000
2026-09-11,YJR9,100.0,1,12118731
2026-09-11,YJS1,100.0,1,19635000
2026-09-11,YJS2,78.86,19,90793027
2026-09-11,YJS7,100.0,1,54000000
2026-09-11,YJS9,100.0,1,45695791
2026-09-11,YJT2,99.29,2,25824063
2026-09-11,YJT5,100.0,1,13255220
2026-09-11,YJT6,100.0,1,11309592
2026-09-11,YJU1,100.0,2,16702000
2026-09-11,YJU2,100.0,1,57476035
2026-09-11,YJU3,100.0,1,16765500
2026-09-11,YJU4,100.0,1,60000000
2026-09-11,YJU7,100.0,1,164544000
2026-09-11,YJU8,100.0,1,500000
2026-09-11,YJU9,99.59,2,52250000
2026-09-11,YJV1,100.0,1,100000000
2026-09-11,YJV6,100.0,1,19465149
2026-09-11,YJV8,100.0,1,37959172
2026-09-11,YJV9,100.0,1,54450000
2026-09-11,YKA1,98.98,2,16085000
2026-09-11,YKA4,100.0,1,39566759
2026-09-11,YKA6,100.0,1,9534003
2026-09-11,YKA7,99.99,3,9450000
2026-09-11,YKB1,100.0,1,17167043
2026-09-11,YKB1AA,100.0,1,1979120
2026-09-11,YKB2,100.0,1,471860000
2026-09-11,YKB3,100.0,1,6000000
2026-09-11,YKB4,100.0,1,69961000
2026-09-11,YKB6,100.0,1,58305925
2026-09-11,YKB8,100.0,1,11037349
2026-09-11,YKB9,100.0,1,1015000
2026-09-11,YKC3,100.0,1,7000000
2026-09-11,YKC6,100.0,1,23000000
2026-09-11,YKC9,100.0,1,23400000
2026-09-11,YKD3,100.0,2,14750000
2026-09-11,YKD5,100.0,1,23100000
2026-09-11,YKD7,100.0,1,119671125
2026-09-11,YKD7AA,100.0,1,10395453
2026-09-11,YKD8,100.0,1,33259407
2026-09-11,YKE1,99.69,1,79118444
2026-09-11,YKE2,100.0,1,12000000
2026-09-11,YKE3,0.0,0,0
2026-09-11,YKE3O,100.0,1,172232666
2026-09-11,YKE6,99.55,2,19841720
2026-09-11,YKE7,100.0,1,9752000
2026-09-11,YKE8,100.0,1,37701379
2026-09-11,YKF1,100.0,1,16378330
2026-09-11,YKF2,100.0,1,1144165
2026-09-11,YKF3,100.0,1,125572455
2026-09-11,YKF8,100.0,1,351929429
2026-09-11,YKF8AB,100.0,1,3333334
2026-09-11,YKG2,100.0,1,9100000
2026-09-11,YKG3,100.0,1,63649262
2026-09-11,YKG4,100.0,1,16598480
2026-09-11,YKG4AA,100.0,1,1000000
2026-09-11,YKG4AB,100.0,1,32996076
2026-09-11,YKG4AC,100.0,1,1110000
2026-09-11,YKG6,100.0,1,40000000
2026-09-11,YKG7,100.0,1,40840000
2026-09-11,YKG7AA,100.0,1,20000000
2026-09-11,YKG9O,100.0,1,8973700
2026-09-11,YKH1,100.0,1,25000000
2026-09-11,YKH2,100.0,1,10974000
2026-09-11,YKH3,100.0,1,20000000
2026-09-11,YKH4,100.0,1,583487403
2026-09-11,YKH7,100.0,1,60000000
2026-09-11,YKH9,100.0,1,17660253
2026-09-11,YKJ1,100.0,1,30549211
2026-09-11,YKJ2,100.0,1,40000000
2026-09-11,YKJ4,100.0,1,33950000
2026-09-11,YKJ5,100.0,1,24488000
2026-09-11,YKK1,100.0,1,49800000
2026-09-11,YKK2,100.0,1,36810800
2026-09-11,YKK3,100.0,1,35000000
2026-09-11,YKK4,100.0,1,139917000
2026-09-11,YKL1,100.0,2,26503571
2026-09-11,YKM2,100.0,2,59264140
2026-09-11,YKM3,100.0,1,45000000
2026-09-11,YKM4,100.0,1,70000000
2026-09-11,YKM6,100.0,1,19942460
2026-09-11,YKM9,100.0,1,60000000
2026-09-11,YKN3,100.0,1,21522690
2026-09-11,YKN3AA,100.0,1,477310
2026-09-11,YKN5,100.0,1,131800000
2026-09-11,YKN6,99.99,2,37133142
2026-09-11,YKN7,100.0,1,27247461
2026-09-11,YKN9,100.0,1,1938600
2026-09-11,YKP1,100.0,1,56000000
2026-09-11,YKP3,100.0,1,17716384
2026-09-11,YKP4,100.0,1,144697958
2026-09-11,YKP5,100.0,1,6053000
2026-09-11,YKP6,100.0,1,35000000
2026-09-11,YKP8,100.0,1,19076521
2026-09-11,YKQ6,100.0,1,5000000
2026-09-11,YKQ7,100.0,1,28977401
2026-09-11,YKQ8,100.0,1,20000000
2026-09-11,YKQ9,100.0,1,18091773
2026-09-11,YKR2,100.0,1,27836000
2026-09-11,YKR6,100.0,1,22750000
2026-09-11,YKR8,100.0,1,48000000
2026-09-11,YKS1,100.0,1,70000000
2026-09-11,YKS3,100.0,1,17096104
2026-09-11,YKS4,100.0,1,1500000
2026-09-11,YKS5,100.0,1,9523656
2026-09-11,YKS6,100.0,1,126029200
2026-09-11,YKS7,98.47,2,33480000
2026-09-11,YKS9,100.0,3,20000000
2026-09-11,YKT1,99.4,2,46828078
2026-09-11,YKT5,100.0,1,12900000
2026-09-11,YKT6,100.0,1,6600000
2026-09-11,YKU1,100.0,1,62445423
2026-09-11,YKU2,100.0,1,11430000
2026-09-11,YKU4,100.0,1,9564943
2026-09-11,YKU5,100.0,1,10588166
2026-09-11,YKU7,100.0,1,25924950
2026-09-11,YKU8,100.0,1,20000000
2026-09-11,YKV1,100.0,1,12061000
2026-09-11,YKV2,100.0,2,27500000
2026-09-11,YKV5,100.0,1,24300000
2026-09-11,YKV6,100.0,1,50618600
2026-09-11,YKV7,100.0,1,12608613
2026-09-11,YKV8,100.0,1,48491777
2026-09-11,YLA1,100.0,1,26719500
2026-09-11,YLA4,100.0,1,160000000
2026-09-11,YLA5,100.0,1,20000000
2026-09-11,YLA6,99.99,2,73728000
2026-09-11,YLA7,100.0,1,34476000
2026-09-11,YLA8,100.0,1,78456000
2026-09-11,YLB1,100.0,1,2185000
2026-09-11,YLB2,100.0,1,136120000
2026-09-11,YLB3,100.0,1,68399409
2026-09-11,YLB4,100.0,1,16000000
2026-09-11,YLC1,100.0,1,48882151
2026-09-11,YLC2,100.0,1,746460000
2026-09-11,YLC5,100.0,1,16000000
2026-09-11,YLC6,100.0,1,15875000
2026-09-11,YLC7,99.88,2,26648000
2026-09-11,YLC8,100.0,1,8000000
2026-09-11,YLD1,100.0,1,26900000
2026-09-11,YLD2,100.0,1,226205940
2026-09-11,YLD3,100.0,1,16000000
2026-09-11,YLD5,100.0,1,6176526
2026-09-11,YLD6,100.0,1,35000000
2026-09-11,YLD7,100.0,1,35409182
2026-09-11,YLD8,100.0,1,33000000
2026-09-11,YLD9,100.0,1,17000000
2026-09-11,YLE2,100.0,1,47471904
2026-09-11,YLE3,100.0,1,3170000
2026-09-11,YLE5,100.0,1,22634294
2026-09-11,YLE6,100.0,1,4059764
2026-09-11,YLE7,100.0,2,100000000
2026-09-11,YLE8,100.0,1,24500000
2026-09-11,YLE9,100.0,1,15396727
2026-09-11,YLF1,100.0,1,6500000
2026-09-11,YLF2,100.0,1,9771559
2026-09-11,YLF2AA,100.0,1,2975873
2026-09-11,YLF2AB,100.0,1,1902363
2026-09-11,YLF2AC,100.0,1,5825766
2026-09-11,YLF2AD,100.0,1,4566807
2026-09-11,YLF3,100.0,1,86650000
2026-09-11,YLF4,100.0,1,17710000
2026-09-11,YLF5,100.0,1,82816443
2026-09-11,YLF6,100.0,1,40030000
2026-09-11,YLF7,100.0,1,18816698
2026-09-11,YLF8,100.0,1,20300000
2026-09-11,YLF9,100.0,1,40650000
2026-09-11,YLG1AA,100.0,1,2000000
2026-09-11,YLG2,100.0,1,459061829
2026-09-11,YLG5,100.0,1,31000000
2026-09-11,YLG6,100.0,1,7000000
2026-09-11,YLG7,100.0,1,15300000
2026-09-11,YLG8,100.0,1,20000000
2026-09-11,YLG9,100.0,1,23444566
2026-09-11,YLH2,100.0,1,94632000
2026-09-11,YLH3,100.0,1,15379321
2026-09-11,YLH4,100.0,1,5196144
2026-09-11,YLH5,99.99,2,24128000
2026-09-11,YLH6,100.0,1,4735164
2026-09-11,YLH7,100.0,1,16531250
2026-09-11,YLH8,100.0,1,17038735
2026-09-11,YLH9,100.0,1,26038930
2026-09-11,YLJ2,100.0,2,22300000
2026-09-11,YLJ3,100.0,2,33833334
2026-09-11,YLJ4,100.0,1,11944600
2026-09-11,YLJ6,100.0,1,200000000
2026-09-11,YLJ7,100.0,1,20000000
2026-09-11,YLJ8,100.0,1,65526193
2026-09-11,YLJ9,100.0,1,11105000
2026-09-11,YLK4,100.0,1,10000000
2026-09-11,YLK5,100.0,1,69300000
2026-09-11,YLK7,100.0,1,21000000
2026-09-11,YLK8,100.0,2,17934095
2026-09-11,YLK9,100.0,1,366000000
2026-09-11,YLL1,100.0,2,58824000
2026-09-11,YLL3,100.0,2,27500000
2026-09-11,YLL5,99.81,4,198652437
2026-09-11,YLL8,100.0,1,18900000
2026-09-11,YLM1,100.0,1,10000000
2026-09-11,YLM2,100.0,1,29000000
2026-09-11,YLM3,100.0,1,24000000
2026-09-11,YLM4,100.0,1,15859090
2026-09-11,YLM6,100.0,1,26000000
2026-09-11,YLM7,98.74,1,16232424
2026-09-11,YLN2,100.0,2,39000000
2026-09-11,YLN4,100.0,1,21000000
2026-09-11,YLN6,100.0,1,23344709
2026-09-11,YLN8,100.0,1,9500000
2026-09-11,YLN9,100.0,1,16361000
2026-09-11,YLP3,100.0,1,15500000
2026-09-11,YLP7,100.0,1,25000672
2026-09-11,YLP8,100.0,1,25248000
2026-09-11,YLQ1,100.0,1,14756880
2026-09-11,YLQ3,100.0,1,67000000
2026-09-11,YLQ5,100.0,1,83257235
2026-09-11,YLQ6,100.0,1,2900000
2026-09-11,YLQ7,100.0,1,2145580791
2026-09-11,YLQ9,100.0,2,144631513
2026-09-11,YLR1,100.0,1,16737425
2026-09-11,YLR2,100.0,1,947880
2026-09-11,YLR3,100.0,1,962585
2026-09-11,YLR6,100.0,1,9000000
2026-09-11,YLR8,0.0,0,0
2026-09-11,YLR9,100.0,1,21870000
2026-09-11,YLS1,100.0,1,53138600
2026-09-11,YLS4,100.0,1,117939975
2026-09-11,YLS6,99.87,2,15077650
2026-09-11,YLS8,100.0,1,42600000
2026-09-11,YLT2,100.0,1,1669410
2026-09-11,YLT3,99.99,2,20912040
2026-09-11,YLT4,100.0,1,30253608
2026-09-11,YLT5,100.0,1,353546147
2026-09-11,YLT6,100.0,1,1423000
2026-09-11,YLT7,100.0,1,42595000
2026-09-11,YLT8,100.0,1,20640000
2026-09-11,YLT9,100.0,1,14418000
2026-09-11,YLU1,100.0,1,35000000
2026-09-11,YLU2,100.0,2,20000000
2026-09-11,YLU3,100.0,1,5300000
2026-09-11,YLU4,100.0,1,32307000
2026-09-11,YLU5,100.0,1,32156445
2026-09-11,YLU7,100.0,1,50000000
2026-09-11,YLU8,100.0,1,62500000
2026-09-11,YLV1,100.0,2,13098744
2026-09-11,YLV4,100.0,1,67786666
2026-09-11,YLV5,100.0,1,17668920
2026-09-11,YLV7,100.0,1,2900000
2026-09-11,YLV8,100.0,1,113521430
2026-09-11,YLV9,100.0,1,24462000
2026-09-11,YMA1,100.0,1,44200000
2026-09-11,YMA3,100.0,1,14700000
2026-09-11,YMA5,100.0,1,35000000
2026-09-11,YMA6,100.0,1,35363949
2026-09-11,YMA7,97.14,1,6805000
2026-09-11,YMA8,100.0,1,16103383
2026-09-11,YMA9,100.0,2,14330000
2026-09-11,YMB1,100.0,1,16144000
2026-09-11,YMB2,100.0,1,210000000
2026-09-11,YMB3,100.0,1,45000000
2026-09-11,YMB4,100.0,1,9407112
2026-09-11,YMB5,100.0,1,18173913
2026-09-11,YMB6,100.0,1,25000000
2026-09-11,YMB7,100.0,2,19500000
2026-09-11,YMB8,100.0,1,42130000
2026-09-11,YMB9,100.0,1,51342218
2026-09-11,YMC1,100.0,1,3570720
2026-09-11,YMC2,100.0,1,9670970
2026-09-11,YMC3,100.0,1,8265000
2026-09-11,YMC5,100.0,1,39533000
2026-09-11,YMC6,100.0,1,16500000
2026-09-11,YMC8,100.0,1,22596000
2026-09-11,YMC9,100.0,1,12000000
2026-09-11,YMD1,100.0,1,20000000
2026-09-11,YMD2,100.0,2,22035000
2026-09-11,YMD3,100.0,1,15500000
2026-09-11,YMD4,100.0,1,24354000
2026-09-11,YMD6,100.0,1,9000000
2026-09-11,YMD7,100.0,1,50500000
2026-09-11,YMD8,100.0,1,23000000
2026-09-11,YME2,100.0,1,45500000
2026-09-11,YME4,100.0,1,19737000
2026-09-11,YME5,100.0,1,66000000
2026-09-11,YME6,100.0,1,22874000
2026-09-11,YME7,100.0,1,14950000
2026-09-11,YME8,100.0,1,45700000
2026-09-11,YME9,100.0,1,15074046
2026-09-11,YMF1,100.0,1,16000000
2026-09-11,YMF2,100.0,1,17331300
2026-09-11,YMF3,100.0,1,46633350
2026-09-11,YMF4,100.0,1,156840000
2026-09-11,YMF6,100.0,1,20000000
2026-09-11,YMF7,100.0,1,20000000
2026-09-11,YMF8,100.0,1,33125908
2026-09-11,YMF9,100.0,2,21150000
2026-09-11,YMG1,100.0,1,19948896
2026-09-11,YMG2,100.0,1,17400000
2026-09-11,YMG3,100.0,1,21600000
2026-09-11,YMG4,100.0,1,22154118
2026-09-11,YMG5,100.0,1,8000000
2026-09-11,YMG6,100.0,1,62500000
2026-09-11,YMG7,99.45,4,18348000
2026-09-11,YMG8,100.0,1,46805175
2026-09-11,YMH1,99.99,2,21000000
2026-09-11,YMH3,100.0,1,121000000
2026-09-11,YMH4,100.0,1,82000000
2026-09-11,YMH5,100.0,1,80166636
2026-09-11,YMH6,100.0,1,16819007
2026-09-11,YMH7,100.0,1,10300000
2026-09-11,YMH8,100.0,1,18540000
2026-09-11,YMH9,100.0,1,24878000
2026-09-11,YMJ1,100.0,1,15080305
2026-09-11,YMJ3,99.99,2,25300000
2026-09-11,YMJ4,100.0,1,25000000
2026-09-11,YMK3,100.0,1,62500000
2026-09-11,YMK5,100.0,1,3000000
2026-09-11,YMK9,100.0,1,38611270
2026-09-11,YML1,100.0,1,15000000
2026-09-11,YML7,100.0,1,5250000
2026-09-11,YML9,0.0,0,0
2026-09-11,YQ19AA,100.0,1,20000000
2026-09-11,YQ19AB,100.0,1,1369202
2026-09-11,YR43,100.0,1,2896811863
2026-09-11,YY0005,0.0,0,0
2026-09-11,YY0008,0.0,0,0
2026-09-11,YY0014,0.0,0,0
2026-09-11,YY0016,0.0,0,0
2026-09-11,YY0024,0.0,0,0
2026-09-11,YY0027,12.99,10,9123076
2026-09-11,YY0028,39.82,58,98524683
2026-09-11,YY0029,30.67,8,11970144
2026-09-11,YY0030,52.22,25,32768931
2026-09-11,YY0031,0.0,0,0
2026-09-11,YY0032,0.0,0,0
2026-09-11,YY0033,18.08,4,3676836
2026-09-11,YY0034,0.0,0,0
2026-09-11,YY0035,36.51,50,86522242
2026-09-11,YY0036,0.0,0,0
2026-09-11,YY0037,85.4,21,68724916
2026-09-11,YY0038,26.72,1,716500
2026-09-11,YY0039,81.41,56,204248997
2026-09-11,YY0040,44.29,13,32376446
2026-09-11,YY0041,79.99000000000001,55,223817029
2026-09-11,YY0042,14.33,10,10156111
2026-09-11,YY0043,6.33,4,2547762
2026-09-11,YY0044,19.13,48,85170456
2026-09-11,YY0045,0.0,0,0
2026-09-11,YY0046,31.77,150,173920377
2026-09-11,YY0047,31.57,283,337580670
2026-09-11,YY0048,49.38,27,48803155
2026-09-11,YY0049,26.37,7,10271896
2026-09-11,YY0050,21.59,50,51060406
2026-09-11,YY0051,33.78,17,26235809
2026-09-11,YY0052,69.16,68,139964399
2026-09-11,YY0053,46.78,45,113079561
2026-09-11,YY0054,46.92,29,50185694
2026-09-11,YY0055,46.34,55,57168400
2026-09-11,YY0056,51.38,8,10169498
2026-09-11,YY0057,56.95,40,84366062
2026-09-11,YY0058,36.12,18,20840192
2026-09-11,YY0059,21.48,6,4849424
2026-09-11,YY0060,13.47,2,1324549
2026-09-11,YY0061,22.65,16,12074599
2026-09-11,YY0062,23.65,71,75927928
2026-09-11,YY0063,2.86,1,579567
2026-09-11,YY0064,63.78,30,62310266
2026-09-11,YY0065,28.31,56,62297669
2026-09-11,YY0066,30.12,79,100006184
2026-09-11,YY0067,29.6,49,45329569
2026-09-11,YY0068,23.46,66,95233848
2026-09-11,YY0069,0.0,0,0
2026-09-11,YY0070,33.980000000000004,85,109786243
2026-09-11,YY0071,18.89,11,15252865
2026-09-11,YY0072,18.32,8,5043936
2026-09-11,YY0073,35.92,16,13163657
2026-09-11,YY0074,17.7,22,18459061
2026-09-11,YY0075,10.31,3,1694954
2026-09-11,YY0076,0.0,0,0
2026-09-11,YY0077,0.0,0,0
2026-09-11,YY0078,0.0,0,0
2026-09-11,YY0079,0.0,0,0
2026-09-11,YY0080,0.0,0,0
2026-09-18,000218,100.0,1,422278902
2026-09-18,000560,100.0,1,29700000
2026-09-18,000708,100.0,1,20200000
2026-09-18,000779,100.0,1,1150000000
2026-09-18,000815,100.0,1,2505407068
2026-09-18,000856,100.0,1,323400000
2026-09-18,00400A,15.03,216,287600060
2026-09-18,00401A,25.18,34,65976797
2026-09-18,00402A,20.75,98,145099331
2026-09-18,00403A,15.25,1678,2284034611
2026-09-18,00404A,14.420000000000002,48,64618519
2026-09-18,00405A,17.85,423,551110032
2026-09-18,00406A,22.15,1087,985195409
2026-09-18,00407A,23.64,364,606780083
2026-09-18,00408A,30.15,34,44234464
2026-09-18,00409A,38.22,478,686890118
2026-09-18,00410A,29.67,30,46590578
2026-09-18,00411A,29.0,106,162699185
2026-09-18,0050,25.46,912,5617370777
2026-09-18,0051,13.69,5,3424909
2026-09-18,0052,20.1,161,513015621
2026-09-18,0053,49.94,3,5239240
2026-09-18,0055,39.95,17,34224806
2026-09-18,0056,11.48,728,1615002161
2026-09-18,0057,0.0,0,0
2026-09-18,0061,33.14,22,31877299
2026-09-18,006201,48.64,8,11161524
2026-09-18,006203,74.49,5,7612936
2026-09-18,006204,0.0,0,0
2026-09-18,006205,45.690000000000005,26,42704552
2026-09-18,006206,21.31,4,5709044
2026-09-18,006207,11.45,4,2395000
2026-09-18,006208,10.24,57,190818076
2026-09-18,00625K,0.0,0,0
2026-09-18,00631L,29.29,1508,2096094576
2026-09-18,00632R,45.04,845,1185539704
2026-09-18,00633L,34.8,39,42105751
2026-09-18,00634R,54.650000000000006,14,23375853
2026-09-18,00635U,19.15,33,59264791
2026-09-18,00636,21.78,19,20452133
2026-09-18,00636K,0.0,0,0
2026-09-18,00637L,57.08,281,435276324
2026-09-18,00638R,52.84,8,12129875
2026-09-18,00639,24.85,20,23841153
2026-09-18,00640L,28.3,3,1817017
2026-09-18,00641R,58.29,32,52627041
2026-09-18,00642U,47.29,12,26882299
2026-09-18,00643,40.89,21,29661731
2026-09-18,00643K,0.0,0,0
2026-09-18,00645,26.41,11,11490796
2026-09-18,00646,44.11,72,281536367
2026-09-18,00647L,31.08,1,1994333
2026-09-18,00648R,47.33,38,67570207
2026-09-18,00650L,48.21,42,46461765
2026-09-18,00651R,69.7,15,22445699
2026-09-18,00652,30.92,14,18873651
2026-09-18,00653L,6.78,1,841329
2026-09-18,00654R,56.7,9,11039967
2026-09-18,00655L,28.39,19,16458650
2026-09-18,00656R,76.71000000000001,14,15621136
2026-09-18,00657,15.05,1,915076
2026-09-18,00657K,0.0,0,0
2026-09-18,00660,16.18,2,1057000
2026-09-18,00661,16.53,5,3875691
2026-09-18,00662,36.73,103,338304443
2026-09-18,00663L,26.45,20,37489399
2026-09-18,00664R,59.16,407,523456909
2026-09-18,00665L,57.290000000000006,159,233775131
2026-09-18,00666R,80.86,6,9804995
2026-09-18,00668,31.82,2,2381762
2026-09-18,00668K,0.0,0,0
2026-09-18,00669R,45.99,62,92085611
2026-09-18,00670L,11.95,8,9235039
2026-09-18,00671R,68.97,203,350439336
2026-09-18,00673R,51.53,352,644030381
2026-09-18,00674R,45.72,4,6595458
2026-09-18,00675L,19.82,11,21088203
2026-09-18,00676R,47.26,71,94963760
2026-09-18,00678,23.85,4,2135000
2026-09-18,00679B,42.690000000000005,693,2644161135
2026-09-18,00680L,53.83,505,773561352
2026-09-18,00681R,90.61,6,6882329
2026-09-18,00682U,77.86,4,5952732
2026-09-18,00683L,68.01,6,7776453
2026-09-18,00684R,81.26,6,7873258
2026-09-18,00685L,33.57,1478,1964940275
2026-09-18,00686R,68.57,113,182647951
2026-09-18,00687B,42.34,559,1797188893
2026-09-18,00687C,93.67,1,1819400
2026-09-18,00688L,49.36,204,301966038
2026-09-18,00689R,87.47999999999999,5,6026825
2026-09-18,00690,13.38,13,11236179
2026-09-18,00692,16.7,33,102522392
2026-09-18,00693U,43.29,18,28870160
2026-09-18,00694B,63.34,7,17469000
2026-09-18,00695B,73.53999999999999,8,29557409
2026-09-18,00696B,82.98,27,512699261
2026-09-18,00697B,22.8,11,15109261
2026-09-18,00700,11.77,5,3711665
2026-09-18,00701,6.9,11,11672906
2026-09-18,00702,55.08,5,3684668
2026-09-18,00703,27.01,4,2580606
2026-09-18,00706L,31.72,30,39126679
2026-09-18,00707R,95.08,5,5567737
2026-09-18,00708L,26.05,27,40566652
2026-09-18,00709,33.42,8,4836194
2026-09-18,00710B,81.57000000000001,7,147057979
2026-09-18,00711B,99.28,4,865639000
2026-09-18,00712,31.020000000000003,1391,1789968377
2026-09-18,00713,22.08,79,372844491
2026-09-18,00714,47.1,11,9219743
2026-09-18,00715L,59.93,15,34592506
2026-09-18,00717,26.33,23,31257001
2026-09-18,00719B,30.04,53,93466062
2026-09-18,00720B,65.78999999999999,301,2643169998
2026-09-18,00722B,89.92,49,1313803630
2026-09-18,00723B,99.72,13,1516409115
2026-09-18,00724B,97.64,32,2952394999
2026-09-18,00725B,82.0,151,3017416269
2026-09-18,00726B,97.95,16,1162839298
2026-09-18,00727B,89.71,5,51313700
2026-09-18,00728,2.91,1,1151000
2026-09-18,00730,15.67,8,10833360
2026-09-18,00731,15.64,5,3147481
2026-09-18,00733,13.05,6,8227228
2026-09-18,00734B,82.54,2,20621000
2026-09-18,00735,20.9,22,24233475
2026-09-18,00736,72.85000000000001,6,4901325
2026-09-18,00737,15.05,4,3394626
2026-09-18,00738U,20.35,44,50371696
2026-09-18,00739,38.34,9,9586087
2026-09-18,00740B,96.66,45,2120656623
2026-09-18,00741B,49.89,3,6551992
2026-09-18,00746B,99.56,27,2539881845
2026-09-18,00749B,99.75,7,1107810000
2026-09-18,00750B,99.73,4,147617234
2026-09-18,00751B,75.53,332,3947866748
2026-09-18,00752,30.83,31,79376278
2026-09-18,00753L,47.870000000000005,243,327209213
2026-09-18,00754B,99.75,14,1300670000
2026-09-18,00755B,97.72,7,289500000
2026-09-18,00756B,97.64,19,1301167012
2026-09-18,00757,30.43,29,81161477
2026-09-18,00758B,90.49,1,5000000
2026-09-18,00759B,98.89,1,47000000
2026-09-18,00760B,99.16,6,431379178
2026-09-18,00761B,98.55,29,2695200272
2026-09-18,00762,18.07,6,8456124
2026-09-18,00763U,49.14,11,20185914
2026-09-18,00764B,94.07,32,1450343946
2026-09-18,00768B,98.19,27,776839037
2026-09-18,00770,11.46,9,10613229
2026-09-18,00771,15.45,2,2198873
2026-09-18,00772B,80.38,143,2703684892
2026-09-18,00773B,95.67,43,2481845041
2026-09-18,00775B,99.66,7,231330000
2026-09-18,00777B,99.92,14,2075360000
2026-09-18,00778B,99.94,11,1521482512
2026-09-18,00779B,99.57,8,1291737000
2026-09-18,00780B,97.39,9,239711332
2026-09-18,00781B,30.79,3,2722000
2026-09-18,00782B,24.85,5,5217570
2026-09-18,00783,11.36,1,798880
2026-09-18,00785B,99.83,11,1061785933
2026-09-18,00786B,29.51,6,5776445
2026-09-18,00787B,41.33,5,4880667
2026-09-18,00788B,27.31,7,6748786
2026-09-18,00789B,99.38,11,452790000
2026-09-18,00791B,99.68,6,280204000
2026-09-18,00792B,99.86,15,2314672713
2026-09-18,00793B,0.0,0,0
2026-09-18,00795B,55.57,142,841953372
2026-09-18,00799B,25.26,8,6582665
2026-09-18,00830,21.380000000000003,61,186423869
2026-09-18,00834B,94.36,4,21890000
2026-09-18,00836B,99.61,12,628095104
2026-09-18,00840B,99.27,3,59000000
2026-09-18,00841B,99.43,5,70047000
2026-09-18,00842B,43.44,7,9458977
2026-09-18,00844B,99.21,5,211503000
2026-09-18,00845B,99.59,4,236104767
2026-09-18,00846B,98.18,2,73000000
2026-09-18,00847B,32.84,2,1250000
2026-09-18,00848B,99.21,2,135000000
2026-09-18,00849B,99.84,5,484872292
2026-09-18,00850,17.66,32,73338434
2026-09-18,00851,27.87,1,1540000
2026-09-18,00852L,50.97,2,3244868
2026-09-18,00853B,91.02,10,162155292
2026-09-18,00856B,65.55,3,4453125
2026-09-18,00857B,59.83,68,360189069
2026-09-18,00858,16.22,13,19132689
2026-09-18,00859B,21.48,8,7204858
2026-09-18,00860B,0.0,0,0
2026-09-18,00861,5.09,3,3541982
2026-09-18,00862B,98.32,10,864662045
2026-09-18,00863B,99.51,8,509478000
2026-09-18,00864B,34.71,23,38448894
2026-09-18,00865B,30.5,57,97587717
2026-09-18,00867B,99.72,9,563570000
2026-09-18,00870B,99.6,9,561972628
2026-09-18,00875,21.48,4,3544451
2026-09-18,00876,27.41,10,25925692
2026-09-18,00877,18.25,28,29831909
2026-09-18,00878,11.06,872,2081269705
2026-09-18,00881,15.31,122,456938185
2026-09-18,00882,26.65,386,526565479
2026-09-18,00884B,98.78,4,74524280
2026-09-18,00885,17.189999999999998,86,101758375
2026-09-18,00886,13.54,1,603000
2026-09-18,00887,31.14,116,140977029
2026-09-18,00888,11.1,32,71081508
2026-09-18,00890B,73.58,3,13441305
2026-09-18,00891,12.89,103,242274047
2026-09-18,00892,17.39,27,55943838
2026-09-18,00893,8.55,22,30501338
2026-09-18,00894,12.5,11,18529362
2026-09-18,00895,9.66,8,13823812
2026-09-18,00896,6.79,23,34794177
2026-09-18,00897,22.9,26,31176089
2026-09-18,00898,20.9,25,23644999
2026-09-18,00899,5.6,1,904712
2026-09-18,00900,15.59,86,237291560
2026-09-18,00901,14.4,10,8991126
2026-09-18,00902,16.87,29,37666318
2026-09-18,00903,10.53,5,4925394
2026-09-18,00904,13.3,19,20851163
2026-09-18,00905,7.25,18,26121141
2026-09-18,00907,12.33,12,18233562
2026-09-18,00908,36.31,8,12506185
2026-09-18,00909,12.03,12,12257288
2026-09-18,00910,8.39,9,9456944
2026-09-18,00911,16.84,5,5547270
2026-09-18,00912,21.19,7,12356540
2026-09-18,00913,20.11,6,11627571
2026-09-18,00915,17.32,37,87700543
2026-09-18,00916,14.96,15,15272247
2026-09-18,00917,11.38,10,7180140
2026-09-18,00918,9.61,271,408809582
2026-09-18,00919,11.13,1086,2115486214
2026-09-18,00920,19.26,4,3814579
2026-09-18,00921,6.710000000000001,5,3880521
2026-09-18,00922,31.07,107,664544710
2026-09-18,00923,14.38,45,136973052
2026-09-18,00924,21.88,26,95096659
2026-09-18,00926,56.41,12,58397090
2026-09-18,00927,12.11,82,163639602
2026-09-18,00928,19.93,9,8652169
2026-09-18,00929,9.36,231,498136522
2026-09-18,00930,6.17,7,8387542
2026-09-18,00931B,76.83000000000001,101,1725757941
2026-09-18,00932,11.1,9,12042302
2026-09-18,00933B,76.39,458,5057710279
2026-09-18,00934,10.2,24,43656165
2026-09-18,00935,20.32,57,176424516
2026-09-18,00936,9.79,7,18901894
2026-09-18,00937B,60.71,3214,10348015578
2026-09-18,00938,47.85,9,49784957
2026-09-18,00939,7.279999999999999,50,84765520
2026-09-18,00940,12.73,384,657162171
2026-09-18,00941,13.01,35,59150933
2026-09-18,00942B,89.89,66,1826430558
2026-09-18,00943,31.27,6,12634226
2026-09-18,00944,9.21,6,4896995
2026-09-18,00945B,40.71,141,338604198
2026-09-18,00946,19.43,31,85761010
2026-09-18,00947,22.47,33,62370234
2026-09-18,00948B,81.99,311,3452578676
2026-09-18,00949,19.91,25,33164120
2026-09-18,00950B,91.02,145,3741220113
2026-09-18,00951,29.39,33,71338115
2026-09-18,00952,12.86,28,31921749
2026-09-18,00953B,53.58,1389,2489508521
2026-09-18,00954,21.98,20,27545758
2026-09-18,00955,32.12,62,154278297
2026-09-18,00956,20.96,6,6846009
2026-09-18,00957B,50.83,30,95735056
2026-09-18,00958B,21.64,23,26036881
2026-09-18,00959B,48.81,82,249182840
2026-09-18,00960,18.15,6,10531633
2026-09-18,00961,12.71,119,135951605
2026-09-18,00962,11.93,11,12827484
2026-09-18,00963,26.51,23,31159616
2026-09-18,00964,18.94,14,13485622
2026-09-18,00965,46.3,44,200794645
2026-09-18,00966B,37.66,18,44357647
2026-09-18,00967B,70.66,34,128197500
2026-09-18,00968B,68.75999999999999,102,545770062
2026-09-18,00969B,68.26,43,100803277
2026-09-18,00970B,60.24,62,233920287
2026-09-18,00971,18.3,10,10103401
2026-09-18,00972,33.13,2,5026698
2026-09-18,009800,29.1,46,89917624
2026-09-18,009801,20.51,19,19532295
2026-09-18,009802,19.51,51,111098388
2026-09-18,009803,12.83,30,36981010
2026-09-18,009804,11.04,16,16399112
2026-09-18,009805,19.020000000000003,70,116220303
2026-09-18,009806,57.7,6,7883649
2026-09-18,009807,58.1,8,8288140
2026-09-18,009808,11.19,4,4369870
2026-09-18,009809,38.01,7,12304654
2026-09-18,00980A,24.14,55,190815966
2026-09-18,00980B,47.67,14,25545694
2026-09-18,00980D,36.52,24,36165127
2026-09-18,00980T,53.010000000000005,8,39732614
2026-09-18,009810,35.870000000000005,6,6874675
2026-09-18,009811,17.310000000000002,38,40818520
2026-09-18,009812,37.120000000000005,22,33947499
2026-09-18,009813,23.700000000000003,47,77432885
2026-09-18,009814,20.19,19,30941865
2026-09-18,009815,21.85,58,92878583
2026-09-18,009816,19.46,1491,2330409372
2026-09-18,009817,24.69,48,54333868
2026-09-18,009818,6.609999999999999,3,3058998
2026-09-18,009819,12.36,55,75286755
2026-09-18,00981A,18.2,987,1739936556
2026-09-18,00981B,50.88,551,784158857
2026-09-18,00981D,44.72,153,232989481
2026-09-18,00981T,35.72,73,89794028
2026-09-18,009820,37.36,222,412937600
2026-09-18,009821,10.3,45,53498504
2026-09-18,009822,12.13,9,8752742
2026-09-18,009823,18.09,34,63191835
2026-09-18,009824,15.27,69,80228620
2026-09-18,009825,12.76,20,15306510
2026-09-18,009826,25.0,163,205561988
2026-09-18,009827,14.39,29,31027001
2026-09-18,009828,13.4,74,105076770
2026-09-18,009829,43.26,69,141733410
2026-09-18,00982A,13.02,171,288953329
2026-09-18,00982B,59.03,5,14998000
2026-09-18,00982D,36.43,20,27964787
2026-09-18,00982T,15.05,3,2499550
2026-09-18,00983A,22.77,15,18044205
2026-09-18,00983B,56.03,7,14098041
2026-09-18,00983D,30.43,39,31730762
2026-09-18,00984A,15.26,43,96336314
2026-09-18,00984B,35.91,27,42907402
2026-09-18,00984D,44.15,395,506233129
2026-09-18,00985A,16.560000000000002,42,75283634
2026-09-18,00985B,64.18,197,534769461
2026-09-18,00985D,56.08,27,62125728
2026-09-18,00986A,19.04,6,7590763
2026-09-18,00986B,79.22999999999999,6,16451962
2026-09-18,00986D,51.19,42,74590332
2026-09-18,00987A,13.82,17,21200468
2026-09-18,00987B,54.26,26,39809145
2026-09-18,00987D,75.39999999999999,13,72407251
2026-09-18,00988A,18.1,362,576335174
2026-09-18,00988B,28.69,39,46315184
2026-09-18,00989A,15.239999999999998,8,10094000
2026-09-18,00989B,39.65,35,42634732
2026-09-18,00990A,33.620000000000005,403,802089737
2026-09-18,00990B,38.120000000000005,18,33885174
2026-09-18,00991A,18.8,455,840078332
2026-09-18,00991B,98.28,13,254909107
2026-09-18,00992A,16.27,232,369261064
2026-09-18,00993A,20.51,97,153908111
2026-09-18,00994A,16.130000000000003,32,43233487
2026-09-18,00995A,15.56,28,42528044
2026-09-18,00996A,20.24,31,57749322
2026-09-18,00997A,16.57,154,188289879
2026-09-18,00998A,29.95,30,87230941
2026-09-18,00999A,10.6,88,109994065
2026-09-18,01001T,93.28,61,543908398
2026-09-18,01002T,93.67,112,1305239000
2026-09-18,01004T,93.97,82,686365428
2026-09-18,01007T,92.8,82,668289980
2026-09-18,01009T,90.21,61,270710019
2026-09-18,01010T,98.72,78,2279184656
2026-09-18,1101,54.78,885,4122947799
2026-09-18,1101B,94.05,22,188127651
2026-09-18,1102,81.85,330,2903794407
2026-09-18,1103,80.19,133,668057152
2026-09-18,1104,73.23,109,503020474
2026-09-18,1107,99.7,1,10069897
2026-09-18,1108,78.62,68,318278546
2026-09-18,1109,79.64999999999999,70,271828661
2026-09-18,1110,94.05,59,538075668
2026-09-18,1113O,0.0,0,0
2026-09-18,1113R,0.0,0,0
2026-09-18,1201,63.84,66,323112325
2026-09-18,1203,90.94,50,218311449
2026-09-18,1204,45.78,6,8406600
2026-09-18,1207,77.29,48,358808168
2026-09-18,1210,65.14,128,583002473
2026-09-18,1212,44.290000000000006,45,77057823
2026-09-18,1213,81.16000000000001,12,45962589
2026-09-18,1215,56.27,32,165935163
2026-09-18,1216,89.58,759,5091357377
2026-09-18,1217,61.92,131,306350804
2026-09-18,1218,66.99,65,335073862
2026-09-18,1219,64.2,79,219161467
2026-09-18,1220,67.88,47,120240291
2026-09-18,1221,34.2,22,32505214
2026-09-18,1224,88.36,20,63549780
2026-09-18,1225,89.46000000000001,39,216764865
2026-09-18,1227,67.15,72,614719518
2026-09-18,1228,38.0,5,4223807
2026-09-18,1229,66.09,175,1211092636
2026-09-18,1231,64.8,27,212752955
2026-09-18,1232,73.51,10,117606495
2026-09-18,1233,75.86,27,68748554
2026-09-18,1234,83.05000000000001,136,333826712
2026-09-18,1235,96.36,15,181719811
2026-09-18,1236,83.66,23,72519646
2026-09-18,1238,11.74,4,3516000
2026-09-18,1240,69.69,25,30831804
2026-09-18,1256,59.9,10,21439774
2026-09-18,1259,78.33,9,25379532
2026-09-18,1260,76.37,30,77991209
2026-09-18,1264,47.19,16,17492430
2026-09-18,1268,78.11,17,32982262
2026-09-18,1269,77.54,7,16195413
2026-09-18,1271,74.66,20,57574799
2026-09-18,1293,74.32,11,12707742
2026-09-18,1294,60.22,16,22062956
2026-09-18,1295,57.92,15,21787312
2026-09-18,1301,75.33,578,4796142090
2026-09-18,1303,86.37,713,6852321809
2026-09-18,1304,61.3,116,728966611
2026-09-18,1305,52.05,64,302616340
2026-09-18,1306,21.34,4,9502500
2026-09-18,1307,80.16,62,318985432
2026-09-18,1308,53.11,64,315435606
2026-09-18,1309,46.89,30,186526530
2026-09-18,1310,30.87,89,163036254
2026-09-18,1312,60.09,175,905702999
2026-09-18,1312A,54.47,12,10897496
2026-09-18,1313,68.68,167,914452875
2026-09-18,1314,42.83,781,1622052488
2026-09-18,1315,81.67,43,80947070
2026-09-18,1316,41.900000000000006,80,168374421
2026-09-18,1319,80.22000000000001,106,474588254
2026-09-18,1321,70.54,93,160343360
2026-09-18,1323,70.58,36,64439299
2026-09-18,1324,66.27,20,49794889
2026-09-18,1325,48.73,11,41570267
2026-09-18,1326,83.04,521,4868141624
2026-09-18,1333,51.19,14,38162984
2026-09-18,1336,51.32000000000001,23,39850090
2026-09-18,1337,47.24,54,127091241
2026-09-18,1338,44.16,25,37036854
2026-09-18,1339,75.22,16,55769438
2026-09-18,1340,35.16,27,53802058
2026-09-18,1341,83.71,16,44247712
2026-09-18,1342,59.04,15,46363509
2026-09-18,1343,66.19,22,26823140
2026-09-18,1402,89.10000000000001,438,4770873163
2026-09-18,1407,35.29,76,155616513
2026-09-18,1407A,53.510000000000005,9,36304000
2026-09-18,1408,20.7,72,72859689
2026-09-18,1409,61.47,206,995041318
2026-09-18,1410,77.06,20,47788072
2026-09-18,1413,76.07,26,100515338
2026-09-18,1414,88.57,38,175397926
2026-09-18,1416,56.27,39,104344327
2026-09-18,1417,57.97,49,110154623
2026-09-18,1418,71.58,19,40693024
2026-09-18,1419,90.94,74,272932225
2026-09-18,1423,83.31,29,83045609
2026-09-18,1432,54.84,14,59243524
2026-09-18,1434,72.03999999999999,163,1213880121
2026-09-18,1435,94.87,24,132620590
2026-09-18,1436,76.47,38,148516489
2026-09-18,1437,79.67999999999999,74,160904980
2026-09-18,1438,83.05000000000001,28,92375154
2026-09-18,1439,85.75,31,78901387
2026-09-18,1440,78.39,272,1299198585
2026-09-18,1441,65.0,15,46654595
2026-09-18,1442,87.4,109,320139716
2026-09-18,1443,89.98,40,121808855
2026-09-18,1444,64.17,138,638947383
2026-09-18,1445,68.63,40,89707332
2026-09-18,1446,66.41,29,91476883
2026-09-18,1447,70.16,128,638801422
2026-09-18,1449,38.86,28,49412959
2026-09-18,1450,25.83,14,20374520
2026-09-18,1451,63.760000000000005,40,126290593
2026-09-18,1452,49.69,40,65932442
2026-09-18,1453,75.67,18,85719130
2026-09-18,1454,81.59,35,105955724
2026-09-18,1455,67.22,80,357477987
2026-09-18,1456,85.56,15,80209761
2026-09-18,1457,75.03,71,237700492
2026-09-18,1458,59.79,59,155934955
2026-09-18,1459,84.17,60,226458636
2026-09-18,1460,72.04,124,500516520
2026-09-18,1462,46.4,98,139155413
2026-09-18,1463,81.94,42,142017953
2026-09-18,1464,61.6,88,262235701
2026-09-18,1465,71.97,37,74595336
2026-09-18,1466,69.24000000000001,35,76987773
2026-09-18,1467,67.27,45,157191323
2026-09-18,1468,97.55,18,156486821
2026-09-18,1469,92.35,28,80568464
2026-09-18,1470,86.22999999999999,34,73968219
2026-09-18,1471,22.31,23,33579180
2026-09-18,1472,82.13,18,43350718
2026-09-18,1473,72.28,31,105670504
2026-09-18,1474,59.03,30,76696839
2026-09-18,1475,76.29,16,50380750
2026-09-18,1476,78.51,77,215483567
2026-09-18,1477,59.68,76,147258290
2026-09-18,1480,98.13,59,408344403
2026-09-18,1491,59.65,24,32709081
2026-09-18,1492O,0.0,0,0
2026-09-18,1492R,0.0,0,0
2026-09-18,1498,48.56,1,424968
2026-09-18,1503,73.47,66,382834182
2026-09-18,1504,70.64,237,1679233123
2026-09-18,1506,77.32,47,232351444
2026-09-18,1507,100.0,1,250000000
2026-09-18,1512,54.06,19,53083076
2026-09-18,1513,45.99,83,231474544
2026-09-18,1514,40.77,57,113640806
2026-09-18,1515,48.84,33,88654144
2026-09-18,1516,64.82,15,25938108
2026-09-18,1517,48.4,30,106543236
2026-09-18,1519,73.89999999999999,77,256857088
2026-09-18,1521,68.06,12,51893956
2026-09-18,1522,57.59,51,180251852
2026-09-18,1522A,87.74,10,26327500
2026-09-18,1524,38.46,21,63611412
2026-09-18,1525,89.25,9,65515340
2026-09-18,1526,38.14,12,22889675
2026-09-18,1527,33.55,21,46512548
2026-09-18,1528,29.52,11,56499026
2026-09-18,1529,48.27,30,94206149
2026-09-18,1530,75.93,15,71833957
2026-09-18,1531,64.1,52,116744294
2026-09-18,1532,66.7,108,282022764
2026-09-18,1533,63.69,36,62778721
2026-09-18,1534,47.06,19,31893043
2026-09-18,1535,75.79,10,93795904
2026-09-18,1536,33.39,51,93181469
2026-09-18,1537,51.04,24,41902040
2026-09-18,1538,78.44999999999999,7,25345478
2026-09-18,1539,61.14,11,39971656
2026-09-18,1540,34.8,21,29768299
2026-09-18,1541,83.75999999999999,15,66023078
2026-09-18,1553,0.0,0,0
2026-09-18,1557,30.57,1,526527
2026-09-18,1558,39.14,30,25271664
2026-09-18,1560,66.02000000000001,67,100315601
2026-09-18,1563,45.93,52,77744169
2026-09-18,1565,17.54,11,8856339
2026-09-18,1568,64.83,31,66849972
2026-09-18,1569,51.2,35,73878247
2026-09-18,1570,55.3,11,28492484
2026-09-18,1571,67.23,1,765000
2026-09-18,1573,0.0,0,0
2026-09-18,1575,0.0,0,0
2026-09-18,1577,0.0,0,0
2026-09-18,1580,38.5,14,19004076
2026-09-18,1582,31.51,27,45494333
2026-09-18,1583,91.25,17,99838703
2026-09-18,1584,40.96,34,95266037
2026-09-18,1585,65.75999999999999,33,37957711
2026-09-18,1586,72.88,50,94402613
2026-09-18,1587,47.05,21,37672898
2026-09-18,1589,28.35,30,43458415
2026-09-18,1590,72.88,101,145806804
2026-09-18,1591,20.41,9,7771385
2026-09-18,1592,26.47,25,29389503
2026-09-18,1593,50.05,18,19913906
2026-09-18,1594,82.82000000000001,12,27515325
2026-09-18,1595,48.43,22,27965430
2026-09-18,1597,49.48,32,44183979
2026-09-18,1598,60.48,49,108391126
2026-09-18,1599,64.98,21,47472476
2026-09-18,1601,11.58,13,12322036
2026-09-18,1602,12.17,26,47056285
2026-09-18,1603,72.71,30,139408570
2026-09-18,1604,58.760000000000005,75,225818223
2026-09-18,1605,75.23,370,3334383571
2026-09-18,1606,15.95,119,122828123
2026-09-18,1608,66.2,60,419102070
2026-09-18,1609,32.61,107,256293899
2026-09-18,1611,52.74,80,170267016
2026-09-18,1612,61.53,67,194530247
2026-09-18,1613,57.74,67,131348364
2026-09-18,1614,83.14999999999999,84,223820856
2026-09-18,1615,80.71,35,160367201
2026-09-18,1616,60.0,26,116522079
2026-09-18,1617,75.33999999999999,37,127743908
2026-09-18,1618,57.86,30,111515269
2026-09-18,1623,77.1,13,50892220
2026-09-18,1626,69.57,49,104260140
2026-09-18,1702,57.92,31,170438478
2026-09-18,1707,50.92,49,75456003
2026-09-18,1708,39.47,42,98320382
2026-09-18,1709,73.03999999999999,129,348511748
2026-09-18,1710,62.64,134,554973937
2026-09-18,1711,44.900000000000006,93,245995920
2026-09-18,1712,56.5,117,237649534
2026-09-18,1713,74.3,29,112184623
2026-09-18,1714,52.150000000000006,147,517382094
2026-09-18,1717,66.81,237,791463485
2026-09-18,1718,52.67,217,888383806
2026-09-18,1720,65.0,31,127800078
2026-09-18,1721,37.66,33,69661616
2026-09-18,1722,63.66,156,624047204
2026-09-18,1723,52.55,39,124555672
2026-09-18,1725,94.44,20,171748574
2026-09-18,1726,85.42,28,138415760
2026-09-18,1727,64.88,32,83091691
2026-09-18,1729,91.39,47,165189630
2026-09-18,1730,57.3,11,36241298
2026-09-18,1731,55.7,15,74050162
2026-09-18,1732,46.400000000000006,5,19695882
2026-09-18,1733,44.05,20,44054227
2026-09-18,1734,49.72,41,94612796
2026-09-18,1735,78.41999999999999,12,77945200
2026-09-18,1736,88.53999999999999,46,268685474
2026-09-18,1737,62.35,23,124741075
2026-09-18,1742,80.8,27,74890798
2026-09-18,1748,39.61,3,5667604
2026-09-18,1748R,0.0,0,0
2026-09-18,1752,63.43,17,64084061
2026-09-18,1760,43.0,22,36882728
2026-09-18,1762,45.69,16,35162922
2026-09-18,1763,100.0,1,1816737993
2026-09-18,1764,100.0,1,715186287
2026-09-18,1765,100.0,1,437517135
2026-09-18,1766,100.0,1,493557368
2026-09-18,1773,74.01,56,222113966
2026-09-18,1775,100.0,1,88000000
2026-09-18,1776,65.81,32,39566816
2026-09-18,1777,59.87,9,26702830
2026-09-18,1780,78.44,44,85586453
2026-09-18,1781,44.87,22,21281320
2026-09-18,1783,63.91,19,57340884
2026-09-18,1784,28.08,14,14925924
2026-09-18,1785,42.53,107,253557153
2026-09-18,1786,51.05,24,38216415
2026-09-18,1788,49.790000000000006,15,22176091
2026-09-18,1789,76.97,53,608764138
2026-09-18,1794,0.0,0,0
2026-09-18,1795,57.28,32,152852717
2026-09-18,1796,55.76,12,23129329
2026-09-18,1799,66.27999999999999,22,164919247
2026-09-18,1802,76.44,174,2223443282
2026-09-18,1805,77.82000000000001,39,105057024
2026-09-18,1806,74.69,60,291636983
2026-09-18,1807,47.400000000000006,37,54224582
2026-09-18,1808,80.85,96,722163708
2026-09-18,1809,48.04,31,80284465
2026-09-18,1810,61.7,69,186582390
2026-09-18,1813,47.73,16,22268888
2026-09-18,1814,78.82000000000001,12,14965621
2026-09-18,1815,51.38,98,300913338
2026-09-18,1816,94.8,2,23241949
2026-09-18,1817,64.99,26,47188937
2026-09-18,1818,75.49,7,8785473
2026-09-18,1819,84.42,17,28292267
2026-09-18,1903,81.11,65,210954644
2026-09-18,1904,68.39,144,758181511
2026-09-18,1905,71.28,70,786368773
2026-09-18,1906,74.33999999999999,26,112287307
2026-09-18,1907,85.46000000000001,209,1419262551
2026-09-18,1907A,0.0,0,0
2026-09-18,1909,68.28,171,906636669
2026-09-18,1918,20.83,26,50314034
2026-09-18,2002,53.04,1506,8346668316
2026-09-18,2002A,21.77,10,8339500
2026-09-18,2006,81.25,160,593422265
2026-09-18,2007,76.75,14,407419308
2026-09-18,2008,92.58,18,176714546
2026-09-18,2009,57.79,17,207913734
2026-09-18,2010,69.19,120,448282679
2026-09-18,2012,83.85,79,253405014
2026-09-18,2013,79.47999999999999,24,158998957
2026-09-18,2014,50.53,103,725797302
2026-09-18,2015,88.19999999999999,152,513049396
2026-09-18,2017,61.57,67,275230933
2026-09-18,2020,50.86,53,135847451
2026-09-18,2022,40.42,32,136362872
2026-09-18,2023,79.38000000000001,117,1446121650
2026-09-18,2024,83.02,13,80956652
2026-09-18,2025,62.64,29,108193016
2026-09-18,2027,77.8,377,2010995991
2026-09-18,2028,83.45,39,271878883
2026-09-18,2029,71.56,26,229918109
2026-09-18,2030,54.0,52,151552653
2026-09-18,2031,58.440000000000005,60,187755168
2026-09-18,2032,59.23,42,77334045
2026-09-18,2033,78.33000000000001,28,63219053
2026-09-18,2034,50.93,106,269498094
2026-09-18,2035,96.58,23,338101522
2026-09-18,2038,53.95,27,104780545
2026-09-18,2049,70.41,116,249179527
2026-09-18,2052R,10.19,2,934784
2026-09-18,2056,93.38,44,98067509
2026-09-18,2058,26.02,63,79526058
2026-09-18,2059,65.2,32,62153619
2026-09-18,2060,87.22,4,31173065
2026-09-18,2061,47.52,24,27276147
2026-09-18,2062,61.46,38,122957991
2026-09-18,2063,52.59,19,25304342
2026-09-18,2064,83.08,30,57607741
2026-09-18,2065,52.02,17,33049387
2026-09-18,2066,68.75,19,30566400
2026-09-18,2067,56.54,12,25527966
2026-09-18,2068,100.0,1,60068043
2026-09-18,2069,64.2,47,106848886
2026-09-18,2070,63.06,19,26353327
2026-09-18,2071,85.21000000000001,25,58848158
2026-09-18,2072,74.17,24,142450537
2026-09-18,2073,75.22,15,20688200
2026-09-18,2101,64.6,133,474297866
2026-09-18,2102,81.8,65,387230829
2026-09-18,2103,59.61,124,492393046
2026-09-18,2104,45.46,200,447846864
2026-09-18,2105,80.42999999999999,317,2607514646
2026-09-18,2106,79.82000000000001,164,762440045
2026-09-18,2107,64.34,71,195401748
2026-09-18,2108,71.19,97,350680001
2026-09-18,2109,74.51,70,208206780
2026-09-18,2113,0.0,0,0
2026-09-18,2114,65.44,18,51047924
2026-09-18,2115,70.51,36,73616243
2026-09-18,2201,63.88,108,683752030
2026-09-18,2204,73.81,62,408732492
2026-09-18,2206,85.53,104,661809383
2026-09-18,2207,89.76,113,500211847
2026-09-18,2208,54.93,149,700483799
2026-09-18,2211,80.77,58,337022386
2026-09-18,2221,68.86000000000001,6,29147186
2026-09-18,2226,100.0,1,75000000
2026-09-18,2227,93.51,11,280531000
2026-09-18,2228,55.88,13,44591344
2026-09-18,2229,41.04,1,600000
2026-09-18,2230,45.83,25,31190619
2026-09-18,2231,65.29,28,88763598
2026-09-18,2233,41.68,11,25135774
2026-09-18,2235,83.99,12,30136920
2026-09-18,2236,74.01,22,47023237
2026-09-18,2237,76.89,22,99127428
2026-09-18,2239,80.09,17,94295892
2026-09-18,2241,42.13,32,44093610
2026-09-18,2243,67.52,35,52258401
2026-09-18,2245,80.22,12,28597631
2026-09-18,2246,68.52999999999999,3,29212989
2026-09-18,2247,76.68,14,61903611
2026-09-18,2248,78.32,17,37289520
2026-09-18,2249,70.68,13,19910030
2026-09-18,2250,51.37,4,18697678
2026-09-18,2252,80.85,19,86208568
2026-09-18,2254,93.62,16,59839820
2026-09-18,2255,80.27,20,48924989
2026-09-18,2256,57.47,16,22437205
2026-09-18,2258,93.9,54,1645064083
2026-09-18,2301,80.88,475,1873857774
2026-09-18,2302,62.18,19,103451367
2026-09-18,2303,74.87,1241,9413438297
2026-09-18,2305,67.44,30,138758220
2026-09-18,2308,80.26,557,2085547365
2026-09-18,2312,48.65,213,733138204
2026-09-18,2313,59.24,214,731106539
2026-09-18,2314,11.52,14,12529359
2026-09-18,2316,64.41,45,117722658
2026-09-18,2317,69.44,1441,9776843980
2026-09-18,2318,27.01,15,28653241
2026-09-18,2321,100.0,1,16555060
2026-09-18,2321O,71.37,3,21605997
2026-09-18,2323,46.13,210,502718192
2026-09-18,2324,63.78,623,2811789411
2026-09-18,2326,12.69,6,5132619
2026-09-18,2327,67.05,351,1380788037
2026-09-18,2328,41.35,62,214431484
2026-09-18,2329,50.59,69,333561001
2026-09-18,2330,87.48,2629,22689130182
2026-09-18,2331,58.970000000000006,68,328793177
2026-09-18,2332,34.3,101,206693784
2026-09-18,2333,29.04,56,80728266
2026-09-18,2335,35.58,13,17614719
2026-09-18,2337,40.49,300,804527088
2026-09-18,2338,44.7,48,164078325
2026-09-18,2340,38.11,57,167219270
2026-09-18,2341,86.94,1,5957636
2026-09-18,2342,36.94,14,58145140
2026-09-18,2344,67.54,534,3189058899
2026-09-18,2345,70.25,220,394332675
2026-09-18,2347,88.74000000000001,256,1480481140
2026-09-18,2348,70.03,32,111726551
2026-09-18,2348A,65.87,6,19766000
2026-09-18,2349,28.73,123,199404633
2026-09-18,2351,77.6,76,151998124
2026-09-18,2352,48.16,201,761462772
2026-09-18,2353,38.31,371,1167894279
2026-09-18,2354,49.99,132,707322378
2026-09-18,2355,41.15,98,163635704
2026-09-18,2356,73.89,392,2651691979
2026-09-18,2357,74.87,217,556264061
2026-09-18,2358,28.0,17,38263760
2026-09-18,2359,47.31,39,81146168
2026-09-18,2360,69.96,186,297609308
2026-09-18,2361,52.97,6,24656285
2026-09-18,2362,81.04,113,504461696
2026-09-18,2363,35.160000000000004,64,181175031
2026-09-18,2364,56.08,11,29390276
2026-09-18,2364A,0.0,0,0
2026-09-18,2365,23.59,26,52305826
2026-09-18,2367,28.82,90,203694112
2026-09-18,2368,76.42,128,405607639
2026-09-18,2369,30.86,54,117365814
2026-09-18,2371,48.63,288,1046341905
2026-09-18,2373,87.27,27,206176943
2026-09-18,2374,25.61,41,86610018
2026-09-18,2375,23.87,19,25950391
2026-09-18,2376,72.61,158,486569704
2026-09-18,2377,68.21000000000001,188,576377037
2026-09-18,2378,33.79,25,47689212
2026-09-18,2379,74.00999999999999,207,381626296
2026-09-18,2380,35.88,8,21532529
2026-09-18,2381,0.0,0,0
2026-09-18,2382,85.35000000000001,517,3506827338
2026-09-18,2383,68.03999999999999,135,243893758
2026-09-18,2384,28.02,329,574175007
2026-09-18,2385,74.27,176,568846756
2026-09-18,2387,58.23,29,113727776
2026-09-18,2388,71.38,69,397331361
2026-09-18,2390,38.83,25,74837019
2026-09-18,2392,50.65,64,259584426
2026-09-18,2393,67.13,124,297779952
2026-09-18,2395,85.02,211,739208826
2026-09-18,2396,45.53,238,581442081
2026-09-18,2397,69.14,17,79169925
2026-09-18,2398,36.58,46,151153889
2026-09-18,2399,33.43,39,59579281
2026-09-18,2401,41.55,98,246082595
2026-09-18,2402,38.04,51,117072774
2026-09-18,2404,53.58,71,102170451
2026-09-18,2405,24.64,47,84682765
2026-09-18,2406,24.3,57,85351802
2026-09-18,2407,37.89,178,278589582
2026-09-18,2408,82.81,322,2858061796
2026-09-18,2409,50.23,902,3792068628
2026-09-18,2410,36.35,51,58208183
2026-09-18,2412,79.65,520,6179654581
2026-09-18,2413,55.440000000000005,22,70630728
2026-09-18,2414,59.59,44,96410191
2026-09-18,2415,63.61,20,57258026
2026-09-18,2417,42.15,20,66288894
2026-09-18,2418,47.82,137,489397585
2026-09-18,2419,64.89,15,208581233
2026-09-18,2420,48.59,37,74207645
2026-09-18,2421,64.09,101,183950540
2026-09-18,2423,76.21000000000001,34,110561026
2026-09-18,2424,80.85000000000001,6,48185079
2026-09-18,2425,47.52,21,45876468
2026-09-18,2426,45.25,53,136100655
2026-09-18,2427,53.7,15,106366106
2026-09-18,2428,60.22,30,77171173
2026-09-18,2429,48.39,14,41386193
2026-09-18,2430,63.42,24,74101937
2026-09-18,2431,42.04,15,46651201
2026-09-18,2432,77.54,9,47978363
2026-09-18,2433,79.0,18,114157397
2026-09-18,2434,78.19,3,28933763
2026-09-18,2435,32.68,10,24422660
2026-09-18,2436,26.19,46,57961408
2026-09-18,2438,58.540000000000006,21,41688953
2026-09-18,2439,30.31,53,75429135
2026-09-18,2440,70.27999999999999,26,97794381
2026-09-18,2441,68.97,89,392505507
2026-09-18,2442,54.67,53,177852504
2026-09-18,2443,55.25,45,83395287
2026-09-18,2444,30.92,21,32966699
2026-09-18,2445,15.7,7,7571407
2026-09-18,2449,60.64,276,778925018
2026-09-18,2450,76.82,17,198444831
2026-09-18,2451,70.76,62,305321729
2026-09-18,2453,48.14,15,48158657
2026-09-18,2454,73.91,504,1185892155
2026-09-18,2455,57.16,81,107620054
2026-09-18,2457,29.1,53,123670833
2026-09-18,2458,57.31,82,174221451
2026-09-18,2459,52.93000000000001,32,55918266
2026-09-18,2460,58.43,21,98896241
2026-09-18,2461,45.790000000000006,54,87909779
2026-09-18,2462,56.07,36,84580606
2026-09-18,2464,48.21,52,105562421
2026-09-18,2465,41.1,18,38631681
2026-09-18,2466,87.44,51,151702436
2026-09-18,2467,69.36,57,112262251
2026-09-18,2468,50.77,3,35524481
2026-09-18,2471,24.48,16,11578099
2026-09-18,2472,57.86,48,95353254
2026-09-18,2474,72.12,87,388687357
2026-09-18,2475,71.16999999999999,1102,4612853916
2026-09-18,2476,67.78,61,149262075
2026-09-18,2477,73.57,40,116690172
2026-09-18,2478,57.11,49,82687822
2026-09-18,2479,32.48,6,12262335
2026-09-18,2480,31.77,35,33804306
2026-09-18,2481,56.620000000000005,77,216425128
2026-09-18,2482,40.5,13,31554219
2026-09-18,2483,64.03,30,69104512
2026-09-18,2484,24.23,33,38657034
2026-09-18,2485,23.27,37,73977426
2026-09-18,2486,36.83,53,88714743
2026-09-18,2488,52.72,24,42186150
2026-09-18,2489,31.76,78,193786131
2026-09-18,2490,21.55,30,35132628
2026-09-18,2491,75.16,26,61653698
2026-09-18,2492,63.21,68,306790612
2026-09-18,2493,52.39,36,66448659
2026-09-18,2494,81.48,10,33814016
2026-09-18,2495,50.97,45,139502158
2026-09-18,2496,49.57,9,9469641
2026-09-18,2497,65.5,33,85771321
2026-09-18,2498,39.14,141,327591787
2026-09-18,2499,44.19,81,203855480
2026-09-18,2501,77.16,157,894767862
2026-09-18,2504,75.09,203,886187047
2026-09-18,2505,80.02000000000001,68,304141241
2026-09-18,2506,77.06,75,298309344
2026-09-18,2509,69.65,44,156468312
2026-09-18,2511,80.74,293,1310959659
2026-09-18,2512,34.23,96,167810464
2026-09-18,2514,88.10000000000001,49,347806261
2026-09-18,2515,60.84,341,1027689354
2026-09-18,2516,73.14999999999999,63,165582999
2026-09-18,2520,74.97,97,457057782
2026-09-18,2521,35.27,57,112766509
2026-09-18,2523,44.79,58,102026835
2026-09-18,2524,93.21,37,341226206
2026-09-18,2525,31.82,172,207073896
2026-09-18,2527,80.97,35,218891210
2026-09-18,2528,84.38,88,369503048
2026-09-18,2530,85.89,140,722703562
2026-09-18,2533,38.32,37,58640547
2026-09-18,2534,72.67999999999999,110,344744992
2026-09-18,2535,60.97,65,165144762
2026-09-18,2536,78.36000000000001,81,260873894
2026-09-18,2537,61.31,75,184353160
2026-09-18,2538,73.72,127,328156172
2026-09-18,2539,86.87,123,1036650027
2026-09-18,2540,91.12,81,861138675
2026-09-18,2542,65.96,229,1420618415
2026-09-18,2543,71.44,75,377682299
2026-09-18,2545,76.75,43,291568210
2026-09-18,2546,63.27,23,92503664
2026-09-18,2547,70.51,188,730061586
2026-09-18,2548,49.39,100,165875520
2026-09-18,2553,18.92,13,15465290
2026-09-18,2566,0.0,0,0
2026-09-18,2569,83.38000000000001,2,9634000
2026-09-18,2572,83.39,2,3028800
2026-09-18,2591,0.0,0,0
2026-09-18,2592,90.43,4,9490283
2026-09-18,2596,72.24,29,72252736
2026-09-18,2597,81.38,41,252904098
2026-09-18,2599,66.04,41,65075850
2026-09-18,2601,32.08,106,264716252
2026-09-18,2603,75.44,377,1634003306
2026-09-18,2605,55.44,115,324587527
2026-09-18,2606,78.89,120,666864799
2026-09-18,2607,78.13,90,417026843
2026-09-18,2608,76.55,70,357572471
2026-09-18,2609,63.59,329,2221613741
2026-09-18,2610,73.04,547,4489802214
2026-09-18,2611,48.03,25,90801736
2026-09-18,2612,76.42,17,150957902
2026-09-18,2613,56.34,29,83643720
2026-09-18,2614,46.09,44,150900715
2026-09-18,2615,89.72,306,2518273097
2026-09-18,2616,45.06,18,61871588
2026-09-18,2617,65.58,68,273744421
2026-09-18,2618,82.60000000000001,672,4462013488
2026-09-18,2622,0.0,0,0
2026-09-18,2626,0.0,0,0
2026-09-18,2630,63.970000000000006,12,134021634
2026-09-18,2633,86.99,293,4897224519
2026-09-18,2634,48.71,72,459029839
2026-09-18,2636,44.55,34,63218008
2026-09-18,2637,84.06,152,627633573
2026-09-18,2639,99.01,2,99010131
2026-09-18,2640,73.71000000000001,25,43694672
2026-09-18,2641,28.75,50,95051662
2026-09-18,2642,60.38,7,57645500
2026-09-18,2643,63.96,9,22387688
2026-09-18,2644,80.03,34,66399388
2026-09-18,2645,80.91,31,303164700
2026-09-18,2646,65.32000000000001,136,1965754347
2026-09-18,2701,86.34,36,388628284
2026-09-18,2702,73.71,18,115466834
2026-09-18,2704,88.72,70,325579929
2026-09-18,2705,66.68,42,127606331
2026-09-18,2706,85.41,58,427093577
2026-09-18,2707,60.9,17,77600965
2026-09-18,2712,90.79,19,95351117
2026-09-18,2714,0.0,0,0
2026-09-18,2717,0.0,0,0
2026-09-18,2718,88.24,16,77285628
2026-09-18,2719,90.67,4,62976831
2026-09-18,2720,61.03,27,48836674
2026-09-18,2722,87.26,31,124956122
2026-09-18,2723,69.94,41,125933005
2026-09-18,2724,84.77,10,50580204
2026-09-18,2726,65.06,16,24526480
2026-09-18,2727,39.17,35,32504408
2026-09-18,2729,67.84,13,29204235
2026-09-18,2730,86.67,2,32256232
2026-09-18,2731,43.59,23,40675788
2026-09-18,2732,59.080000000000005,19,27487079
2026-09-18,2733,77.51,8,19069035
2026-09-18,2734,38.98,13,22325916
2026-09-18,2735,0.0,0,0
2026-09-18,2736,55.95,17,44763944
2026-09-18,2738,97.88,6,65966434
2026-09-18,2739,73.84,20,67599606
2026-09-18,2740,72.53,2,12157812
2026-09-18,2741,64.85,8,14654937
2026-09-18,2743,52.86,8,24755224
2026-09-18,2745,51.28,5,17338634
2026-09-18,2748,61.46,6,65026826
2026-09-18,2749,75.15,16,15633907
2026-09-18,2750,98.53,18,59126313
2026-09-18,2751,60.32,1,11970487
2026-09-18,2752,63.580000000000005,16,16976267
2026-09-18,2753,54.93,19,36617349
2026-09-18,2754,73.13000000000001,6,34308600
2026-09-18,2755,66.35,16,31299562
2026-09-18,2756,71.14,13,17502694
2026-09-18,2758,73.57000000000001,13,15074853
2026-09-18,2759,100.0,1,16200000
2026-09-18,2760,89.22,6,11600872
2026-09-18,2761,57.63,9,9996315
2026-09-18,2762,85.48,21,96200838
2026-09-18,2801,77.8,1292,9385289740
2026-09-18,2807,0.0,0,0
2026-09-18,2811,34.55,66,101116650
2026-09-18,2812,59.38,839,3816783053
2026-09-18,2816,81.02000000000001,34,181224548
2026-09-18,2820,66.14,154,888576409
2026-09-18,2825,5.7,1,714440
2026-09-18,2827,36.75,31,47642379
2026-09-18,2831,62.09,167,740845367
2026-09-18,2832,69.4,53,176004067
2026-09-18,2834,61.0,1416,6344591546
2026-09-18,2836,85.63,177,1591784115
2026-09-18,2836A,39.03,8,15613000
2026-09-18,2838,90.49,267,4170636031
2026-09-18,2838A,68.74000000000001,42,137526144
2026-09-18,2841,57.39,179,551750075
2026-09-18,2845,75.87,597,3692406586
2026-09-18,2849,98.44,56,1927503949
2026-09-18,2850,67.93,92,214699839
2026-09-18,2851,71.46,122,572066326
2026-09-18,2852,66.68,108,200895880
2026-09-18,2855,77.23,235,1237051814
2026-09-18,2880,82.14999999999999,1122,11549843519
2026-09-18,2881,86.78,1022,12157274126
2026-09-18,2881A,90.58,69,543578597
2026-09-18,2881B,94.9,69,632773243
2026-09-18,2881C,84.94,52,283217065
2026-09-18,2882,85.93,1255,12608321759
2026-09-18,2882A,95.0,84,791825583
2026-09-18,2882B,96.0,60,672090437
2026-09-18,2883,69.28999999999999,1897,11765973118
2026-09-18,2883B,66.36,395,1050265296
2026-09-18,2884,74.54,2153,13214394521
2026-09-18,2885,82.93,1269,11058312267
2026-09-18,2886,83.47000000000001,830,12383151193
2026-09-18,2887,75.71000000000001,2952,19019017923
2026-09-18,2887E,85.79,59,429112947
2026-09-18,2887F,89.44,33,268349660
2026-09-18,2887G,48.03,24,36036825
2026-09-18,2887H,70.63,60,155208047
2026-09-18,2887I,73.87,578,2287951336
2026-09-18,2887Z1,90.31,26,271009761
2026-09-18,2889,72.28,354,2627105099
2026-09-18,2890,81.27,1594,12015489542
2026-09-18,2891,81.98,1883,16134106602
2026-09-18,2891B,95.9,38,319721074
2026-09-18,2891C,93.69,22,156169449
2026-09-18,2892,72.34,1690,10405044091
2026-09-18,2897,86.64,354,2431073350
2026-09-18,2897B,83.54,61,208907885
2026-09-18,2901,79.14,20,57825668
2026-09-18,2902,47.86,41,70159550
2026-09-18,2903,79.9,159,1132275502
2026-09-18,2904,54.260000000000005,9,42247619
2026-09-18,2905,84.42,128,937563021
2026-09-18,2906,65.1,35,136180123
2026-09-18,2908,92.32,55,470785942
2026-09-18,2910,96.61,40,169511406
2026-09-18,2911,45.98,20,48349981
2026-09-18,2912,84.06,144,874187580
2026-09-18,2913,57.4,144,453626147
2026-09-18,2915,69.63,186,769108384
2026-09-18,2916,58.93,18,38097300
2026-09-18,2920,35.79,1,4448825
2026-09-18,2923,99.53,16,1732394216
2026-09-18,2924,89.50999999999999,9,46585590
2026-09-18,2926,74.63,14,35371432
2026-09-18,2929,32.22,19,35317987
2026-09-18,2936,99.52,6,75695149
2026-09-18,2937,84.56,20,36822876
2026-09-18,2938,69.37,7,15847309
2026-09-18,2939,76.14,28,34690939
2026-09-18,2940,58.120000000000005,19,14643377
2026-09-18,2941,66.47,14,10233093
2026-09-18,2942,90.71,10,54436459
2026-09-18,2945,83.48,6,56352917
2026-09-18,2947,62.81,9,14853759
2026-09-18,2948,80.37,15,25722388
2026-09-18,2949,81.77000000000001,16,25059593
2026-09-18,3001,19.56,16,14883022
2026-09-18,3002,65.36,21,66681601
2026-09-18,3003,59.96,43,93361507
2026-09-18,3004,58.28,16,37551104
2026-09-18,3005,73.55000000000001,124,459664788
2026-09-18,3006,56.7,90,169099525
2026-09-18,3008,55.61,52,72754396
2026-09-18,3010,62.650000000000006,77,162586071
2026-09-18,3011,35.77,27,46362537
2026-09-18,3013,44.59,28,91512347
2026-09-18,3014,32.02,42,53182377
2026-09-18,3015,63.74,55,119382228
2026-09-18,3016,69.89999999999999,34,204310224
2026-09-18,3017,67.72,141,267206610
2026-09-18,3018,64.28,6,48461639
2026-09-18,3019,39.57,47,110528210
2026-09-18,3020,99.45,1,122032222
2026-09-18,3021,70.62,19,66885720
2026-09-18,3022,65.49,42,115685794
2026-09-18,3023,69.57000000000001,100,167067053
2026-09-18,3024,51.79,91,143602604
2026-09-18,3025,23.47,11,13333966
2026-09-18,3026,57.330000000000005,77,95139434
2026-09-18,3027,42.51,30,54923294
2026-09-18,3028,43.11,48,102329209
2026-09-18,3029,41.67,35,69629278
2026-09-18,3030,57.42,46,135679502
2026-09-18,3031,61.06,22,105795367
2026-09-18,3032,52.0,27,58927175
2026-09-18,3033,39.53,107,207278601
2026-09-18,3034,71.73,220,436589393
2026-09-18,3035,28.79,35,75074854
2026-09-18,3036,83.17999999999999,236,1120218464
2026-09-18,3037,77.83,400,1279751962
2026-09-18,3038,41.3,30,65035463
2026-09-18,3039,33.29,23,22098596
2026-09-18,3040,68.42,15,45312646
2026-09-18,3041,26.0,14,36978982
2026-09-18,3042,53.94,92,185082031
2026-09-18,3043,19.69,7,7678712
2026-09-18,3044,79.67,183,418795871
2026-09-18,3045,92.96,379,3462812595
2026-09-18,3046,55.03,14,43189608
2026-09-18,3047,20.29,30,45647266
2026-09-18,3048,48.16,45,130011066
2026-09-18,3049,46.9,69,376300484
2026-09-18,3050,51.79,33,80299830
2026-09-18,3051,33.52,28,56001411
2026-09-18,3052,57.81,65,134862651
2026-09-18,3053,54.35,6,4327069
2026-09-18,3054,88.39999999999999,14,71313748
2026-09-18,3055,64.46,29,74137471
2026-09-18,3056,33.58,72,161512213
2026-09-18,3057,34.49,8,23419950
2026-09-18,3058,21.78,32,43989630
2026-09-18,3059,23.380000000000003,44,71974791
2026-09-18,3060,19.89,28,27385089
2026-09-18,3062,23.86,61,78796771
2026-09-18,3064,63.47,3,8260290
2026-09-18,3065,83.62,33,153793497
2026-09-18,3066,72.05999999999999,14,59874007
2026-09-18,3067,71.33,4,14270812
2026-09-18,3069,35.56,1,1066900
2026-09-18,3070,51.25,5,3730230
2026-09-18,3071,58.14,11,63973014
2026-09-18,3072,0.0,0,0
2026-09-18,3073,57.71,20,22810803
2026-09-18,3075,70.68,4,5500440
2026-09-18,3076,53.02,1,1682000
2026-09-18,3077,0.0,0,0
2026-09-18,3078,37.29,53,84861483
2026-09-18,3079,32.06,12,15284927
2026-09-18,3081,46.55,39,47392107
2026-09-18,3082,0.0,0,0
2026-09-18,3083,56.61,9,48975480
2026-09-18,3084,0.0,0,0
2026-09-18,3085,89.64,4,61879589
2026-09-18,3086,85.25,25,232535533
2026-09-18,3087,97.95,1,50259277
2026-09-18,3088,48.48,28,54801749
2026-09-18,3090,60.78,50,174839714
2026-09-18,3091,0.0,0,0
2026-09-18,3092,37.53,22,40049953
2026-09-18,3093,76.46,17,111021067
2026-09-18,3094,22.92,16,19073555
2026-09-18,3095,54.41,4,7989342
2026-09-18,3096,50.21,7,11443476
2026-09-18,3097,86.88,15,65245833
2026-09-18,3098,0.0,0,0
2026-09-18,3099,37.620000000000005,68,84775251
2026-09-18,3105,53.97,92,228905785
2026-09-18,3114,52.64,20,34296463
2026-09-18,3115,86.25,10,62280095
2026-09-18,3116,83.52,1,2275000
2026-09-18,3117,56.120000000000005,8,12796218
2026-09-18,3118,37.74,14,12255385
2026-09-18,3122,26.58,10,10844364
2026-09-18,3126,44.06,14,21486231
2026-09-18,3128,31.24,10,14792673
2026-09-18,3130,55.76,10,18510618
2026-09-18,3131,48.3,13,14683591
2026-09-18,3133,63.27,14,17255800
2026-09-18,3135,48.25,18,47132935
2026-09-18,3137,0.0,0,0
2026-09-18,3138,27.5,12,15525467
2026-09-18,3141,28.74,25,21695965
2026-09-18,3142,51.28,71,104291431
2026-09-18,3146,0.0,0,0
2026-09-18,3147,55.04,13,24050524
2026-09-18,3149,26.34,56,75432470
2026-09-18,3150,53.97,11,23957492
2026-09-18,3151,36.97,2,1528267
2026-09-18,3152,43.75,15,17081894
2026-09-18,3158,36.05,11,11066645
2026-09-18,3159,28.6,2,1671007
2026-09-18,3161,95.15,17,31009696
2026-09-18,3162,60.47,26,93351422
2026-09-18,3163,27.84,25,26363680
2026-09-18,3164,55.29,35,47563948
2026-09-18,3166,96.38,2,22532045
2026-09-18,3167,55.54,38,50675966
2026-09-18,3168,75.46000000000001,20,56678647
2026-09-18,3169,36.54,12,23141479
2026-09-18,3171,76.93,5,25480112
2026-09-18,3176,37.3,32,52000836
2026-09-18,3177,75.32,2,3094000
2026-09-18,3178,65.78,11,29640683
2026-09-18,3179,30.35,4,2989448
2026-09-18,3184,55.91,18,35276021
2026-09-18,3185,0.0,0,0
2026-09-18,3186,77.49,2,23249678
2026-09-18,3188,75.89,44,143531872
2026-09-18,3189,71.99,107,379468266
2026-09-18,3190,74.69,5,10688525
2026-09-18,3191,54.39,9,23717902
2026-09-18,3192,0.0,0,0
2026-09-18,3193,0.0,0,0
2026-09-18,3194,73.46000000000001,9,10224642
2026-09-18,3196,0.0,0,0
2026-09-18,3202,24.59,20,31835838
2026-09-18,3205,66.31,8,44809002
2026-09-18,3206,55.24,22,32560791
2026-09-18,3207,37.53,21,24941869
2026-09-18,3208,46.49,1,1406128
2026-09-18,3209,42.29,61,99621118
2026-09-18,3211,47.92,38,74021390
2026-09-18,3212,0.0,0,0
2026-09-18,3213,27.17,14,15954120
2026-09-18,3216,0.0,0,0
2026-09-18,3217,41.92,22,37787659
2026-09-18,3218,55.87,18,47356517
2026-09-18,3219,80.83,9,58033211
2026-09-18,3221,24.97,32,26244434
2026-09-18,3222,0.0,0,0
2026-09-18,3223,0.0,0,0
2026-09-18,3224,71.94,28,56255417
2026-09-18,3226,87.55000000000001,25,56423361
2026-09-18,3227,38.96,49,59205082
2026-09-18,3228,24.32,14,17497558
2026-09-18,3229,70.72,6,45458604
2026-09-18,3230,53.57,20,46087154
2026-09-18,3231,70.93,553,2433318424
2026-09-18,3232,58.400000000000006,21,27206845
2026-09-18,3233,0.0,0,0
2026-09-18,3234,34.92,25,38937723
2026-09-18,3236,30.02,16,31542662
2026-09-18,3237,0.0,0,0
2026-09-18,3239,94.47,1,538136
2026-09-18,3240,99.94,1,33475122
2026-09-18,3252,79.33999999999999,24,39838024
2026-09-18,3257,43.69,11,34890972
2026-09-18,3258,10.19,23,27933887
2026-09-18,3259,71.00999999999999,26,51826607
2026-09-18,3260,35.9,64,120101115
2026-09-18,3264,73.28,124,359251767
2026-09-18,3265,66.73,22,90962421
2026-09-18,3266,90.47,29,318790321
2026-09-18,3267,29.55,3,5043705
2026-09-18,3268,34.77,10,12075845
2026-09-18,3272,50.3,11,30780339
2026-09-18,3274,74.43,6,4214730
2026-09-18,3276,58.74,12,40961084
2026-09-18,3278,0.0,0,0
2026-09-18,3279,0.0,0,0
2026-09-18,3280,100.0,1,74160054
2026-09-18,3283,49.63,5,3304827
2026-09-18,3284,70.10000000000001,20,76163656
2026-09-18,3285,65.21,19,27876755
2026-09-18,3286,0.0,0,0
2026-09-18,3287,59.55,12,26193810
2026-09-18,3288,48.2,5,7898078
2026-09-18,3289,26.66,27,23147853
2026-09-18,3290,54.5,32,49176702
2026-09-18,3293,55.52,81,156516900
2026-09-18,3294,51.91,24,68561942
2026-09-18,3295,0.0,0,0
2026-09-18,3296,76.64,32,74147114
2026-09-18,3297,50.46,13,18198710
2026-09-18,3301,79.22999999999999,40,98518555
2026-09-18,3302,0.0,0,0
2026-09-18,3303,47.9,33,45081869
2026-09-18,3304,33.550000000000004,7,4721131
2026-09-18,3305,42.01,26,60433180
2026-09-18,3306,48.6,8,24601436
2026-09-18,3308,61.79,8,37083317
2026-09-18,3309,77.1,2,2323411
2026-09-18,3310,82.29,32,61695663
2026-09-18,3311,57.290000000000006,18,57316137
2026-09-18,3312,44.36,19,81038103
2026-09-18,3313,76.27,21,168683275
2026-09-18,3317,31.66,17,28515806
2026-09-18,3318,56.8,19,29689035
2026-09-18,3320,0.0,0,0
2026-09-18,3321,47.53,21,40947502
2026-09-18,3322,34.5,25,47493186
2026-09-18,3323,21.08,14,21013863
2026-09-18,3324,59.78,39,55973138
2026-09-18,3325,30.43,33,33549408
2026-09-18,3328,74.85,1,480000
2026-09-18,3330,0.0,0,0
2026-09-18,3332,87.0,15,41857566
2026-09-18,3333,0.0,0,0
2026-09-18,3334,91.54,5,22594007
2026-09-18,3338,30.32,17,26667741
2026-09-18,3339,27.14,16,18083172
2026-09-18,3342,53.13,17,21745768
2026-09-18,3343,44.66,10,26266841
2026-09-18,3344,32.65,2,895713
2026-09-18,3345,95.55,2,34688347
2026-09-18,3346,26.25,19,31850883
2026-09-18,3348,19.86,1,445000
2026-09-18,3349,49.9,26,23870709
2026-09-18,3350,14.05,6,3034003
2026-09-18,3353,0.0,0,0
2026-09-18,3354,71.7,6,50275383
2026-09-18,3355,0.0,0,0
2026-09-18,3356,100.0,1,68550422
2026-09-18,3356O,34.84,14,28072810
2026-09-18,3357,57.49,44,68281180
2026-09-18,3360,22.56,11,17245436
2026-09-18,3361,81.55000000000001,18,40421444
2026-09-18,3362,58.71,43,86600882
2026-09-18,3363,37.86,28,43038832
2026-09-18,3364,0.0,0,0
2026-09-18,3366,0.0,0,0
2026-09-18,3369,56.22,3,16276119
2026-09-18,3370,0.0,0,0
2026-09-18,3371,78.3,1,3000000
2026-09-18,3372,54.0,27,127121402
2026-09-18,3373,26.33,4,12542958
2026-09-18,3374,67.84,41,184146823
2026-09-18,3376,40.16,61,78665068
2026-09-18,3377,64.25,12,12630570
2026-09-18,3379,27.4,5,10429102
2026-09-18,3380,65.50999999999999,34,354988416
2026-09-18,3381,0.0,0,0
2026-09-18,3383,48.48,18,36370192
2026-09-18,3386,100.0,1,23848573
2026-09-18,3388,37.92,17,32424304
2026-09-18,3390,31.14,19,24723079
2026-09-18,3391,66.0,27,45454699
2026-09-18,3394,0.0,0,0
2026-09-18,3397,0.0,0,0
2026-09-18,3401,0.0,0,0
2026-09-18,3402,30.01,10,21929606
2026-09-18,3404,0.0,0,0
2026-09-18,3406,61.84,53,69735645
2026-09-18,3408,0.0,0,0
2026-09-18,3412,84.95,1,6857152
2026-09-18,3413,46.51,25,51813499
2026-09-18,3414,0.0,0,0
2026-09-18,3416,56.75,16,45883777
2026-09-18,3419,31.58,25,38071852
2026-09-18,3430,33.47,6,11285901
2026-09-18,3431,51.35,8,28481311
2026-09-18,3432,66.5,13,28088200
2026-09-18,3434,47.1,14,16844976
2026-09-18,3437,26.03,23,37649114
2026-09-18,3438,45.120000000000005,2,21285212
2026-09-18,3441,24.75,11,9915802
2026-09-18,3443,64.51,40,86494402
2026-09-18,3444,49.36,17,22215256
2026-09-18,3447,59.49,14,46097487
2026-09-18,3450,43.77,47,63787809
2026-09-18,3455,31.1,24,18620095
2026-09-18,3462,100.0,1,36651000
2026-09-18,3463,100.0,1,71663873
2026-09-18,3465,67.98,13,28782807
2026-09-18,3466,45.8,23,35690419
2026-09-18,3467,62.580000000000005,11,19472248
2026-09-18,3469,63.92,14,14353127
2026-09-18,3471,45.040000000000006,3,2252587
2026-09-18,3472,58.36,25,44534214
2026-09-18,3473,76.15,7,17861741
2026-09-18,3475,0.0,0,0
2026-09-18,3479,39.83,17,29102707
2026-09-18,3481,37.06,1042,2962112555
2026-09-18,3482,44.4,4,2896283
2026-09-18,3483,21.89,24,21696699
2026-09-18,3484,32.18,20,25373371
2026-09-18,3485,51.37,18,19787418
2026-09-18,3489,81.58,10,73807586
2026-09-18,3490,24.22,13,13330726
2026-09-18,3491,35.72,26,24595974
2026-09-18,3492,47.290000000000006,5,16807721
2026-09-18,3494,61.82,12,58619471
2026-09-18,3496,79.91,9,17232520
2026-09-18,3497,33.29,2,1528032
2026-09-18,3498,54.96,17,33688803
2026-09-18,3499,44.330000000000005,13,24375640
2026-09-18,3501,47.38,21,56046232
2026-09-18,3502,34.17,5,3145003
2026-09-18,3504,66.75,20,76157042
2026-09-18,3505,87.89,1,4771663
2026-09-18,3506,19.83,3,1700890
2026-09-18,3507,87.08000000000001,12,27699014
2026-09-18,3508,47.64,30,51892539
2026-09-18,3511,53.75,6,42995081
2026-09-18,3512,71.83000000000001,29,81245754
2026-09-18,3513,97.03,9,9224063
2026-09-18,3515,69.64999999999999,22,86054059
2026-09-18,3516,77.92,19,46418688
2026-09-18,3517,13.89,1,698978
2026-09-18,3518,35.9,28,36805772
2026-09-18,3519,50.830000000000005,48,220651917
2026-09-18,3520,41.51,18,28598012
2026-09-18,3521,81.8,16,151993233
2026-09-18,3522,56.85,27,59201880
2026-09-18,3523,83.39,13,53599192
2026-09-18,3524,66.46000000000001,14,13714185
2026-09-18,3526,43.81,20,29592880
2026-09-18,3527,26.68,10,11869966
2026-09-18,3528,69.41,13,46265088
2026-09-18,3529,54.6,39,40791073
2026-09-18,3530,57.36,13,44443339
2026-09-18,3531,80.37,34,49177848
2026-09-18,3532,90.53,29,351152938
2026-09-18,3533,61.23,50,68923809
2026-09-18,3535,27.34,9,21633443
2026-09-18,3536,67.9,5,35375920
2026-09-18,3537,29.45,10,16570801
2026-09-18,3540,23.56,7,19908142
2026-09-18,3541,35.92,20,20252113
2026-09-18,3542,0.0,0,0
2026-09-18,3543,49.97,45,55122290
2026-09-18,3544,0.0,0,0
2026-09-18,3545,25.08,37,55831845
2026-09-18,3546,34.59,18,21232647
2026-09-18,3548,32.8,17,22403511
2026-09-18,3549,0.0,0,0
2026-09-18,3550,43.52,31,46832965
2026-09-18,3551,50.31999999999999,24,31348055
2026-09-18,3552,38.18,21,37404739
2026-09-18,3554,87.29,1,13842770
2026-09-18,3555,80.49,9,32201252
2026-09-18,3556,16.52,5,10533552
2026-09-18,3557,61.03,20,51478428
2026-09-18,3558,51.04,10,30150085
2026-09-18,3560,74.02,9,15107106
2026-09-18,3563,50.370000000000005,22,32234516
2026-09-18,3564,60.47,3,36295610
2026-09-18,3566,73.96,150,310432586
2026-09-18,3567,18.59,7,6321658
2026-09-18,3568,72.35000000000001,5,7281687
2026-09-18,3570,54.02,4,9239058
2026-09-18,3571,0.0,0,0
2026-09-18,3572,44.74,4,5290009
2026-09-18,3574,67.92,1,714009
2026-09-18,3576,39.02,199,635347399
2026-09-18,3577,66.57,25,42589091
2026-09-18,3579,74.14,3,7103266
2026-09-18,3580,12.46,6,4923491
2026-09-18,3581,58.28,14,29734483
2026-09-18,3583,59.72,26,50093636
2026-09-18,3584,25.450000000000003,29,35607756
2026-09-18,3585,39.64,13,44293576
2026-09-18,3586,51.29,2,1261000
2026-09-18,3587,31.52,15,22603479
2026-09-18,3588,27.57,12,17095633
2026-09-18,3591,100.0,1,130386835
2026-09-18,3591O,53.68,36,78076132
2026-09-18,3592,36.07,19,27385791
2026-09-18,3593,64.2,18,39066381
2026-09-18,3594,53.47,26,51321549
2026-09-18,3595,31.72,8,12915644
2026-09-18,3596,70.37,69,155098391
2026-09-18,3597,64.47,11,25300392
2026-09-18,3601,52.62,9,18366115
2026-09-18,3603,71.13,10,17676115
2026-09-18,3604,0.0,0,0
2026-09-18,3605,67.47999999999999,59,119327224
2026-09-18,3606,77.4,11,13043205
2026-09-18,3607,32.26,34,39271143
2026-09-18,3609,53.77,18,20662236
2026-09-18,3610,78.86999999999999,3,32338873
2026-09-18,3611,58.29,13,27725774
2026-09-18,3613,66.67,28,42304084
2026-09-18,3615,31.9,13,21845662
2026-09-18,3616,42.8,36,40527168
2026-09-18,3617,66.85,39,63364576
2026-09-18,3619,27.79,3,2119800
2026-09-18,3622,58.59,18,88708518
2026-09-18,3623,52.09,3,15206223
2026-09-18,3624,53.260000000000005,19,62512943
2026-09-18,3625,48.69,32,55653622
2026-09-18,3627,56.06,9,17376090
2026-09-18,3628,59.150000000000006,5,26624242
2026-09-18,3629,86.89,5,28637406
2026-09-18,3630,54.120000000000005,15,110530208
2026-09-18,3631,80.24,15,65658114
2026-09-18,3632,17.2,5,7038928
2026-09-18,3633,60.69,13,20656181
2026-09-18,3634,82.97,13,41166411
2026-09-18,3635,0.0,0,0
2026-09-18,3636,87.18,1,5231007
2026-09-18,3637,77.46,6,23047225
2026-09-18,3642,63.39,18,29086139
2026-09-18,3643,97.95,1,46958218
2026-09-18,3644,77.29,32,64394874
2026-09-18,3645,37.93,38,51892108
2026-09-18,3646,48.88,21,19220432
2026-09-18,3647,0.0,0,0
2026-09-18,3649,36.51,6,3952494
2026-09-18,3651,95.9,12,66729578
2026-09-18,3652,72.28999999999999,13,54291782
2026-09-18,3653,70.58,42,103592906
2026-09-18,3656,77.46,6,45127606
2026-09-18,3657,97.29,2,4743125
2026-09-18,3659,86.43,16,47354055
2026-09-18,3661,33.46,37,28910433
2026-09-18,3662,53.41,26,98021792
2026-09-18,3663,64.92,11,70453727
2026-09-18,3664,68.46,7,52001484
2026-09-18,3665,61.77,86,123317904
2026-09-18,3666,83.32,16,115795635
2026-09-18,3669,58.59,9,54458432
2026-09-18,3671,87.86,7,12742653
2026-09-18,3672,55.92,20,22818063
2026-09-18,3673,41.98,69,170763379
2026-09-18,3674,71.06,7,12660570
2026-09-18,3675,56.94,4,30218070
2026-09-18,3678,52.54,13,13888100
2026-09-18,3679,65.87,25,41522558
2026-09-18,3680,57.15,41,55175469
2026-09-18,3681,95.08,6,112878521
2026-09-18,3683,100.0,1,63777668
2026-09-18,3684,62.35,10,18905357
2026-09-18,3685,61.14,30,48670152
2026-09-18,3686,21.81,14,16694775
2026-09-18,3687,37.330000000000005,6,11248861
2026-09-18,3688O,67.86999999999999,11,67330066
2026-09-18,3689,25.6,23,22940004
2026-09-18,3690,89.17,6,53832220
2026-09-18,3691,59.27,16,54479112
2026-09-18,3693,52.24,13,22467232
2026-09-18,3694,57.87,18,89653652
2026-09-18,3701,72.8,21,172343148
2026-09-18,3702,82.99,349,1453797707
2026-09-18,3703,72.3,105,595256805
2026-09-18,3704,64.77,81,269156942
2026-09-18,3705,69.30000000000001,70,184684969
2026-09-18,3706,55.7,133,739554009
2026-09-18,3707,45.2,41,181368667
2026-09-18,3708,49.44,25,46319717
2026-09-18,3709,71.67,18,104350856
2026-09-18,3710,100.0,1,177086787
2026-09-18,3710O,32.879999999999995,81,94504545
2026-09-18,3711,86.41000000000001,795,3878282395
2026-09-18,3712,58.03,28,142949881
2026-09-18,3713,56.55,31,49832810
2026-09-18,3714,43.9,122,324013933
2026-09-18,3715,28.74,60,81555733
2026-09-18,3716,52.9,35,79694510
2026-09-18,3717,37.55,54,79511600
2026-09-18,3718,41.49,59,162317213
2026-09-18,4102,46.49,12,19709067
2026-09-18,4104,45.28,24,85338885
2026-09-18,4105,48.13,67,119731709
2026-09-18,4106,50.99,17,51466805
2026-09-18,4107,61.71,24,42783030
2026-09-18,4108,28.87,26,57384965
2026-09-18,4109,43.93,29,52183143
2026-09-18,4111,42.71,23,25564627
2026-09-18,4113,74.47,74,172167941
2026-09-18,4114,44.29,116,243886950
2026-09-18,4115,75.96,16,45586623
2026-09-18,4116,54.95,3,24491956
2026-09-18,4117,55.44,26,39281543
2026-09-18,4118,90.11,1,27027389
2026-09-18,4119,47.67,14,56985761
2026-09-18,4120,71.55,21,62077019
2026-09-18,4121,49.77,19,41381431
2026-09-18,4123,59.19,174,480627008
2026-09-18,4125,0.0,0,0
2026-09-18,4126,63.010000000000005,24,45757407
2026-09-18,4127,73.44,15,33617886
2026-09-18,4128,43.66,68,256828001
2026-09-18,4129,59.94,33,57829855
2026-09-18,4131,77.3,6,30835168
2026-09-18,4132,46.63,49,87673505
2026-09-18,4133,23.57,11,14281015
2026-09-18,4135,65.43,14,17321840
2026-09-18,4136,99.3,4,35896711
2026-09-18,4137,51.19,14,42246969
2026-09-18,4138,51.42,4,20535026
2026-09-18,4139,68.67,22,30914336
2026-09-18,4140,0.0,0,0
2026-09-18,4142,40.47,86,173891602
2026-09-18,4147,52.05,66,142264054
2026-09-18,4148,79.17,11,53237395
2026-09-18,4150,48.540000000000006,51,71483728
2026-09-18,4151,78.35000000000001,13,39203441
2026-09-18,4153,76.68,15,44996790
2026-09-18,4154,76.61,15,29414403
2026-09-18,4155,43.36,38,60574822
2026-09-18,4156,71.88,14,40644509
2026-09-18,4157,59.41,118,423012479
2026-09-18,4160,29.63,3,7910422
2026-09-18,4161,44.55,24,26649589
2026-09-18,4162,45.05,22,64747155
2026-09-18,4163,70.08,23,35525959
2026-09-18,4164,50.5,53,98846076
2026-09-18,4166,82.81,26,201281537
2026-09-18,4167,42.28,85,140239791
2026-09-18,4168,27.380000000000003,25,30837098
2026-09-18,4169,54.16,22,35988757
2026-09-18,4170,58.5,15,25616230
2026-09-18,4171,32.72,10,19007085
2026-09-18,4172,39.01,25,46680369
2026-09-18,4173,43.05,4,32109191
2026-09-18,4174,41.14,30,54148665
2026-09-18,4175,56.05,7,23724193
2026-09-18,4177,59.03,17,37091328
2026-09-18,4178,77.78,45,167982515
2026-09-18,4181,0.0,0,0
2026-09-18,4183,62.620000000000005,13,14909620
2026-09-18,4184,92.03,1,36063788
2026-09-18,4186,45.870000000000005,36,41297920
2026-09-18,4188,54.31,11,34401223
2026-09-18,4190,66.66,12,40846431
2026-09-18,4191,63.05,31,63164763
2026-09-18,4192,68.35,3,24040456
2026-09-18,4193,49.22,25,33295777
2026-09-18,4194,76.72,24,112001410
2026-09-18,4195,38.760000000000005,24,31020067
2026-09-18,4197,65.38,21,19735273
2026-09-18,4198,82.12,4,19798996
2026-09-18,4205,66.37,33,64841693
2026-09-18,4207,73.13,52,145221366
2026-09-18,4303,18.93,12,17927313
2026-09-18,4304,80.96000000000001,14,49424481
2026-09-18,4305,84.73,26,46626250
2026-09-18,4306,57.97,114,392427966
2026-09-18,4401,62.33,50,76492020
2026-09-18,4402,66.02,14,44898852
2026-09-18,4404,35.81,25,40227715
2026-09-18,4406,77.41,20,40194723
2026-09-18,4408,35.77,14,24204579
2026-09-18,4413,69.31,15,21709290
2026-09-18,4414,64.06,46,169024875
2026-09-18,4415,85.04,11,37065628
2026-09-18,4416,67.46000000000001,35,49654331
2026-09-18,4417,46.02,19,38668060
2026-09-18,4419,96.83,7,163832251
2026-09-18,4420,60.03,9,24291779
2026-09-18,4424,66.59,16,39856000
2026-09-18,4426,61.9,33,106913223
2026-09-18,4427,87.52,55,186041149
2026-09-18,4430,64.1,21,36074783
2026-09-18,4431,70.86,5,25897809
2026-09-18,4432,55.43000000000001,12,28046740
2026-09-18,4433,56.25,10,34491486
2026-09-18,4438,65.78,39,74632572
2026-09-18,4439,78.29,14,29927200
2026-09-18,4440,57.010000000000005,45,38553819
2026-09-18,4441,70.39,25,48004767
2026-09-18,4442,74.91,18,24702121
2026-09-18,4502,70.7,16,40095772
2026-09-18,4503,62.8,10,49193999
2026-09-18,4506,80.67999999999999,29,142847697
2026-09-18,4510,35.3,17,38504073
2026-09-18,4513,57.87,17,83227417
2026-09-18,4522,100.0,1,32106690
2026-09-18,4523,59.940000000000005,18,38950140
2026-09-18,4526,47.29,57,120538651
2026-09-18,4527,67.5,26,51411250
2026-09-18,4528,62.32,12,52464347
2026-09-18,4529,58.790000000000006,14,49717172
2026-09-18,4530,72.60999999999999,6,26001313
2026-09-18,4532,70.08,93,346897034
2026-09-18,4533,36.99,23,66036010
2026-09-18,4534,40.5,22,35169840
2026-09-18,4535,77.42,21,58598716
2026-09-18,4536,56.28,41,51142332
2026-09-18,4537,82.02,16,64678668
2026-09-18,4538,80.7,15,47999527
2026-09-18,4540,29.880000000000003,18,34445678
2026-09-18,4541,38.09,20,25781460
2026-09-18,4542,48.8,20,17465789
2026-09-18,4543,46.95,14,28067835
2026-09-18,4544,67.50999999999999,20,40706696
2026-09-18,4545,72.44,8,55803069
2026-09-18,4546,70.58,15,23846148
2026-09-18,4547,84.76,7,19792403
2026-09-18,4548,100.0,1,37500000
2026-09-18,4549,62.53,14,35648281
2026-09-18,4550,56.24,11,21284625
2026-09-18,4551,79.02000000000001,34,91076546
2026-09-18,4552,49.94,21,57940694
2026-09-18,4553,87.11,14,28768482
2026-09-18,4554,52.18,7,13738759
2026-09-18,4555,70.48,14,49339284
2026-09-18,4556,75.16,11,31798275
2026-09-18,4557,43.27,22,20766557
2026-09-18,4558,72.83,32,36424719
2026-09-18,4559,87.85000000000001,17,52718335
2026-09-18,4560,86.07,11,58627000
2026-09-18,4561,58.36,12,34162988
2026-09-18,4562,52.2,12,45709238
2026-09-18,4563,54.260000000000005,11,29825822
2026-09-18,4564,39.81,49,92732967
2026-09-18,4565,79.88000000000001,24,49323883
2026-09-18,4566,53.470000000000006,24,59045350
2026-09-18,4568,68.41,8,21925411
2026-09-18,4569,64.24,10,19664873
2026-09-18,4570,95.07,16,41835965
2026-09-18,4571,66.05,21,35025896
2026-09-18,4572,64.18,11,25684380
2026-09-18,4573,41.89,16,19152873
2026-09-18,4575,69.19,17,26757288
2026-09-18,4576,67.05,33,80343304
2026-09-18,4577,61.84,10,30397201
2026-09-18,4578,97.0,3,19693224
2026-09-18,4580,49.25,18,23055500
2026-09-18,4581,62.81,15,21295000
2026-09-18,4582,55.06,25,41576929
2026-09-18,4583,86.0,9,68970581
2026-09-18,4584,80.08,13,24028876
2026-09-18,4585,76.67999999999999,4,81128800
2026-09-18,4587,88.23,5,29117388
2026-09-18,4588,50.28,15,21624050
2026-09-18,4589,69.78999999999999,11,18176305
2026-09-18,4590,50.29,21,27589500
2026-09-18,4609,76.26,24,36573713
2026-09-18,4702,51.02,9,36908577
2026-09-18,4703,26.2,7,17239337
2026-09-18,4706,82.94,15,65570108
2026-09-18,4707,70.74,59,285677860
2026-09-18,4711,60.0,10,36642749
2026-09-18,4712,45.99,2,8473387
2026-09-18,4714,29.1,36,64601477
2026-09-18,4716,33.45,25,31597945
2026-09-18,4717,0.0,0,0
2026-09-18,4720,37.84,24,43346210
2026-09-18,4721,33.49,14,25123575
2026-09-18,4722,58.42,43,60908117
2026-09-18,4724,59.5,28,57124173
2026-09-18,4726,58.02,41,120156553
2026-09-18,4727,18.79,3,1368299
2026-09-18,4728,84.47,36,46021382
2026-09-18,4729,49.93000000000001,11,39578530
2026-09-18,4730,69.86,13,19471244
2026-09-18,4732,67.05,30,33301376
2026-09-18,4734,14.95,2,1532051
2026-09-18,4735,53.37,15,22189360
2026-09-18,4736,51.28,18,48933092
2026-09-18,4737,63.19,27,48930389
2026-09-18,4738,58.71,7,45564019
2026-09-18,4739,38.41,25,47918844
2026-09-18,4741,49.4,11,17200425
2026-09-18,4743,45.47,73,218610351
2026-09-18,4744,51.89,25,29563926
2026-09-18,4745,61.870000000000005,24,40988692
2026-09-18,4746,40.8,38,49094147
2026-09-18,4747,75.74,38,68887756
2026-09-18,4749,33.96,26,32192267
2026-09-18,4752,89.77,6,75611332
2026-09-18,4754,36.69,6,11112211
2026-09-18,4755,69.10000000000001,16,69605823
2026-09-18,4758,92.15,6,26924543
2026-09-18,4760,36.4,7,11701621
2026-09-18,4762,99.67,8,20653185
2026-09-18,4763,60.330000000000005,117,596945778
2026-09-18,4764,73.85,29,67630587
2026-09-18,4765,55.31,16,17776860
2026-09-18,4766,69.97999999999999,28,84398444
2026-09-18,4767,62.75,11,19716146
2026-09-18,4768,35.04,17,16647736
2026-09-18,4769,100.0,1,691793400
2026-09-18,4770,64.54,24,51635462
2026-09-18,4771,59.74,24,35133127
2026-09-18,4772,48.74,25,72028329
2026-09-18,4773,94.99,14,69091469
2026-09-18,4801,98.7,2,46593772
2026-09-18,4802,87.92,2,16578506
2026-09-18,4803,57.43,8,33935500
2026-09-18,4804,62.0,11,44648000
2026-09-18,4805,0.0,0,0
2026-09-18,4806,89.1,10,89064520
2026-09-18,4807,68.24,16,33441280
2026-09-18,4903,42.77,13,45078670
2026-09-18,4904,93.56,381,3376022639
2026-09-18,4905,81.69999999999999,18,23911292
2026-09-18,4906,27.26,88,123272454
2026-09-18,4907,85.80000000000001,10,101386068
2026-09-18,4908,56.2,23,43966180
2026-09-18,4909,25.14,12,23487030
2026-09-18,4911,58.15,20,40033890
2026-09-18,4912,51.27,23,34339927
2026-09-18,4913,25.75,3,2490000
2026-09-18,4914,77.03999999999999,5,7704594
2026-09-18,4915,59.98,121,283072253
2026-09-18,4916,27.14,19,33706616
2026-09-18,4917,97.57,5,29276154
2026-09-18,4919,62.94,46,284882543
2026-09-18,4920,93.69,6,39149436
2026-09-18,4922,25.44,12,11446009
2026-09-18,4923,39.27,16,14744174
2026-09-18,4924,71.02,18,26401936
2026-09-18,4925,49.5,30,35187528
2026-09-18,4927,27.81,68,73756431
2026-09-18,4929,0.0,0,0
2026-09-18,4930,63.64,13,50934279
2026-09-18,4931,25.78,18,16954759
2026-09-18,4932,0.0,0,0
2026-09-18,4933,63.48,11,52504055
2026-09-18,4934,34.73,24,78200597
2026-09-18,4935,62.52,25,80589086
2026-09-18,4938,79.55999999999999,409,2129136908
2026-09-18,4939,35.99,21,35356755
2026-09-18,4942,62.2,39,88582260
2026-09-18,4943,64.19,26,81349476
2026-09-18,4946,42.58,1,3770299
2026-09-18,4949,52.29,27,35533358
2026-09-18,4950,73.05,5,42188553
2026-09-18,4951,19.61,8,6702829
2026-09-18,4952,52.34,9,56967099
2026-09-18,4953,45.63,17,33384367
2026-09-18,4956,39.48,21,39660909
2026-09-18,4958,71.33,217,805377572
2026-09-18,4960,62.92,87,359810719
2026-09-18,4961,48.38,35,58683478
2026-09-18,4962,99.89,1,47602349
2026-09-18,4963,83.64,9,63121061
2026-09-18,4965,100.0,1,75500018
2026-09-18,4966,30.77,22,24314667
2026-09-18,4967,21.58,19,21294638
2026-09-18,4968,15.63,13,14436350
2026-09-18,4969,55.64,56,106296407
2026-09-18,4971,44.39,22,20955390
2026-09-18,4972,50.03,21,28474021
2026-09-18,4973,22.96,13,15000052
2026-09-18,4974,42.2,7,30602997
2026-09-18,4975,96.31,11,314557159
2026-09-18,4976,30.2,16,42663013
2026-09-18,4977,16.93,12,14016991
2026-09-18,4978,82.32,1,4116027
2026-09-18,4979,43.87,54,62732369
2026-09-18,4980,58.12,14,26282457
2026-09-18,4985,100.0,1,60580302
2026-09-18,4989,17.0,21,29396083
2026-09-18,4990,53.41,32,54862442
2026-09-18,4991,47.11,30,57200295
2026-09-18,4992,82.09,38,172475062
2026-09-18,4994,86.25,30,57268354
2026-09-18,4995,67.88000000000001,22,28921924
2026-09-18,4996,77.8,37,77094274
2026-09-18,4997,42.96,8,6302836
2026-09-18,4999,41.28,25,30738670
2026-09-18,5006,10.67,8,10347935
2026-09-18,5007,87.55999999999999,43,258286967
2026-09-18,5009,49.27,106,296984987
2026-09-18,5011,48.43,31,48779274
2026-09-18,5013,87.47,44,116732628
2026-09-18,5014,37.97,51,69611992
2026-09-18,5015,52.09,19,31599822
2026-09-18,5016,65.96,15,32742286
2026-09-18,5017,0.0,0,0
2026-09-18,5201,57.25,19,22151768
2026-09-18,5202,52.87,12,47119505
2026-09-18,5203,42.97,17,33247200
2026-09-18,5204,18.86,1,1183712
2026-09-18,5205,74.44000000000001,2,10050861
2026-09-18,5206,85.35,35,171670218
2026-09-18,5207,38.6,8,6114024
2026-09-18,5209,52.81,4,15990325
2026-09-18,5210,48.3,19,39706771
2026-09-18,5211,47.96,12,15361386
2026-09-18,5212,78.41,15,27158949
2026-09-18,5213,86.96000000000001,82,662837420
2026-09-18,5215,53.370000000000005,22,34345960
2026-09-18,5216,82.4,11,14709629
2026-09-18,5220,44.69,20,17731965
2026-09-18,5221,11.31,1,630000
2026-09-18,5222,32.870000000000005,27,32929299
2026-09-18,5223,62.23,12,27729271
2026-09-18,5225,44.67,11,35369422
2026-09-18,5226,52.74,11,12293000
2026-09-18,5227,27.49,23,26400158
2026-09-18,5228,55.68,13,21195987
2026-09-18,5229,96.51,13,54236666
2026-09-18,5230,25.31,17,14257992
2026-09-18,5232,99.99,2,20499946
2026-09-18,5233,85.35000000000001,23,236705459
2026-09-18,5234,64.8,19,66572523
2026-09-18,5236,62.47,6,37492976
2026-09-18,5238,83.48,15,56186971
2026-09-18,5239,30.08,8,7434218
2026-09-18,5240,55.39,17,14726072
2026-09-18,5242,72.3,45,90323150
2026-09-18,5243,56.55,29,95337789
2026-09-18,5244,48.17,33,32894925
2026-09-18,5245,58.57,19,27016994
2026-09-18,5246,33.61,12,15124282
2026-09-18,5247,75.94,12,56961429
2026-09-18,5248,59.24,5,14515635
2026-09-18,5250,97.08,1,37966770
2026-09-18,5251,33.49,4,11304878
2026-09-18,5253,81.05000000000001,20,33193693
2026-09-18,5254,75.66999999999999,8,17109064
2026-09-18,5256,69.00999999999999,24,49433143
2026-09-18,5257,79.63999999999999,27,105734970
2026-09-18,5258,50.52,36,55782417
2026-09-18,5259,82.07000000000001,8,35759692
2026-09-18,5262,55.99,25,29515964
2026-09-18,5263,55.17,34,43552762
2026-09-18,5265,0.0,0,0
2026-09-18,5267,62.14,13,15723437
2026-09-18,5269,60.33,13,44750014
2026-09-18,5271,100.0,1,42526169
2026-09-18,5271O,29.51,13,18741578
2026-09-18,5272,23.91,15,13228707
2026-09-18,5274,34.54,14,14371456
2026-09-18,5275,30.86,6,3169146
2026-09-18,5276,88.33000000000001,6,34896000
2026-09-18,5278,82.93,70,248858436
2026-09-18,5279,94.52,3,29306693
2026-09-18,5282,85.81,10,21463358
2026-09-18,5283,60.98,23,53430333
2026-09-18,5284,57.080000000000005,13,30200697
2026-09-18,5285,64.17,36,65499180
2026-09-18,5286,79.97,6,11795138
2026-09-18,5287,57.93,22,34956952
2026-09-18,5288,69.5,16,48454473
2026-09-18,5289,30.01,26,28956884
2026-09-18,5291,44.67,23,18719056
2026-09-18,5292,57.41,19,26599105
2026-09-18,5294,0.0,0,0
2026-09-18,5295,85.65,15,24968239
2026-09-18,5296,35.94,7,7760467
2026-09-18,5297,18.74,9,7059305
2026-09-18,5299,50.97,10,26119015
2026-09-18,5301,80.1,10,52793869
2026-09-18,5302,50.75,20,81182202
2026-09-18,5304,88.1,23,288109074
2026-09-18,5306,69.78999999999999,23,87966079
2026-09-18,5307,41.190000000000005,93,174328217
2026-09-18,5309,33.97,35,78805925
2026-09-18,5310,57.01,15,16505518
2026-09-18,5312,55.75,17,33494521
2026-09-18,5314,44.44,154,536166974
2026-09-18,5315,30.35,27,32292613
2026-09-18,5321,60.31,21,35921521
2026-09-18,5324,81.31,46,184106133
2026-09-18,5325,33.49,8,18574575
2026-09-18,5328,39.48,18,68225616
2026-09-18,5336,0.0,0,0
2026-09-18,5340,59.19,30,115392772
2026-09-18,5344,75.59,7,60065365
2026-09-18,5345,78.88,2,29813960
2026-09-18,5346,37.69,303,515286363
2026-09-18,5347,84.39999999999999,241,1585817132
2026-09-18,5348,53.12,5,7850558
2026-09-18,5351,38.19,65,125650330
2026-09-18,5353,55.4,30,41987460
2026-09-18,5355,70.74,44,117550394
2026-09-18,5356,44.01,23,45369379
2026-09-18,5364,70.3,14,44895330
2026-09-18,5372,23.67,13,11510481
2026-09-18,5376,33.739999999999995,8,11372544
2026-09-18,5381,55.96,32,116278680
2026-09-18,5385,23.89,2,2666699
2026-09-18,5386,36.76,8,19899995
2026-09-18,5387,91.32,2,41101763
2026-09-18,5388,44.47,91,135413515
2026-09-18,5392,35.64,18,62948315
2026-09-18,5395,0.0,0,0
2026-09-18,5398,58.21,19,28806847
2026-09-18,5403,47.11,34,36850896
2026-09-18,5410,33.65,18,31489136
2026-09-18,5414,59.72,20,40969592
2026-09-18,5425,35.18,44,92761667
2026-09-18,5426,55.67,22,80081767
2026-09-18,5432,54.1,4,11195533
2026-09-18,5434,55.38,78,107475599
2026-09-18,5438,75.19999999999999,10,84640715
2026-09-18,5439,36.19,29,33674723
2026-09-18,5442,20.66,12,13391310
2026-09-18,5443,39.33,22,64830127
2026-09-18,5450,81.30000000000001,11,99530261
2026-09-18,5452,42.72,22,63588850
2026-09-18,5455,93.99,25,61569785
2026-09-18,5457,51.95,32,101976729
2026-09-18,5460,57.07,29,33557176
2026-09-18,5464,72.49,30,55806006
2026-09-18,5465,72.27000000000001,17,106748473
2026-09-18,5467,86.39999999999999,11,73931230
2026-09-18,5468,65.69,12,38711425
2026-09-18,5469,72.85000000000001,75,354226828
2026-09-18,5471,26.53,34,44578916
2026-09-18,5473,0.0,0,0
2026-09-18,5474,56.66,8,22534462
2026-09-18,5475,23.65,20,30100934
2026-09-18,5478,79.21,29,123671575
2026-09-18,5481,65.12,22,46511842
2026-09-18,5483,59.620000000000005,156,382455765
2026-09-18,5484,37.96,11,25369569
2026-09-18,5487,71.31,15,17277381
2026-09-18,5488,46.39,31,42500065
2026-09-18,5489,85.4,14,87728864
2026-09-18,5490,33.72,23,32444554
2026-09-18,5492,98.66,1,70463021
2026-09-18,5493,44.92,18,19633208
2026-09-18,5497,26.29,14,17179233
2026-09-18,5498,34.76,25,67307869
2026-09-18,5501,28.1,4,5958710
2026-09-18,5505,65.5,47,90973954
2026-09-18,5506,66.77000000000001,34,101884780
2026-09-18,5508,69.0,19,150056828
2026-09-18,5511,68.54,42,93242545
2026-09-18,5512,61.68,157,472732596
2026-09-18,5514,92.31,50,218010260
2026-09-18,5515,71.3,58,143764479
2026-09-18,5516,70.82,15,36517260
2026-09-18,5519,57.22,43,131738724
2026-09-18,5520,83.78999999999999,23,50263690
2026-09-18,5521,59.63,104,293681760
2026-09-18,5522,88.23,55,689740620
2026-09-18,5523,92.5,31,143413219
2026-09-18,5524,30.78,22,18074033
2026-09-18,5525,88.41,69,281304029
2026-09-18,5529,73.78999999999999,20,78078123
2026-09-18,5530,83.14,51,349324902
2026-09-18,5531,86.0,84,840807856
2026-09-18,5532,31.03,8,5526963
2026-09-18,5533,80.92999999999999,78,230933697
2026-09-18,5534,68.36,84,215645066
2026-09-18,5536,56.45,61,70076679
2026-09-18,5538,93.94,22,189038286
2026-09-18,5541,82.05,10,21689146
2026-09-18,5543,73.31,29,34247233
2026-09-18,5546,84.08999999999999,18,69264763
2026-09-18,5547,67.46000000000001,15,34420194
2026-09-18,5548,64.99,18,41420818
2026-09-18,5601,79.68,44,51650273
2026-09-18,5603,53.98,21,56626178
2026-09-18,5604,67.18,46,73090505
2026-09-18,5607,76.95,61,285240798
2026-09-18,5608,29.86,54,116278341
2026-09-18,5609,52.65,46,75249567
2026-09-18,5701,54.16,20,77483220
2026-09-18,5702,0.0,0,0
2026-09-18,5703,88.28999999999999,25,62024117
2026-09-18,5704,83.95,23,49423830
2026-09-18,5706,38.66,13,32395085
2026-09-18,5810,72.91,99,668370631
2026-09-18,5848,100.0,1,12299164593
2026-09-18,5859,96.81,47,1404341693
2026-09-18,5863,81.46,44,260899861
2026-09-18,5864,68.46000000000001,119,345484206
2026-09-18,5867,100.0,1,81500000
2026-09-18,5871,70.56,373,1232105238
2026-09-18,5871A,68.7,46,103076538
2026-09-18,5876,88.75,808,4358904361
2026-09-18,5878,72.75,13,18210334
2026-09-18,5880,75.36,1824,12116562205
2026-09-18,5901,77.87,2,17837451
2026-09-18,5902,85.21000000000001,16,80549595
2026-09-18,5903,91.42,26,204108888
2026-09-18,5904,79.78,186,849345577
2026-09-18,5905,45.99,39,129563255
2026-09-18,5906,86.26,9,30834216
2026-09-18,5907,69.01,28,134979000
2026-09-18,6005,70.39999999999999,318,1729180578
2026-09-18,6015,51.28,89,213888891
2026-09-18,6016,51.34,147,396778720
2026-09-18,6020,96.91,10,244590186
2026-09-18,6021,91.14,47,284647872
2026-09-18,6023,84.22999999999999,31,377409287
2026-09-18,6024,69.66,30,185818549
2026-09-18,6026,51.13,93,202613071
2026-09-18,6027,95.65,10,148956307
2026-09-18,6028,64.68,12,16174558
2026-09-18,6030,100.0,1,1000000000
2026-09-18,6031,100.0,1,2000000000
2026-09-18,6035,93.89,20,67109183
2026-09-18,6038,100.0,1,50000000
2026-09-18,6039,100.0,1,1000000000
2026-09-18,6040,100.0,1,82503000
2026-09-18,6101,88.12,40,102763388
2026-09-18,6103,90.69,5,12339055
2026-09-18,6104,19.35,16,17646561
2026-09-18,6107,40.96,17,35830813
2026-09-18,6108,56.28,42,86983563
2026-09-18,6109,49.45,31,43449115
2026-09-18,6110,18.44,7,5411979
2026-09-18,6111,45.69,25,49600692
2026-09-18,6112,58.75,13,110688222
2026-09-18,6113,53.24,8,27983975
2026-09-18,6114,72.79,8,31969559
2026-09-18,6115,60.23,29,113061540
2026-09-18,6116,43.08,196,1232064550
2026-09-18,6117,55.35,15,51722307
2026-09-18,6118,56.690000000000005,16,51546611
2026-09-18,6120,59.31,74,355327274
2026-09-18,6121,66.44,82,122934768
2026-09-18,6122,32.93,20,25731568
2026-09-18,6123,43.870000000000005,21,27254124
2026-09-18,6124,93.76,18,171134875
2026-09-18,6125,35.11,31,90977963
2026-09-18,6126,36.93,22,48207867
2026-09-18,6127,21.12,16,22848185
2026-09-18,6128,60.54,28,77274170
2026-09-18,6129,16.42,12,26378762
2026-09-18,6130,65.25,18,32174069
2026-09-18,6131,41.19,9,14337192
2026-09-18,6132,35.5,25,22648506
2026-09-18,6133,50.85,26,59513285
2026-09-18,6134,55.1,18,45134170
2026-09-18,6135,38.45,12,29302404
2026-09-18,6136,47.03,33,54357253
2026-09-18,6137,38.83,29,39376487
2026-09-18,6138,46.6,23,35258295
2026-09-18,6139,62.26,65,146715497
2026-09-18,6140,45.4,16,24931894
2026-09-18,6141,50.38,38,57118514
2026-09-18,6142,58.69,52,194218861
2026-09-18,6143,26.1,16,22480646
2026-09-18,6144,89.54,3,34271642
2026-09-18,6146,54.25,28,55279812
2026-09-18,6147,65.38,144,487007937
2026-09-18,6148,35.2,7,16408561
2026-09-18,6149,39.03,7,12445340
2026-09-18,6150,16.22,7,7845663
2026-09-18,6151,35.61,18,19685711
2026-09-18,6152,24.29,30,40760888
2026-09-18,6153,46.62,95,296692923
2026-09-18,6154,63.35,21,50753506
2026-09-18,6155,52.57,20,46293069
2026-09-18,6156,39.54,22,42668226
2026-09-18,6158,42.07,16,23163532
2026-09-18,6160,38.76,16,26556260
2026-09-18,6161,40.82,6,22969458
2026-09-18,6162,52.0,24,41487376
2026-09-18,6163,43.870000000000005,35,65315507
2026-09-18,6164,22.56,17,18064626
2026-09-18,6165,50.95,27,39627696
2026-09-18,6166,74.09,56,161657729
2026-09-18,6167,43.690000000000005,33,63825147
2026-09-18,6168,52.2,28,107430475
2026-09-18,6169,31.090000000000003,4,7275944
2026-09-18,6170,57.86,19,56288252
2026-09-18,6171,87.48,23,87502892
2026-09-18,6172,91.42,9,27428232
2026-09-18,6173,65.19,32,111633682
2026-09-18,6174,62.92,14,31464762
2026-09-18,6175,61.14,21,91797284
2026-09-18,6176,43.21000000000001,97,150775291
2026-09-18,6177,75.94,125,358433501
2026-09-18,6179,50.22,55,90897964
2026-09-18,6180,50.85,32,89275579
2026-09-18,6181,12.14,6,5545988
2026-09-18,6182,26.66,91,170389089
2026-09-18,6183,77.44,32,116194162
2026-09-18,6184,72.17,29,117040493
2026-09-18,6185,49.95,44,74882770
2026-09-18,6186,53.37,39,121144975
2026-09-18,6187,52.6,48,51707841
2026-09-18,6188,42.49,39,118318580
2026-09-18,6189,35.2,70,92960637
2026-09-18,6190,35.73,45,70489617
2026-09-18,6191,58.11,56,290255127
2026-09-18,6192,55.73,36,53595380
2026-09-18,6193,61.39,38,109191803
2026-09-18,6194,57.41,20,27566144
2026-09-18,6195,54.09,8,27156497
2026-09-18,6196,70.28,41,154866449
2026-09-18,6197,44.47,26,56110207
2026-09-18,6198,94.58,8,162132442
2026-09-18,6199,83.75999999999999,23,51740079
2026-09-18,6201,69.11,21,61662209
2026-09-18,6202,41.27,45,95121656
2026-09-18,6203,59.22,16,48809021
2026-09-18,6204,29.71,3,6867007
2026-09-18,6205,45.21,24,37192900
2026-09-18,6206,54.870000000000005,45,78534987
2026-09-18,6207,15.65,15,14662649
2026-09-18,6208,65.45,43,61857313
2026-09-18,6209,37.85,43,69074275
2026-09-18,6210,54.11,16,18969855
2026-09-18,6212,91.83,27,93682680
2026-09-18,6213,63.83,78,232166232
2026-09-18,6214,66.83,54,182003823
2026-09-18,6215,32.78,15,27153956
2026-09-18,6216,38.83,25,37842479
2026-09-18,6217,24.12,26,28291123
2026-09-18,6218,53.38,21,34314639
2026-09-18,6219,69.73,21,87152236
2026-09-18,6220,63.79,53,93432093
2026-09-18,6221,74.8,21,126150662
2026-09-18,6222,90.07000000000001,10,86210142
2026-09-18,6223,50.53,34,49522951
2026-09-18,6224,43.120000000000005,30,36945229
2026-09-18,6225,71.28,7,19818725
2026-09-18,6226,32.59,26,37666989
2026-09-18,6227,73.80999999999999,9,56187618
2026-09-18,6228,80.44,5,20916832
2026-09-18,6229,35.09,5,14163550
2026-09-18,6230,87.81,3,75818982
2026-09-18,6231,32.6,11,14890052
2026-09-18,6232,18.77,60,84813166
2026-09-18,6233,28.37,17,22989403
2026-09-18,6234,53.95,18,54179837
2026-09-18,6235,40.89,24,81773120
2026-09-18,6236,92.72,4,38627813
2026-09-18,6237,18.81,11,14989291
2026-09-18,6239,61.77,166,469060942
2026-09-18,6240,85.27000000000001,10,19505674
2026-09-18,6241,56.69,6,25818286
2026-09-18,6242,63.71,7,20267755
2026-09-18,6243,20.770000000000003,6,9404416
2026-09-18,6244,32.25,71,124870334
2026-09-18,6245,45.1,23,66149489
2026-09-18,6246,62.99,7,23847295
2026-09-18,6248,48.91,24,48906854
2026-09-18,6249,14.82,1,425000
2026-09-18,6250,70.88000000000001,2,12937249
2026-09-18,6252,40.34,1,546393
2026-09-18,6253,0.0,0,0
2026-09-18,6254,49.51,13,15294450
2026-09-18,6256,0.0,0,0
2026-09-18,6257,47.41,138,229487761
2026-09-18,6258,0.0,0,0
2026-09-18,6259,42.78,3,12005163
2026-09-18,6261,39.99,30,51416797
2026-09-18,6262,28.67,5,5865881
2026-09-18,6263,44.11,8,27577179
2026-09-18,6264,71.82,28,97972111
2026-09-18,6265,44.05,19,52070915
2026-09-18,6266,38.84,37,59786009
2026-09-18,6267,0.0,0,0
2026-09-18,6268,0.0,0,0
2026-09-18,6269,32.02,64,103774877
2026-09-18,6270,40.98,16,29579997
2026-09-18,6271,48.940000000000005,60,102361515
2026-09-18,6272,50.64,33,41426355
2026-09-18,6274,63.31,91,189698315
2026-09-18,6275,29.64,16,23827399
2026-09-18,6276,50.92,3,11226830
2026-09-18,6277,57.83,45,69125452
2026-09-18,6278,62.62,88,183140689
2026-09-18,6279,47.35,38,56371063
2026-09-18,6280,99.95,1,65459517
2026-09-18,6281,55.86,36,55422817
2026-09-18,6282,40.84,107,349766760
2026-09-18,6283,63.25,22,93376112
2026-09-18,6284,49.02,15,73041438
2026-09-18,6285,63.03,107,304807227
2026-09-18,6287,94.0,7,114177823
2026-09-18,6289,0.0,0,0
2026-09-18,6290,39.76,54,67507665
2026-09-18,6291,62.85,5,26398251
2026-09-18,6292,46.92,8,21871716
2026-09-18,6293,0.0,0,0
2026-09-18,6294,37.3,4,9716459
2026-09-18,6295,22.33,1,421634
2026-09-18,6296,0.0,0,0
2026-09-18,6297,99.9,1,13129198
2026-09-18,6299,98.35,1,25154338
2026-09-18,6402,64.00999999999999,24,37276176
2026-09-18,6403,41.54,1,6369110
2026-09-18,6404,67.09,5,16342729
2026-09-18,6405,52.2,24,34360947
2026-09-18,6406,58.18,5,20743917
2026-09-18,6407,37.38,18,28092339
2026-09-18,6409,67.11,39,59245559
2026-09-18,6411,34.57,32,34419664
2026-09-18,6412,78.00999999999999,47,312702341
2026-09-18,6414,62.42,58,98123646
2026-09-18,6415,79.42,158,309988716
2026-09-18,6416,48.16,16,35335295
2026-09-18,6417,68.53,20,28977467
2026-09-18,6418,57.38,10,19815563
2026-09-18,6419,39.98,4,5262365
2026-09-18,6423,40.79,12,12656574
2026-09-18,6425,43.290000000000006,15,22256821
2026-09-18,6426,50.27,11,19367785
2026-09-18,6427,100.0,1,56998677
2026-09-18,6428,91.64,3,16204735
2026-09-18,6429,38.13,5,3530082
2026-09-18,6431,70.77,21,68947252
2026-09-18,6432,31.05,11,12477473
2026-09-18,6434,85.2,21,395043355
2026-09-18,6435,52.73,5,19755891
2026-09-18,6436,98.56,1,17921525
2026-09-18,6437,65.0,19,21002715
2026-09-18,6438,33.84,22,27831467
2026-09-18,6441,45.19,6,24099791
2026-09-18,6442,54.35,32,44477382
2026-09-18,6443,16.32,41,83773345
2026-09-18,6446,56.95,159,240713899
2026-09-18,6449,71.18,27,65422510
2026-09-18,6451,64.25,14,75735715
2026-09-18,6452,39.23,24,39301056
2026-09-18,6453,0.0,0,0
2026-09-18,6455,68.47999999999999,16,25409235
2026-09-18,6456,50.07,47,169236031
2026-09-18,6458,65.25,6,17483193
2026-09-18,6461,60.42999999999999,20,66701573
2026-09-18,6462,31.11,19,28401267
2026-09-18,6464,86.17,45,115434644
2026-09-18,6465,63.41,13,37469303
2026-09-18,6467,30.09,11,15779406
2026-09-18,6468,98.55,1,11304880
2026-09-18,6469,47.69,32,75923391
2026-09-18,6470,41.81,2,15762927
2026-09-18,6471,0.0,0,0
2026-09-18,6472,56.16,34,71928281
2026-09-18,6473,77.28,26,46380256
2026-09-18,6474,67.25,29,35331448
2026-09-18,6475,73.13,12,25443151
2026-09-18,6477,40.63,20,50425734
2026-09-18,6479,86.78999999999999,9,49743233
2026-09-18,6481,96.01,6,26121892
2026-09-18,6482,67.6,8,19358223
2026-09-18,6483,43.7,34,29214268
2026-09-18,6484,100.0,1,25000000
2026-09-18,6485,25.86,10,12257182
2026-09-18,6486,43.16,5,21969600
2026-09-18,6488,76.51,95,365911912
2026-09-18,6489,62.98,18,17933233
2026-09-18,6490,70.61999999999999,10,27375474
2026-09-18,6491,64.59,24,50393333
2026-09-18,6492,38.8,26,44602554
2026-09-18,6493,80.37,9,24151999
2026-09-18,6494,16.88,8,5333645
2026-09-18,6495,52.59,39,90506153
2026-09-18,6496,65.96000000000001,9,31198962
2026-09-18,6497,97.19,5,184631605
2026-09-18,6498,67.44,18,32032194
2026-09-18,6499,41.73,13,40473891
2026-09-18,6502,90.96,1,7930713
2026-09-18,6503,80.41,3,9659856
2026-09-18,6504,70.73,23,51365527
2026-09-18,6505,95.96,193,9141962881
2026-09-18,6506,61.47,40,50652448
2026-09-18,6508,61.98,16,53645493
2026-09-18,6509,36.87,48,72823963
2026-09-18,6510,56.01,11,18450282
2026-09-18,6511,72.03,24,43228928
2026-09-18,6512,36.02,10,9105794
2026-09-18,6515,49.47,16,18051850
2026-09-18,6516,53.4,15,30090533
2026-09-18,6517,19.69,4,6025429
2026-09-18,6518,84.49,12,28169334
2026-09-18,6523,63.08,8,28418005
2026-09-18,6525,67.84,26,87566915
2026-09-18,6526,78.72,16,131905472
2026-09-18,6527,45.17,7,11501367
2026-09-18,6529,71.81,7,9121241
2026-09-18,6530,15.35,5,5182047
2026-09-18,6531,64.81,63,105794645
2026-09-18,6532,35.27,16,13215766
2026-09-18,6533,19.69,6,9982606
2026-09-18,6534,84.22,33,86600732
2026-09-18,6535,64.09,36,107590129
2026-09-18,6536O,74.31,9,19566576
2026-09-18,6538,52.32,23,20649079
2026-09-18,6539,85.23,10,20756987
2026-09-18,6540,99.05,3,218374577
2026-09-18,6541,70.91,42,188114346
2026-09-18,6542,84.71,14,35591859
2026-09-18,6543,66.39,28,41073126
2026-09-18,6545,44.15,7,9751106
2026-09-18,6546,41.21,14,27565412
2026-09-18,6547,35.8,67,122438517
2026-09-18,6548,87.57000000000001,94,832515187
2026-09-18,6549,31.44,28,25204291
2026-09-18,6550,76.61,83,685637910
2026-09-18,6551,83.69,11,60095270
2026-09-18,6552,58.37,7,48456950
2026-09-18,6555,69.52,17,82918836
2026-09-18,6556,77.44,12,22268720
2026-09-18,6558,41.7,11,39130138
2026-09-18,6559,52.92,11,12275632
2026-09-18,6560,40.51,7,13161430
2026-09-18,6561,72.86,12,56816634
2026-09-18,6562,52.76,10,62364985
2026-09-18,6563,31.47,11,9364382
2026-09-18,6564,65.05,11,46942221
2026-09-18,6565,39.95,9,10849320
2026-09-18,6566,84.51,6,27176138
2026-09-18,6567,88.53999999999999,30,91082879
2026-09-18,6568,41.91,8,12912103
2026-09-18,6569,68.08,9,29158896
2026-09-18,6570,44.65,15,16580067
2026-09-18,6572,68.78,15,71314191
2026-09-18,6573,64.22,15,51711469
2026-09-18,6574,79.53,8,17490894
2026-09-18,6575,54.400000000000006,18,73628675
2026-09-18,6576,67.82000000000001,37,106900228
2026-09-18,6577,74.0,7,44452556
2026-09-18,6578,64.36,20,46316554
2026-09-18,6579,84.43,16,143095988
2026-09-18,6580,57.790000000000006,42,64807515
2026-09-18,6581,90.0,18,100162438
2026-09-18,6582,74.25999999999999,12,78860865
2026-09-18,6583,82.44,9,13149542
2026-09-18,6584,74.55,26,53224142
2026-09-18,6585,75.86,9,55035806
2026-09-18,6586,62.3,35,133385101
2026-09-18,6587,100.0,1,17077556
2026-09-18,6588,24.08,6,8361522
2026-09-18,6589,57.85,60,174795485
2026-09-18,6590,56.870000000000005,13,14195594
2026-09-18,6591,25.61,8,10542390
2026-09-18,6592,79.81,62,512445210
2026-09-18,6592A,85.41,15,42707213
2026-09-18,6592B,81.33,17,40676000
2026-09-18,6593,45.96,14,14647275
2026-09-18,6595,80.57,25,40179600
2026-09-18,6596,26.8,6,10189435
2026-09-18,6597,81.19,7,24396662
2026-09-18,6598,53.67,41,55200739
2026-09-18,6599,76.44,4,16057199
2026-09-18,6601,86.86999999999999,5,38835670
2026-09-18,6602,0.0,0,0
2026-09-18,6603,54.51,65,91309045
2026-09-18,6604,84.21000000000001,10,36834925
2026-09-18,6605,67.25999999999999,42,111578170
2026-09-18,6606,70.65,41,77945342
2026-09-18,6607,81.0,5,7571136
2026-09-18,6608,96.78,8,58072702
2026-09-18,6609,58.78,8,42601570
2026-09-18,6610,81.22,10,166988726
2026-09-18,6611,91.68,1,1344901
2026-09-18,6612,64.92,20,30900524
2026-09-18,6613,59.440000000000005,7,46253816
2026-09-18,6614,74.21,6,59870964
2026-09-18,6615,51.510000000000005,12,11127600
2026-09-18,6616,62.11,10,22009025
2026-09-18,6617,67.6,27,86216945
2026-09-18,6618,27.91,31,29265122
2026-09-18,6620,63.76,57,105875171
2026-09-18,6621,36.84,10,13087647
2026-09-18,6622,65.39,14,23090848
2026-09-18,6624,74.14,8,16745466
2026-09-18,6625,49.61,15,28767824
2026-09-18,6626,77.35,4,6913191
2026-09-18,6627,77.55,16,21989644
2026-09-18,6629,84.02000000000001,10,32251995
2026-09-18,6633,95.66,1,10646001
2026-09-18,6634,66.18,25,47189403
2026-09-18,6635,100.0,1,32326000
2026-09-18,6637,59.22,9,15880789
2026-09-18,6638,70.5,7,21155563
2026-09-18,6639,71.49,19,41220256
2026-09-18,6640,65.67,3,18990750
2026-09-18,6641,60.24,16,21992668
2026-09-18,6642,58.8,12,21997624
2026-09-18,6643,37.21,7,15863143
2026-09-18,6645,43.81,24,26671332
2026-09-18,6648,68.03,21,37423131
2026-09-18,6649,53.52,19,22489128
2026-09-18,6650,80.17,17,24927698
2026-09-18,6651,51.81999999999999,18,17937821
2026-09-18,6652,79.07,38,108354896
2026-09-18,6653,95.45,1,5727323
2026-09-18,6654,78.39,11,32116293
2026-09-18,6655,86.12,24,69413160
2026-09-18,6656,90.33,4,11046738
2026-09-18,6657,35.43,27,31487108
2026-09-18,6658,43.26,12,15737688
2026-09-18,6659,80.63000000000001,23,69268440
2026-09-18,6660,100.0,1,42627034
2026-09-18,6661,66.09,6,15403809
2026-09-18,6662,47.67,10,12210931
2026-09-18,6664,54.89,24,33582762
2026-09-18,6665,65.83,8,29857810
2026-09-18,6666,78.82,9,37357222
2026-09-18,6667,54.9,11,29368633
2026-09-18,6668,54.36,13,58239004
2026-09-18,6669,63.05,51,129054363
2026-09-18,6670,78.43,65,109343506
2026-09-18,6671,75.15,36,45670455
2026-09-18,6672,32.53,27,26796333
2026-09-18,6673,30.57,4,8156409
2026-09-18,6674,84.27,9,57774440
2026-09-18,6676,61.5,43,104406623
2026-09-18,6677,63.98,13,35861167
2026-09-18,6679,53.02,17,29158291
2026-09-18,6680,71.58,10,17951951
2026-09-18,6681,0.0,0,0
2026-09-18,6682,53.09,25,80788545
2026-09-18,6683,22.06,6,6080625
2026-09-18,6684,36.650000000000006,6,16333722
2026-09-18,6688,73.88,12,14039420
2026-09-18,6689,49.07000000000001,26,33382675
2026-09-18,6690,59.73,3,17919993
2026-09-18,6691,67.79,44,82372665
2026-09-18,6692,71.75,16,42233986
2026-09-18,6693,40.57,11,18556085
2026-09-18,6695,49.52,16,53019157
2026-09-18,6696,63.39,247,525842750
2026-09-18,6697,66.75,6,18242211
2026-09-18,6698,38.34,14,25467685
2026-09-18,6699,85.49,16,41743594
2026-09-18,6701,97.98,3,358305811
2026-09-18,6702,79.72999999999999,98,605042815
2026-09-18,6703,51.31,13,18609574
2026-09-18,6704,44.77,34,47453994
2026-09-18,6705,73.6,10,13254210
2026-09-18,6706,24.54,18,19286694
2026-09-18,6707,80.07000000000001,15,47250617
2026-09-18,6708,53.49,13,15524315
2026-09-18,6709,64.28,22,44607467
2026-09-18,6712,40.15,24,40363757
2026-09-18,6713,60.25,15,17768186
2026-09-18,6715,75.11,22,55791697
2026-09-18,6716,34.81999999999999,11,10535082
2026-09-18,6717,75.04,13,18713710
2026-09-18,6719,48.93,14,51638806
2026-09-18,6720,58.13,20,17581030
2026-09-18,6721,50.55,9,12388050
2026-09-18,6722,76.78999999999999,16,67896215
2026-09-18,6723,58.68,12,17633821
2026-09-18,6724,62.32,2,4424880
2026-09-18,6725,64.52,10,23964766
2026-09-18,6726,100.0,1,17670000
2026-09-18,6727,25.87,11,6960135
2026-09-18,6728,63.32,9,19077261
2026-09-18,6729,47.9,11,13253427
2026-09-18,6730,74.31,20,26995205
2026-09-18,6731,99.44,1,54249491
2026-09-18,6732,49.43,4,24182071
2026-09-18,6733,48.7,26,65438710
2026-09-18,6734,59.48,15,24168737
2026-09-18,6735,48.6,16,22449003
2026-09-18,6736,93.39,1,2424263
2026-09-18,6737,80.84,23,48556385
2026-09-18,6738,66.63,24,24469818
2026-09-18,6739,57.36,9,13419037
2026-09-18,6741,70.09,38,84534300
2026-09-18,6742,35.04,20,24987152
2026-09-18,6743,64.02000000000001,28,96075821
2026-09-18,6744,65.84,7,10141232
2026-09-18,6746,99.59,2,24805196
2026-09-18,6748,35.2,20,25244936
2026-09-18,6749,100.0,1,12500000
2026-09-18,6750,59.14,22,26448639
2026-09-18,6751,64.69,4,14364828
2026-09-18,6752,47.77,19,17748445
2026-09-18,6753,58.74,24,68924547
2026-09-18,6754,83.1,9,54857413
2026-09-18,6755,53.73,16,21402463
2026-09-18,6756,62.46,8,43732757
2026-09-18,6757,75.00999999999999,29,344757300
2026-09-18,6758,81.83,3,11024696
2026-09-18,6760,100.0,1,8447352
2026-09-18,6761,39.02,9,13642900
2026-09-18,6762,77.6,18,28664432
2026-09-18,6763,61.53,21,113274566
2026-09-18,6764,98.27,2,37542917
2026-09-18,6767,59.3,10,23244250
2026-09-18,6768,81.88000000000001,34,163888637
2026-09-18,6770,47.18,567,2226357742
2026-09-18,6771,43.2,17,13477602
2026-09-18,6772,98.74,2,47422263
2026-09-18,6775,62.65,26,68620054
2026-09-18,6776,66.67,14,61081763
2026-09-18,6778,100.0,1,28031800
2026-09-18,6779,100.0,1,44417600
2026-09-18,6780,83.42,12,13743871
2026-09-18,6781,70.03999999999999,8,59840562
2026-09-18,6782,51.63,23,32536310
2026-09-18,6784,51.19,9,9768046
2026-09-18,6785,60.95,19,40724649
2026-09-18,6786,9.05,5,2792932
2026-09-18,6787,24.58,24,19929072
2026-09-18,6788,21.84,8,8471994
2026-09-18,6789,72.3,22,230195592
2026-09-18,6790,78.57,24,209927309
2026-09-18,6791,74.26,9,15487038
2026-09-18,6792,53.89,7,25807783
2026-09-18,6793,39.08,27,29562815
2026-09-18,6794,78.60999999999999,22,50032527
2026-09-18,6796,47.42,13,19082378
2026-09-18,6797,48.8,12,15004820
2026-09-18,6798,73.35,10,14360353
2026-09-18,6799,32.31,9,14110764
2026-09-18,6803,56.34,5,41023332
2026-09-18,6804,64.22,23,30513476
2026-09-18,6805,63.53,26,43561942
2026-09-18,6806,60.24,14,165489537
2026-09-18,6807,81.42,15,43975000
2026-09-18,6808,54.25,19,42238156
2026-09-18,6810,35.37,14,17496082
2026-09-18,6811,66.41,4,27528933
2026-09-18,6812,40.99,11,12540244
2026-09-18,6813,62.5,10,14622910
2026-09-18,6814,82.81,14,34681590
2026-09-18,6815,67.2,21,26689760
2026-09-18,6816,70.99,3,8648222
2026-09-18,6817,54.89,1,10110400
2026-09-18,6818,66.5,6,16962423
2026-09-18,6819,56.28,14,19127278
2026-09-18,6820,71.9,5,16000061
2026-09-18,6821,51.96,14,18592475
2026-09-18,6822,100.0,1,36300000
2026-09-18,6823,55.260000000000005,6,16876059
2026-09-18,6824,100.0,1,35590000
2026-09-18,6825,73.37,11,24692364
2026-09-18,6826,74.67999999999999,17,63896827
2026-09-18,6827,62.27,26,49394592
2026-09-18,6829,66.11,4,39126184
2026-09-18,6830,31.03,19,16990549
2026-09-18,6831,57.79,30,39019786
2026-09-18,6832,86.10000000000001,3,22742144
2026-09-18,6833,85.78999999999999,10,49751415
2026-09-18,6834,60.84,32,53846385
2026-09-18,6835,78.78,27,52139237
2026-09-18,6837,59.15,18,19422768
2026-09-18,6838,61.45,28,92819309
2026-09-18,6839,80.58,29,66108026
2026-09-18,6840,53.41,13,16873160
2026-09-18,6841,47.6,29,45343807
2026-09-18,6842,39.35,7,9106457
2026-09-18,6843,76.75,16,25564740
2026-09-18,6844,63.45,10,23751857
2026-09-18,6846,66.78,7,18078202
2026-09-18,6847,55.89,8,7956005
2026-09-18,6848,52.95,8,7559720
2026-09-18,6849,48.23,12,20224698
2026-09-18,6850,60.650000000000006,18,20071868
2026-09-18,6851,100.0,1,55380366
2026-09-18,6854,64.98,32,76498056
2026-09-18,6855,61.33,13,14263912
2026-09-18,6856,83.6,8,23581411
2026-09-18,6857,94.62,1,14407871
2026-09-18,6858,89.89,9,24470353
2026-09-18,6859,64.46000000000001,15,26824255
2026-09-18,6861,48.55,1,20200000
2026-09-18,6862,69.86,7,34936000
2026-09-18,6863,75.57,10,56609549
2026-09-18,6864,37.11,19,14066328
2026-09-18,6865,50.68,7,8031537
2026-09-18,6866,99.73,1,76018376
2026-09-18,6867,86.42,7,21176419
2026-09-18,6868,55.37,14,13874062
2026-09-18,6869,55.03,41,75888386
2026-09-18,6870,73.75999999999999,13,21519008
2026-09-18,6872,57.56,28,40743667
2026-09-18,6873,62.14,44,88670514
2026-09-18,6874,53.6,9,11796196
2026-09-18,6875,61.35,36,79285938
2026-09-18,6876,31.69,24,22365151
2026-09-18,6877,74.5,27,35001198
2026-09-18,6878,88.92999999999999,14,64609338
2026-09-18,6879,89.17,8,23596520
2026-09-18,6881,57.92,4,8690743
2026-09-18,6882,59.1,14,13714786
2026-09-18,6883,87.72,28,66908433
2026-09-18,6884,73.00999999999999,3,13428354
2026-09-18,6885,36.85,41,49065976
2026-09-18,6886,90.03,5,28641842
2026-09-18,6887,91.81,20,68143512
2026-09-18,6890,92.24,18,230891280
2026-09-18,6891,77.00999999999999,30,154575888
2026-09-18,6892,56.8,41,53424450
2026-09-18,6894,60.99,11,14532896
2026-09-18,6895,61.05,9,20823014
2026-09-18,6897,100.0,1,2372335
2026-09-18,6898,59.190000000000005,10,17179213
2026-09-18,6899,80.06,19,33950232
2026-09-18,6901,82.61,47,705642276
2026-09-18,6902,70.35,15,25018119
2026-09-18,6903,68.08000000000001,16,45401518
2026-09-18,6904,79.9,8,14783155
2026-09-18,6905,100.0,2,63912429
2026-09-18,6906,57.9,13,19423921
2026-09-18,6907,65.22,7,40811500
2026-09-18,6908,86.39,2,32121643
2026-09-18,6909,37.83,25,25537884
2026-09-18,6910,57.05,8,17417864
2026-09-18,6911,61.89,11,13620139
2026-09-18,6912,77.04,28,110974255
2026-09-18,6913,53.96,16,23666587
2026-09-18,6914,72.14,17,47785057
2026-09-18,6915,88.44,11,31220977
2026-09-18,6916,78.98,18,53326789
2026-09-18,6917,43.12,22,23844056
2026-09-18,6918,48.97,17,16936703
2026-09-18,6919,73.19,321,1140263277
2026-09-18,6920,62.89,37,130371932
2026-09-18,6921,78.02,11,25018764
2026-09-18,6922,62.9,9,17082410
2026-09-18,6923,69.7,37,63051490
2026-09-18,6924,82.21,6,16957500
2026-09-18,6925,60.42,9,12086512
2026-09-18,6926,80.75,25,40220227
2026-09-18,6927,67.91,14,25971040
2026-09-18,6928,79.69,11,68543757
2026-09-18,6929,89.57,6,40391901
2026-09-18,6930,100.0,1,90000000
2026-09-18,6931,70.05,40,46351749
2026-09-18,6932,80.46,79,348137016
2026-09-18,6933,66.73,10,28408853
2026-09-18,6934,65.87,15,23801465
2026-09-18,6935,82.34,13,30804164
2026-09-18,6936,76.19,20,55484587
2026-09-18,6937,63.81,25,43185592
2026-09-18,6938,67.01,6,8423565
2026-09-18,6939,63.07,11,22321662
2026-09-18,6940,54.41,110,174443686
2026-09-18,6942,100.0,1,43176880
2026-09-18,6943,100.0,1,194250000
2026-09-18,6944,55.28,44,55134646
2026-09-18,6945,62.99,27,61504937
2026-09-18,6946,93.89,34,304088090
2026-09-18,6947,70.28,31,74607418
2026-09-18,6949,93.14,179,1221846079
2026-09-18,6950,95.79,27,165687390
2026-09-18,6951,66.23,4,34444223
2026-09-18,6952,86.87,18,59380960
2026-09-18,6953,63.56,6,19079270
2026-09-18,6954,100.0,1,62918043
2026-09-18,6955,60.3,11,14955142
2026-09-18,6957,72.13,26,40394571
2026-09-18,6958,94.17,28,377976425
2026-09-18,6958A,83.86,7,33545234
2026-09-18,6959,40.77,12,15976233
2026-09-18,6961,44.48,6,11940043
2026-09-18,6962,52.71,79,259635494
2026-09-18,6963,87.94999999999999,3,14048478
2026-09-18,6965,92.49,19,144606038
2026-09-18,6967,65.44,16,19901280
2026-09-18,6968,58.77,18,29066776
2026-09-18,6969,53.73,15,23572711
2026-09-18,6971,73.78,16,28538196
2026-09-18,6972,83.82,9,19226244
2026-09-18,6973,67.80000000000001,20,27670867
2026-09-18,6976,80.55,109,469566559
2026-09-18,6977,39.13,8,5479291
2026-09-18,6978,98.31,3,29764005
2026-09-18,6979,59.53,4,7145005
2026-09-18,6980,77.36999999999999,6,23215897
2026-09-18,6982,65.02,15,26508362
2026-09-18,6983,43.49,9,7840301
2026-09-18,6984,56.57,14,10885985
2026-09-18,6985,100.0,1,9202274136
2026-09-18,6986,49.34,20,25731731
2026-09-18,6987,90.56,34,203324059
2026-09-18,6988,78.58,21,37410971
2026-09-18,6990,82.27000000000001,17,53039272
2026-09-18,6991,100.0,1,42991875
2026-09-18,6992,72.86000000000001,19,18728125
2026-09-18,6993,100.0,1,19054500
2026-09-18,6994,44.99,20,33378169
2026-09-18,6995,45.64,13,12327969
2026-09-18,6996,61.16,5,25749333
2026-09-18,6997,82.25999999999999,3,18181000
2026-09-18,6999,77.34,16,17883752
2026-09-18,7402,34.35,9,12123438
2026-09-18,7415,61.7,18,18642062
2026-09-18,7418,96.14,6,26493327
2026-09-18,7419,49.48,15,19805154
2026-09-18,7421,0.0,0,0
2026-09-18,7422,82.47,3,19196439
2026-09-18,7426,100.0,1,34040272
2026-09-18,7427,31.03,19,16774728
2026-09-18,7443,82.47,11,18146801
2026-09-18,7452,87.89,1,1757835
2026-09-18,7455,82.75,8,21106988
2026-09-18,7507,78.25,31,79915355
2026-09-18,7516,36.61,7,7071578
2026-09-18,7530,54.7,14,25448077
2026-09-18,7547,73.11,10,24834324
2026-09-18,7551,56.65,5,6856756
2026-09-18,7555,87.67,4,24834433
2026-09-18,7556,64.38,10,18799041
2026-09-18,7558,52.370000000000005,12,9754175
2026-09-18,7561,60.63,7,18244086
2026-09-18,7562,76.4,10,17406513
2026-09-18,7566,66.92,50,106934693
2026-09-18,7570,100.0,1,18588888
2026-09-18,7575,52.1,16,15635352
2026-09-18,7578,64.56,27,38802684
2026-09-18,7583,88.28999999999999,13,21723828
2026-09-18,7584,71.28999999999999,7,11738962
2026-09-18,7590,82.05,31,100438258
2026-09-18,7595,72.12,27,36404900
2026-09-18,7607,71.95,13,26377217
2026-09-18,7610,50.04,19,29425933
2026-09-18,7631,71.78,10,14460655
2026-09-18,7642,80.03,9,24130592
2026-09-18,7660,100.0,1,40644668
2026-09-18,7669,32.84,12,7229158
2026-09-18,7686,87.82,10,44007932
2026-09-18,7689,84.52,8,49458005
2026-09-18,7702,92.71,10,61199624
2026-09-18,7703,59.08,9,20538400
2026-09-18,7704,59.63,14,20142146
2026-09-18,7705,68.85,10,45494870
2026-09-18,7706,91.29,1,9129473
2026-09-18,7707,46.48,11,21253650
2026-09-18,7708,63.59,2,16218000
2026-09-18,7709,79.43,8,31065073
2026-09-18,7710,99.02,3,63281953
2026-09-18,7711,61.18,12,43878941
2026-09-18,7712,53.63,15,17467572
2026-09-18,7713,84.76,14,38560660
2026-09-18,7714,66.63,8,13995667
2026-09-18,7715,56.05,12,18369053
2026-09-18,7716,82.58000000000001,9,18585500
2026-09-18,7717,51.39,10,12766554
2026-09-18,7718,78.27,18,36292796
2026-09-18,7719,20.73,7,7471526
2026-09-18,7720,100.0,1,12470479
2026-09-18,7721,60.8,17,33676669
2026-09-18,7722,84.98,4,60893403
2026-09-18,7723,56.43,19,28010050
2026-09-18,7724,84.3,12,29834360
2026-09-18,7725,84.13000000000001,10,40663393
2026-09-18,7726,87.24000000000001,6,17716481
2026-09-18,7728,57.12,4,7915536
2026-09-18,7729,56.48,30,45587934
2026-09-18,7730,69.92,17,25734121
2026-09-18,7731,71.96000000000001,90,375706333
2026-09-18,7732,88.91,20,57515601
2026-09-18,7734,71.73,11,20088838
2026-09-18,7735,92.97,8,40292518
2026-09-18,7736,84.69,23,64386622
2026-09-18,7737,77.83,14,23167260
2026-09-18,7738,57.71,17,15795999
2026-09-18,7740,64.57,22,38747133
2026-09-18,7742,68.98,5,45921034
2026-09-18,7743,74.67,23,27251865
2026-09-18,7744,75.52,14,24235200
2026-09-18,7745,71.13,7,12769855
2026-09-18,7746,95.51,4,34542000
2026-09-18,7747,79.92,6,24112088
2026-09-18,7748,68.37,8,9916335
2026-09-18,7749,46.73,19,21732806
2026-09-18,7750,75.29,33,54096358
2026-09-18,7751,46.66,11,12550061
2026-09-18,7752,86.11,35,172242406
2026-09-18,7753,74.15,4,18541000
2026-09-18,7754,70.26,40,71165098
2026-09-18,7756,70.83,8,15077251
2026-09-18,7757,59.28,10,14288420
2026-09-18,7758,83.4,3,13427500
2026-09-18,7759,80.94,17,56951400
2026-09-18,7760,65.12,30,43023710
2026-09-18,7761,49.31999999999999,10,14256329
2026-09-18,7762,55.34,26,32153558
2026-09-18,7763,82.08000000000001,17,49269375
2026-09-18,7764,81.51,26,48914895
2026-09-18,7765,60.46,4,24596933
2026-09-18,7767,71.61,16,21561699
2026-09-18,7768,64.19,21,44995569
2026-09-18,7769,67.23,46,121017322
2026-09-18,7770,74.25999999999999,14,22327443
2026-09-18,7771,82.10000000000001,3,16433212
2026-09-18,7772,56.09,5,14864336
2026-09-18,7773,57.6,16,22997023
2026-09-18,7775,100.0,1,89500000
2026-09-18,7776,74.56,15,36622591
2026-09-18,7777,64.46000000000001,30,130666889
2026-09-18,7779,66.94999999999999,7,10784055
2026-09-18,7780,75.57,46,612367346
2026-09-18,7781,73.14,85,475322206
2026-09-18,7782,76.05,9,17656044
2026-09-18,7783,91.8,16,57330543
2026-09-18,7784,87.43,47,164065030
2026-09-18,7785,85.54,13,28524474
2026-09-18,7786,82.46000000000001,32,145139331
2026-09-18,7788,69.26,35,55243461
2026-09-18,7789,71.34,14,15117460
2026-09-18,7790,70.29,15,13066986
2026-09-18,7791,80.08,16,64079200
2026-09-18,7792,69.38,14,32379831
2026-09-18,7793,100.0,1,15397250
2026-09-18,7794,81.49,7,22820085
2026-09-18,7795,70.35000000000001,9,55467254
2026-09-18,7796,57.25,5,13150250
2026-09-18,7797,79.3,11,17645138
2026-09-18,7798,94.74,63,335581480
2026-09-18,7799,79.57000000000001,38,127135633
2026-09-18,7801,70.43,3,12890726
2026-09-18,7803,79.32000000000001,31,74906988
2026-09-18,7805,70.43,7,23333751
2026-09-18,7806,77.28,16,22608990
2026-09-18,7808,77.96,3,54579706
2026-09-18,7810,46.8,6,9480381
2026-09-18,7811,73.26,7,24461416
2026-09-18,7812,61.16,20,36969415
2026-09-18,7813,42.72,8,8212096
2026-09-18,7814,77.67999999999999,9,34965009
2026-09-18,7815,60.48,7,19949904
2026-09-18,7816,79.4,6,23250630
2026-09-18,7817,100.0,1,130000000
2026-09-18,7818,90.13,12,151391000
2026-09-18,7819,59.14,2,14941500
2026-09-18,7820,76.92,12,29062013
2026-09-18,7821,80.93,23,98673405
2026-09-18,7822,68.19,9,31080126
2026-09-18,7823,72.62,14,24324750
2026-09-18,7824,79.88,18,25037896
2026-09-18,7825,40.28,9,10323600
2026-09-18,7826,84.38,9,10127000
2026-09-18,7827,79.33,30,111120939
2026-09-18,7828,65.92,19,26722760
2026-09-18,7829,82.86000000000001,43,82382054
2026-09-18,7830,100.0,1,29800000
2026-09-18,7831,74.55,8,9993228
2026-09-18,7832,92.75,100,538042106
2026-09-18,7833,73.67,20,31694404
2026-09-18,7834,75.03,7,12364488
2026-09-18,7835,69.82000000000001,18,32506018
2026-09-18,7836,71.07,20,35186009
2026-09-18,7837,74.89,4,17078999
2026-09-18,7839,72.5,7,10946260
2026-09-18,7840,89.55,13,30452649
2026-09-18,7841,77.81,10,18833354
2026-09-18,7842,69.17999999999999,3,12628513
2026-09-18,7843,67.65,9,22627116
2026-09-18,7844,100.0,1,78681000
2026-09-18,7846,84.06,8,28934152
2026-09-18,7847,63.09,14,18300866
2026-09-18,7848,73.08,17,24398523
2026-09-18,7849,95.78,1,11391342
2026-09-18,7850,70.53999999999999,39,68916363
2026-09-18,7851,83.6,21,56601886
2026-09-18,7853,27.9,13,13463856
2026-09-18,7854,89.32,16,36003653
2026-09-18,7855,76.24,18,211476476
2026-09-18,7856,68.17999999999999,12,18533167
2026-09-18,7857,83.51,13,44680778
2026-09-18,7858,48.44,10,10774866
2026-09-18,7859,100.0,1,36200000
2026-09-18,7860,94.61,11,30279786
2026-09-18,7861,77.25,23,49913527
2026-09-18,7862,87.05,4,34821612
2026-09-18,7863,98.43,5,29533458
2026-09-18,7864,100.0,3,18355700
2026-09-18,7865,61.93000000000001,13,15566203
2026-09-18,7866,61.29,17,26470177
2026-09-18,7867,95.13,25,91347714
2026-09-18,7868,57.39,10,12768081
2026-09-18,7869,88.87,4,24209663
2026-09-18,7870,76.15,12,14014010
2026-09-18,7871,54.82000000000001,32,73650997
2026-09-18,7872,65.06,3,19521939
2026-09-18,7873,85.53,37,128210401
2026-09-18,7875,96.46,1,19292021
2026-09-18,7876,84.1,30,90433116
2026-09-18,7877,70.8,11,27515908
2026-09-18,7878,47.900000000000006,25,26903531
2026-09-18,7879,62.02,17,24813124
2026-09-18,7880,66.43,16,17609350
2026-09-18,7881,84.26,6,22751167
2026-09-18,7882,83.5,47,171436441
2026-09-18,7883,71.25,24,43461532
2026-09-18,7884,100.0,1,56000000
2026-09-18,7885,76.53999999999999,16,22354870
2026-09-18,7886,65.36,14,16329013
2026-09-18,7887,43.4,34,35480079
2026-09-18,7888,81.19,40,61096075
2026-09-18,7889,83.84,16,17427897
2026-09-18,7890,86.06,12,17904750
2026-09-18,7891,56.46,7,10971315
2026-09-18,7892,75.5,15,35646405
2026-09-18,7893,86.16000000000001,5,35159691
2026-09-18,7894,54.3,8,13037091
2026-09-18,7895,74.13,7,28762436
2026-09-18,7896,86.61999999999999,5,24171061
2026-09-18,7897,98.36,2,131435802
2026-09-18,7898,69.25,6,20807290
2026-09-18,7899,42.24,12,10265192
2026-09-18,7901,84.24000000000001,13,50551151
2026-09-18,7902,89.32,43,179205458
2026-09-18,7904,92.43,4,13866030
2026-09-18,7906,100.0,1,55775000
2026-09-18,7907,75.25,17,29651593
2026-09-18,7909,83.15,14,58708385
2026-09-18,7911,64.7,14,25883356
2026-09-18,7912,79.36,10,17612311
2026-09-18,7913,90.42,7,40819185
2026-09-18,7914,94.88,4,50151399
2026-09-18,7915,86.14,19,34548898
2026-09-18,7916,100.0,1,70000000
2026-09-18,7917,80.05,16,53569691
2026-09-18,7918,79.72,5,34363902
2026-09-18,7919,50.06,4,6358300
2026-09-18,7920,88.82,180,527630914
2026-09-18,7921,83.77,11,34189333
2026-09-18,7922,95.55,18,63235606
2026-09-18,7924,81.69999999999999,45,109149362
2026-09-18,7925,89.64999999999999,40,58829940
2026-09-18,7926,73.49000000000001,4,11027400
2026-09-18,7927,70.17,29,31374135
2026-09-18,7928,72.56,18,30137244
2026-09-18,7929,81.74,12,17718959
2026-09-18,7930,67.72,12,22864066
2026-09-18,7931,96.2,5,23704872
2026-09-18,7932,59.98,22,29996729
2026-09-18,7933,86.75999999999999,8,20448230
2026-09-18,7934,56.2,15,14638023
2026-09-18,7935,83.00999999999999,16,30717195
2026-09-18,7936,67.86,3,24458428
2026-09-18,7939,74.62,2,14612669
2026-09-18,7942,82.52000000000001,6,26221585
2026-09-18,7943,73.6,18,22566258
2026-09-18,7944,85.75999999999999,13,26384976
2026-09-18,7945,71.75,5,8284122
2026-09-18,7947,81.7,19,49333417
2026-09-18,7949,98.99,2,59399000
2026-09-18,7952,100.0,1,58550000
2026-09-18,8002,0.0,0,0
2026-09-18,8009,0.0,0,0
2026-09-18,8010,46.01,4,3068148
2026-09-18,8011,31.17,26,51756601
2026-09-18,8012,93.02,1,3534856
2026-09-18,8014,37.88,2,3344070
2026-09-18,8015,29.54,2,886424
2026-09-18,8016,44.48,50,53464582
2026-09-18,8018,21.62,1,746000
2026-09-18,8019,93.81,3,31800978
2026-09-18,8020,59.32,4,4902264
2026-09-18,8021,48.21,46,71060614
2026-09-18,8022,70.18,1,2105545
2026-09-18,8023,0.0,0,0
2026-09-18,8024,29.89,12,13506545
2026-09-18,8026,0.0,0,0
2026-09-18,8027,26.96,32,30518396
2026-09-18,8028,47.96,60,88655478
2026-09-18,8029,75.2,24,58687650
2026-09-18,8030,0.0,0,0
2026-09-18,8031,25.57,1,1150562
2026-09-18,8032,75.96,9,39360424
2026-09-18,8033,25.95,33,42752564
2026-09-18,8034,17.89,11,10138415
2026-09-18,8035,44.2,4,2964772
2026-09-18,8036,20.62,1,1579559
2026-09-18,8037,0.0,0,0
2026-09-18,8038,21.23,10,13224643
2026-09-18,8039,57.4,59,151526722
2026-09-18,8040,49.8,12,48042488
2026-09-18,8042,64.08,41,85815039
2026-09-18,8043,40.03,14,31995179
2026-09-18,8044,61.16,30,125280632
2026-09-18,8045,66.03999999999999,35,62784278
2026-09-18,8046,84.19999999999999,90,544194014
2026-09-18,8047,82.47,15,34368714
2026-09-18,8048,39.77,18,22958377
2026-09-18,8049,33.370000000000005,23,39488810
2026-09-18,8050,43.08,36,88460302
2026-09-18,8051,0.0,0,0
2026-09-18,8052,0.0,0,0
2026-09-18,8053,85.44,76,351941527
2026-09-18,8054,34.78,16,37832020
2026-09-18,8055,0.0,0,0
2026-09-18,8056,60.65,80,236616331
2026-09-18,8057,67.07,3,4255568
2026-09-18,8058,67.46000000000001,27,46434259
2026-09-18,8059,100.0,1,116466300
2026-09-18,8059O,73.01,16,141737656
2026-09-18,8060,49.68,2,3022836
2026-09-18,8061,25.89,1,523331
2026-09-18,8062,0.0,0,0
2026-09-18,8064,47.78,47,88338187
2026-09-18,8065,37.58,3,1691650
2026-09-18,8066,38.06,13,13952473
2026-09-18,8067,81.35,9,16844083
2026-09-18,8068,62.05,18,50121921
2026-09-18,8069,74.72,295,863289396
2026-09-18,8070,73.81,101,535712322
2026-09-18,8071,32.94,13,19802320
2026-09-18,8072,60.18,10,48157597
2026-09-18,8073,0.0,0,0
2026-09-18,8074,38.620000000000005,23,33608641
2026-09-18,8076,34.12,64,99755598
2026-09-18,8077,82.07,4,18013206
2026-09-18,8080,84.74,5,56922645
2026-09-18,8081,37.24,23,32108994
2026-09-18,8082,71.71,22,76470102
2026-09-18,8083,56.52,13,19863047
2026-09-18,8084,60.52,22,42076695
2026-09-18,8085,41.45,28,58061399
2026-09-18,8086,44.54,34,87567620
2026-09-18,8087,57.49,21,22225912
2026-09-18,8088,17.43,6,10622557
2026-09-18,8089,40.91,7,27005735
2026-09-18,8091,46.78,24,26761731
2026-09-18,8092,61.1,25,34944759
2026-09-18,8093,67.55,7,38212529
2026-09-18,8094,43.02,10,7974559
2026-09-18,8095,51.29,6,4068255
2026-09-18,8096,41.46,28,61961101
2026-09-18,8097,72.42,20,43676594
2026-09-18,8098,57.26,8,7580808
2026-09-18,8099,81.8,18,81877042
2026-09-18,8101,81.4,3,42467584
2026-09-18,8102,38.9,10,9088932
2026-09-18,8103,50.75,32,39822838
2026-09-18,8104,34.2,9,35610579
2026-09-18,8105,63.75,41,281590275
2026-09-18,8106,60.81999999999999,3,2398312
2026-09-18,8107,53.92,20,40449131
2026-09-18,8108,0.0,0,0
2026-09-18,8109,54.03,35,44417794
2026-09-18,8110,49.89,42,258425831
2026-09-18,8111,36.67,27,40026299
2026-09-18,8112,37.02,87,209583330
2026-09-18,8112A,50.72,13,15223000
2026-09-18,8114,46.2,31,35485587
2026-09-18,8115,86.41,25,60501763
2026-09-18,8119,46.71,26,29751655
2026-09-18,8121,61.14,38,130267021
2026-09-18,8122,93.1,13,374716613
2026-09-18,8127,7.67,1,426795
2026-09-18,8130,70.92,21,33777755
2026-09-18,8131,70.72999999999999,27,312899234
2026-09-18,8143,0.0,0,0
2026-09-18,8147,45.42,14,19216957
2026-09-18,8150,60.22,142,424396081
2026-09-18,8152,100.0,1,54483000
2026-09-18,8155,44.900000000000006,14,28228076
2026-09-18,8157,100.0,1,13419447
2026-09-18,8157O,78.64,2,21106644
2026-09-18,8162,74.83,27,51426508
2026-09-18,8163,44.92,43,125854673
2026-09-18,8171,61.2,27,69089348
2026-09-18,8172,0.0,0,0
2026-09-18,8176,33.9,20,24317157
2026-09-18,8182,67.13,13,71866870
2026-09-18,8183,48.43,18,58743320
2026-09-18,8197,84.91,4,52437254
2026-09-18,8201,58.2,16,36314983
2026-09-18,8204,0.0,0,0
2026-09-18,8210,65.99,30,82722470
2026-09-18,8213,50.65,84,137420423
2026-09-18,8215,53.0,28,170012673
2026-09-18,8218,0.0,0,0
2026-09-18,8219,0.0,0,0
2026-09-18,8221,0.0,0,0
2026-09-18,8222,36.19,13,24832265
2026-09-18,8225,79.64999999999999,4,17827859
2026-09-18,8227,38.6,14,15273424
2026-09-18,8234,55.05,37,77790702
2026-09-18,8240,54.02,21,54039756
2026-09-18,8249,57.41,17,79151571
2026-09-18,8255,51.12,16,52151521
2026-09-18,8259,0.0,0,0
2026-09-18,8261,41.940000000000005,13,49879516
2026-09-18,8264,0.0,0,0
2026-09-18,8271,41.870000000000005,24,54297565
2026-09-18,8272,38.04,6,7230785
2026-09-18,8276,48.36,2,1696622
2026-09-18,8277,100.0,1,39500000
2026-09-18,8277O,21.77,13,19959856
2026-09-18,8279,60.22,5,16328848
2026-09-18,8281,44.49,8,13024976
2026-09-18,8284,64.4,19,30473589
2026-09-18,8286,0.0,0,0
2026-09-18,8287,70.24,1,17045992
2026-09-18,8289,43.88,17,29993446
2026-09-18,8291,71.89,3,12565803
2026-09-18,8297,92.95,1,13942779
2026-09-18,8298,81.42,3,20869844
2026-09-18,8299,38.08,59,84356345
2026-09-18,8307,99.42,6,125132412
2026-09-18,8325,0.0,0,0
2026-09-18,8329,91.01,36,255383086
2026-09-18,8341,48.64,15,63257458
2026-09-18,8342,72.31,9,24255472
2026-09-18,8345,83.48,15,50111977
2026-09-18,8349,71.30000000000001,37,148941651
2026-09-18,8349A,10.25,2,1025000
2026-09-18,8351,72.53999999999999,3,18135542
2026-09-18,8354,65.43,32,51409109
2026-09-18,8358,34.209999999999994,55,86474853
2026-09-18,8359,83.33999999999999,26,113779988
2026-09-18,8361,0.0,0,0
2026-09-18,8367,70.66,33,65152767
2026-09-18,8374,71.38,11,80395985
2026-09-18,8375,77.08,6,5671437
2026-09-18,8380,19.39,2,1381332
2026-09-18,8382,66.04,81,193261819
2026-09-18,8383,51.900000000000006,28,59075917
2026-09-18,8390,46.06,21,44293037
2026-09-18,8391,100.0,1,1230000000
2026-09-18,8401,63.2,22,44675545
2026-09-18,8403,38.33,22,52788621
2026-09-18,8404,78.94,67,331581369
2026-09-18,8409,48.75,9,15602371
2026-09-18,8410,56.940000000000005,11,20839040
2026-09-18,8411,82.07000000000001,33,181528524
2026-09-18,8415,93.14,137,960956670
2026-09-18,8416,77.13,7,21759704
2026-09-18,8419,53.22,11,15972100
2026-09-18,8421,64.8,19,41367972
2026-09-18,8422,38.32,137,521275601
2026-09-18,8423,63.67,14,26563165
2026-09-18,8424,60.57000000000001,7,21846824
2026-09-18,8426,74.92,6,37653241
2026-09-18,8427,0.0,0,0
2026-09-18,8429,42.25,27,78526868
2026-09-18,8431,34.0,18,16594014
2026-09-18,8432,61.5,4,23628118
2026-09-18,8433,67.53,17,36821400
2026-09-18,8435,41.14,13,14485736
2026-09-18,8436,35.16,31,41420005
2026-09-18,8437,41.89,19,19703529
2026-09-18,8438,78.35000000000001,21,54813734
2026-09-18,8440,32.67,7,16424401
2026-09-18,8442,71.68,24,50313683
2026-09-18,8443,69.55,23,46476138
2026-09-18,8444,85.93,33,107536645
2026-09-18,8446,51.3,15,27150807
2026-09-18,8450,58.33,14,29933338
2026-09-18,8452,100.0,1,42000000
2026-09-18,8454,81.52,20,216044023
2026-09-18,8455,89.89999999999999,3,22675306
2026-09-18,8458,73.63,25,26403048
2026-09-18,8462,65.64,20,52779191
2026-09-18,8463,82.47,29,123749219
2026-09-18,8464,86.53999999999999,89,253607379
2026-09-18,8465,58.22,4,4716647
2026-09-18,8466,77.08000000000001,27,61247779
2026-09-18,8467,81.99,21,39669914
2026-09-18,8472,63.04,3,11182000
2026-09-18,8473,65.96000000000001,18,124057069
2026-09-18,8475,100.0,1,109000000
2026-09-18,8476,71.67,52,120099736
2026-09-18,8477,83.50999999999999,5,70298395
2026-09-18,8478,75.66,12,71102800
2026-09-18,8479,62.09,7,12455493
2026-09-18,8481,66.51,24,44307813
2026-09-18,8482,95.14,18,102246548
2026-09-18,8485,96.18,2,1507916
2026-09-18,8487,55.94,9,14846813
2026-09-18,8488,86.97,18,63929860
2026-09-18,8489,57.120000000000005,15,34262179
2026-09-18,8490,45.75,12,10876495
2026-09-18,8491,0.0,0,0
2026-09-18,8492,92.97,12,30963129
2026-09-18,8495,92.59,6,117860132
2026-09-18,8496,87.42999999999999,12,31195288
2026-09-18,8499,79.88000000000001,12,32888600
2026-09-18,8707,0.0,0,0
2026-09-18,8708,43.760000000000005,31,85066108
2026-09-18,8710,29.02,29,33529810
2026-09-18,8712,76.16,266,615486657
2026-09-18,8718,35.41,20,34381265
2026-09-18,8719,86.77000000000001,136,569745952
2026-09-18,8720,56.97,19,51006403
2026-09-18,8721,0.0,0,0
2026-09-18,8722,62.760000000000005,15,33024900
2026-09-18,8723,50.71,31,53023636
2026-09-18,8724,40.7,6,8235520
2026-09-18,8725,32.36,23,36309116
2026-09-18,8905,92.63,26,110650250
2026-09-18,8906,56.39,16,24839095
2026-09-18,8908,89.14,47,281148477
2026-09-18,8916,66.46,48,99961309
2026-09-18,8916A,0.0,0,0
2026-09-18,8917,82.64,69,134439717
2026-09-18,8921,85.56,24,39872910
2026-09-18,8923,82.32,10,25009020
2026-09-18,8924,38.85,22,32578166
2026-09-18,8925,41.31,123,150939116
2026-09-18,8926,57.120000000000005,130,474395080
2026-09-18,8927,83.60000000000001,111,350466490
2026-09-18,8928,49.19,13,25026527
2026-09-18,8929,45.67,10,23110005
2026-09-18,8930,69.01,35,56479621
2026-09-18,8931,82.06,16,100344581
2026-09-18,8932,78.81,77,282165703
2026-09-18,8933,52.96,44,173133176
2026-09-18,8934,94.77,1,7555940
2026-09-18,8935,50.88,25,57765178
2026-09-18,8936,31.29,55,77677451
2026-09-18,8937,90.89,53,392433252
2026-09-18,8938,57.68000000000001,59,90575008
2026-09-18,8940,70.7,24,47725373
2026-09-18,8941,66.68,20,23322619
2026-09-18,8942,51.34,62,102135339
2026-09-18,8945,0.0,0,0
2026-09-18,8977,96.97,8,46355327
2026-09-18,8996,50.12,52,46944310
2026-09-18,8999,63.92,29,23015110
2026-09-18,9103,11.73,32,24145812
2026-09-18,910322,29.32,5,6090000
2026-09-18,9105,26.54,364,422133274
2026-09-18,910861,38.63,14,13357500
2026-09-18,9110,43.75,25,23852001
2026-09-18,911608,31.12,13,10656356
2026-09-18,911611,41.32,27,36504899
2026-09-18,911613,5.99,1,666001
2026-09-18,911622,52.38,9,15714000
2026-09-18,911868,36.58,37,51239000
2026-09-18,912000,34.38,49,54792803
2026-09-18,9136,67.52,33,89356350
2026-09-18,916665,0.0,0,0
2026-09-18,9801,69.33999999999999,40,274586859
2026-09-18,9802,63.86,59,128396379
2026-09-18,9902,57.23,22,56132802
2026-09-18,9904,67.91,460,2001532994
2026-09-18,9905,74.34,45,226791935
2026-09-18,9906,78.76,24,71195654
2026-09-18,9907,74.65,183,1179245963
2026-09-18,9908,80.5,110,415772959
2026-09-18,9910,88.78,90,876966992
2026-09-18,9911,67.42,57,149923015
2026-09-18,9912,62.74,18,33762025
2026-09-18,9914,64.94,85,194210191
2026-09-18,9917,76.86,96,346896530
2026-09-18,9918,85.06,50,153592520
2026-09-18,9919,45.36,27,88677048
2026-09-18,9921,68.59,124,269034038
2026-09-18,9922,69.34,59,149806112
2026-09-18,9924,61.09,45,92121646
2026-09-18,9925,68.33,92,264834417
2026-09-18,9926,83.81,52,150476266
2026-09-18,9927,58.89,18,70703514
2026-09-18,9928,75.17999999999999,15,53181688
2026-09-18,9929,88.07000000000001,19,89223228
2026-09-18,9930,77.69000000000001,17,193133715
2026-09-18,9931,78.03,26,93960127
2026-09-18,9933,62.91,163,594436201
2026-09-18,9934,66.75,82,274403066
2026-09-18,9935,61.97,66,110236208
2026-09-18,9936,29.08,22,30454155
2026-09-18,9937,89.18,69,275682095
2026-09-18,9938,52.93,79,157735790
2026-09-18,9939,62.81,92,185833361
2026-09-18,9940,81.69,74,602099316
2026-09-18,9941,70.61,65,406609812
2026-09-18,9941A,82.12,23,82137832
2026-09-18,9942,52.330000000000005,25,43528938
2026-09-18,9943,71.10000000000001,13,89019110
2026-09-18,9944,78.82,43,83495682
2026-09-18,9945,66.26,352,1885132786
2026-09-18,9946,81.6,38,266541221
2026-09-18,9947,0.0,0,0
2026-09-18,9948,0.0,0,0
2026-09-18,9949,72.9,17,32716042
2026-09-18,9950,83.86999999999999,25,140692530
2026-09-18,9951,46.5,19,34097102
2026-09-18,9952,0.0,0,0
2026-09-18,9953,0.0,0,0
2026-09-18,9955,61.96,22,64726604
2026-09-18,9956,0.0,0,0
2026-09-18,9957,96.06,73,3093917868
2026-09-18,9958,48.74,58,130156962
2026-09-18,9959,0.0,0,0
2026-09-18,9960,76.55,16,25725359
2026-09-18,9961,93.39,16,64543057
2026-09-18,9962,46.68,26,42139291
2026-09-18,9963,100.0,1,9900000000
2026-09-18,9964,100.0,1,75927625
2026-09-18,9965,0.0,0,0
2026-09-18,Y5810A,100.0,1,100560316
2026-09-18,YCJ1AA,100.0,1,25894736
2026-09-18,YEK9AA,0.0,0,0
2026-09-18,YEL5,100.0,1,110090000
2026-09-18,YEL9,100.0,1,40372420
2026-09-18,YEQ5,100.0,1,40100000
2026-09-18,YEQ6,100.0,1,25039250
2026-09-18,YEQ7,100.0,1,27459600
2026-09-18,YEQ8,100.0,1,25408000
2026-09-18,YEQ9,100.0,1,25590000
2026-09-18,YER1,100.0,1,120000000
2026-09-18,YER3,100.0,1,28354000
2026-09-18,YES7,100.0,1,1037885
2026-09-18,YES7AA,100.0,1,617228
2026-09-18,YES8,100.0,1,38789212
2026-09-18,YET2,100.0,1,14459620
2026-09-18,YET5,100.0,1,561151515
2026-09-18,YET6,100.0,1,19221059
2026-09-18,YET7,100.0,1,16648950
2026-09-18,YEU2O,100.0,1,41587064
2026-09-18,YEU5,100.0,2,35745069
2026-09-18,YEU8,100.0,1,14520934
2026-09-18,YEV2,100.0,1,11997000
2026-09-18,YEV6,100.0,1,29842026
2026-09-18,YEV8,100.0,1,22004771
2026-09-18,YFA8,100.0,1,24000000
2026-09-18,YFB4,100.0,1,3000000
2026-09-18,YFC1,100.0,1,10000000
2026-09-18,YFC4,100.0,1,39536015
2026-09-18,YFC5,100.0,1,25200000
2026-09-18,YFC9,100.0,1,60000000
2026-09-18,YFD5,100.0,1,122526557
2026-09-18,YFE2,100.0,1,30000000
2026-09-18,YFE9,100.0,1,4185000
2026-09-18,YFF2,100.0,1,12605950
2026-09-18,YFF3,100.0,1,20000000
2026-09-18,YFF7,100.0,1,85766666
2026-09-18,YFG9,100.0,1,41397238
2026-09-18,YFJ1,100.0,1,21000000
2026-09-18,YFK1,100.0,1,319418495
2026-09-18,YFK2,100.0,1,9500000
2026-09-18,YFK4,100.0,1,35000000
2026-09-18,YFK8,100.0,1,7835403
2026-09-18,YFL7,100.0,1,169795723
2026-09-18,YFL9,100.0,1,44224000
2026-09-18,YFM1,100.0,1,467260000
2026-09-18,YFM2,100.0,1,49635902
2026-09-18,YFN3,0.0,0,0
2026-09-18,YFN5,100.0,1,41065428
2026-09-18,YFN6,100.0,1,3030000
2026-09-18,YFN9,100.0,1,27751204
2026-09-18,YFP5,100.0,1,22943000
2026-09-18,YFQ1,97.91,1,10801835
2026-09-18,YFQ3,100.0,1,29762500
2026-09-18,YFQ8,100.0,1,19682623
2026-09-18,YFR5,100.0,1,3500000
2026-09-18,YFR6,100.0,1,90000000
2026-09-18,YFR6AA,100.0,1,660000
2026-09-18,YFT2,100.0,1,91844901
2026-09-18,YFU5,100.0,1,190363503
2026-09-18,YFU6,88.00999999999999,10,20299022
2026-09-18,YFU7,100.0,1,7984526
2026-09-18,YG56AA,100.0,3,100000000
2026-09-18,YG83AE,100.0,1,1500000
2026-09-18,YGA1,100.0,1,48259363
2026-09-18,YGA5,100.0,1,32098300
2026-09-18,YGB1,0.0,0,0
2026-09-18,YGB2,99.19,1,6899576
2026-09-18,YGB6,100.0,1,2515000
2026-09-18,YGB7,100.0,1,12000000
2026-09-18,YGC3,100.0,1,32695408
2026-09-18,YGC5,100.0,1,108853500
2026-09-18,YGC6,100.0,1,60000000
2026-09-18,YGC7,100.0,1,13100000
2026-09-18,YGC8,100.0,1,13505258
2026-09-18,YGC9,100.0,1,6700000
2026-09-18,YGD3,100.0,1,110836800
2026-09-18,YGD6,100.0,1,29920000
2026-09-18,YGD7,100.0,1,14875000
2026-09-18,YGD9,100.0,1,28654707
2026-09-18,YGE1,100.0,1,287432769
2026-09-18,YGE2,100.0,1,545000
2026-09-18,YGE4,100.0,1,64910449
2026-09-18,YGE7,100.0,1,38860000
2026-09-18,YGE8,100.0,1,5070000
2026-09-18,YGE9,100.0,1,15250246
2026-09-18,YGF1,100.0,1,20393121
2026-09-18,YGG2,100.0,1,1000000
2026-09-18,YGG6,100.0,1,26000000
2026-09-18,YGG7,100.0,1,122220000
2026-09-18,YGG9,0.0,0,0
2026-09-18,YGH3,100.0,1,16000000
2026-09-18,YGH4,100.0,1,28918314
2026-09-18,YGH5,100.0,1,65200000
2026-09-18,YGJ1,100.0,1,31686700
2026-09-18,YGJ6,100.0,1,123729000
2026-09-18,YGK1,100.0,1,2000000
2026-09-18,YGK9,100.0,1,53000000
2026-09-18,YGL1,100.0,1,60660000
2026-09-18,YGL4,100.0,1,30000000
2026-09-18,YGL7,100.0,1,77235551
2026-09-18,YGL8,100.0,1,65520000
2026-09-18,YGM3,100.0,1,78973750
2026-09-18,YGM5,100.0,1,28575424
2026-09-18,YGM7,100.0,1,41937016
2026-09-18,YGN3,100.0,2,54675875
2026-09-18,YGN6,100.0,1,20683495
2026-09-18,YGN8,100.0,1,200000000
2026-09-18,YGP5,100.0,1,80000000
2026-09-18,YGP7,100.0,1,600000000
2026-09-18,YGQ2,100.0,1,3000000
2026-09-18,YGR2,100.0,1,4000000
2026-09-18,YGR3,100.0,1,20000000
2026-09-18,YGR9,100.0,1,23191320
2026-09-18,YGS2,100.0,1,10000000
2026-09-18,YGS5,100.0,1,6065000
2026-09-18,YGS5AA,100.0,1,437500
2026-09-18,YGS6,100.0,1,7008000
2026-09-18,YGS8,100.0,1,6188763
2026-09-18,YGS9,100.0,1,59437632
2026-09-18,YGT1,100.0,1,10009000
2026-09-18,YGT5,100.0,1,61047000
2026-09-18,YGT6,100.0,1,53640500
2026-09-18,YGU3,100.0,1,300000000
2026-09-18,YGU7,100.0,1,4898695
2026-09-18,YGU8,100.0,1,4788000
2026-09-18,YGV3,100.0,1,18050000
2026-09-18,YGV7,100.0,1,6000000
2026-09-18,YH12AA,100.0,1,31153147
2026-09-18,YHA5,100.0,2,194563302
2026-09-18,YHA7,100.0,1,11308000
2026-09-18,YHA9,100.0,1,38007675
2026-09-18,YHB2,100.0,1,18192198
2026-09-18,YHB4,100.0,1,34716000
2026-09-18,YHB7,100.0,1,10000000
2026-09-18,YHB8,100.0,1,17848705
2026-09-18,YHC2,100.0,2,172635000
2026-09-18,YHC7,100.0,1,20630325
2026-09-18,YHD1,100.0,1,8503492
2026-09-18,YHD3,100.0,1,151868752
2026-09-18,YHD4,100.0,1,14447252
2026-09-18,YHD5,100.0,1,27900000
2026-09-18,YHD6,100.0,1,6000000
2026-09-18,YHD8,100.0,1,7019910
2026-09-18,YHD9,100.0,1,1667647
2026-09-18,YHE1,100.0,1,30000000
2026-09-18,YHE4,100.0,1,6850000
2026-09-18,YHE5,100.0,1,56142869
2026-09-18,YHF4,96.6,1,38690000
2026-09-18,YHF9,100.0,1,3350000
2026-09-18,YHG1,100.0,1,27514706
2026-09-18,YHG4,100.0,1,14194594
2026-09-18,YHG5,100.0,1,130529137
2026-09-18,YHG5AA,100.0,1,24564339
2026-09-18,YHG6,100.0,1,27135568
2026-09-18,YHG8,100.0,1,9461256
2026-09-18,YHH1,100.0,1,147350000
2026-09-18,YHH7,100.0,1,37368000
2026-09-18,YHH8,100.0,1,13300000
2026-09-18,YHJ8,100.0,1,5600000
2026-09-18,YHJ9,100.0,1,11600000
2026-09-18,YHK1,100.0,1,500000
2026-09-18,YHK3,99.98,3,57709166
2026-09-18,YHK8,100.0,1,30831137
2026-09-18,YHK9,100.0,1,7880000
2026-09-18,YHL1,100.0,1,7307968
2026-09-18,YHL2,100.0,1,5557418
2026-09-18,YHL4,100.0,1,4250000
2026-09-18,YHL5,100.0,1,50000000
2026-09-18,YHL5AA,100.0,1,4752710
2026-09-18,YHL9,100.0,1,17500000
2026-09-18,YHM2,100.0,1,5275200
2026-09-18,YHM2AA,0.0,0,0
2026-09-18,YHN3,100.0,1,21988089
2026-09-18,YHN6,100.0,1,33007388
2026-09-18,YHP3,100.0,2,23800000
2026-09-18,YHP5,100.0,1,2009840
2026-09-18,YHP6,99.99,2,44587360
2026-09-18,YHQ2,100.0,1,5704112
2026-09-18,YHQ4,99.99,2,33601237
2026-09-18,YHQ6,100.0,1,31680036
2026-09-18,YHQ8,100.0,1,22575000
2026-09-18,YHQ8AA,100.0,1,4795000
2026-09-18,YHQ9,100.0,1,3460000
2026-09-18,YHR6,100.0,1,20300000
2026-09-18,YHR7,100.0,1,147500028
2026-09-18,YHR8,100.0,1,53921000
2026-09-18,YHR9,100.0,1,53025000
2026-09-18,YHS5,98.34,1,20447695
2026-09-18,YHS6,100.0,1,34604143
2026-09-18,YHS7,100.0,1,1088417
2026-09-18,YHS7AA,100.0,1,415000
2026-09-18,YHS7AB,0.0,0,0
2026-09-18,YHS8,100.0,1,24110000
2026-09-18,YHS9,100.0,1,20347059
2026-09-18,YHT1,100.0,1,9100000
2026-09-18,YHT2,100.0,1,16590000
2026-09-18,YHT4,100.0,1,30145637
2026-09-18,YHT7,100.0,1,268840332
2026-09-18,YHT8,100.0,1,80000000
2026-09-18,YHT9,100.0,2,280000000
2026-09-18,YHU2,100.0,1,60390000
2026-09-18,YHU4,95.39,6,221996188
2026-09-18,YHU5,100.0,1,13300000
2026-09-18,YHU6,100.0,1,100000000
2026-09-18,YHV1,100.0,1,14000000
2026-09-18,YHV4,100.0,1,25580000
2026-09-18,YHV6,100.0,1,53000000
2026-09-18,YHV7,100.0,1,100000000
2026-09-18,YHV8,100.0,1,6037463
2026-09-18,YHV9,100.0,1,76000000
2026-09-18,YJA1,100.0,1,4500000
2026-09-18,YJA2,100.0,1,14010000
2026-09-18,YJA6,100.0,1,230300000
2026-09-18,YJB1,100.0,1,13964141
2026-09-18,YJB4,100.0,1,1000000
2026-09-18,YJB5,99.99,2,22338495
2026-09-18,YJB6,100.0,1,25552716
2026-09-18,YJB8,100.0,1,15975000
2026-09-18,YJB9,100.0,2,20914390
2026-09-18,YJC3,100.0,1,881107
2026-09-18,YJC4,100.0,1,33941000
2026-09-18,YJC8,100.0,2,27875000
2026-09-18,YJD1,100.0,1,8895944
2026-09-18,YJD2,100.0,1,95000000
2026-09-18,YJD4,100.0,1,25000000
2026-09-18,YJD5,100.0,1,38172400
2026-09-18,YJD7,99.99,2,60700000
2026-09-18,YJD9,100.0,1,14143458
2026-09-18,YJE1,0.0,0,0
2026-09-18,YJE3,100.0,1,130629068
2026-09-18,YJE6,100.0,1,12822833
2026-09-18,YJE7,100.0,1,6192000
2026-09-18,YJE8,100.0,1,21700000
2026-09-18,YJE9,100.0,1,12000000
2026-09-18,YJF1,100.0,1,38419720
2026-09-18,YJF3,100.0,1,800000
2026-09-18,YJF4,100.0,1,16024360
2026-09-18,YJF6,100.0,2,20648862
2026-09-18,YJF7,100.0,1,188000000
2026-09-18,YJF8,100.0,1,20000000
2026-09-18,YJF9,100.0,1,30274000
2026-09-18,YJG1,100.0,1,23000000
2026-09-18,YJG4,99.99,1,272487267
2026-09-18,YJG5,100.0,1,11082068
2026-09-18,YJG9,100.0,1,359468221
2026-09-18,YJG9AA,100.0,1,10000000
2026-09-18,YJH3,100.0,1,39000000
2026-09-18,YJH4,99.92,1,22763000
2026-09-18,YJH5,100.0,1,74500000
2026-09-18,YJH9,100.0,1,14997030
2026-09-18,YJJ2,100.0,1,70000000
2026-09-18,YJJ3,100.0,1,25586505
2026-09-18,YJJ4,100.0,1,27091000
2026-09-18,YJJ5,100.0,1,38203689
2026-09-18,YJJ7,100.0,1,9088085
2026-09-18,YJJ9,100.0,1,10000000
2026-09-18,YJK1,0.0,0,0
2026-09-18,YJK1AA,100.0,1,704400
2026-09-18,YJK4,100.0,1,5000000
2026-09-18,YJK5,100.0,1,60815832
2026-09-18,YJK6,100.0,1,40921364
2026-09-18,YJL2,100.0,1,10000000
2026-09-18,YJL3,100.0,1,30000000
2026-09-18,YJL4,100.0,1,13822809
2026-09-18,YJL7,100.0,1,24000000
2026-09-18,YJL8,100.0,2,28150000
2026-09-18,YJL9,100.0,1,39473685
2026-09-18,YJM2,100.0,1,8674376
2026-09-18,YJM2AA,100.0,1,1145651
2026-09-18,YJM2AB,100.0,1,683334
2026-09-18,YJM2AC,100.0,1,556120
2026-09-18,YJM3,100.0,1,61825929
2026-09-18,YJM4,100.0,1,18000000
2026-09-18,YJM6,100.0,1,57005338
2026-09-18,YJM8,100.0,1,33200000
2026-09-18,YJM9,100.0,1,38834441
2026-09-18,YJN1,100.0,1,40000000
2026-09-18,YJN5,100.0,1,25580000
2026-09-18,YJN8,100.0,1,7279500
2026-09-18,YJP1,100.0,1,66773449
2026-09-18,YJP2,100.0,1,1761880
2026-09-18,YJP3,100.0,1,23660000
2026-09-18,YJP6,100.0,1,33272967
2026-09-18,YJP8,100.0,1,43445000
2026-09-18,YJP9,100.0,1,194621114
2026-09-18,YJQ2,100.0,1,18010816
2026-09-18,YJQ3,100.0,2,32710247
2026-09-18,YJQ4,100.0,1,19648000
2026-09-18,YJQ5,100.0,1,93759589
2026-09-18,YJQ8,100.0,1,34919024
2026-09-18,YJQ9,99.99,2,34824020
2026-09-18,YJR1,100.0,1,40396834
2026-09-18,YJR2,100.0,1,13394950
2026-09-18,YJR4,100.0,1,20236400
2026-09-18,YJR5,100.0,1,2755292
2026-09-18,YJR8,100.0,1,33300000
2026-09-18,YJR9,100.0,1,12118731
2026-09-18,YJS1,100.0,1,19635000
2026-09-18,YJS2,78.86,19,90793027
2026-09-18,YJS7,100.0,1,54000000
2026-09-18,YJS9,100.0,1,45695791
2026-09-18,YJT2,99.29,2,25824063
2026-09-18,YJT5,100.0,1,13255220
2026-09-18,YJT6,100.0,1,11309592
2026-09-18,YJU1,100.0,2,16702000
2026-09-18,YJU2,100.0,1,57476035
2026-09-18,YJU3,100.0,1,16765500
2026-09-18,YJU4,100.0,1,60000000
2026-09-18,YJU7,100.0,1,164544000
2026-09-18,YJU8,100.0,1,500000
2026-09-18,YJU9,99.59,2,52250000
2026-09-18,YJV1,100.0,1,100000000
2026-09-18,YJV6,100.0,1,19465149
2026-09-18,YJV8,100.0,1,37959172
2026-09-18,YJV9,99.99,2,55039500
2026-09-18,YKA1,98.98,2,16085000
2026-09-18,YKA4,100.0,1,39566759
2026-09-18,YKA6,100.0,1,9534003
2026-09-18,YKA7,99.99,3,9450000
2026-09-18,YKB1,100.0,1,17167043
2026-09-18,YKB1AA,100.0,1,1979120
2026-09-18,YKB2,100.0,1,471860000
2026-09-18,YKB3,100.0,1,6000000
2026-09-18,YKB4,100.0,1,69961000
2026-09-18,YKB6,100.0,1,58305925
2026-09-18,YKB8,100.0,1,11037349
2026-09-18,YKB9,100.0,1,1015000
2026-09-18,YKC3,100.0,1,7000000
2026-09-18,YKC6,100.0,1,23000000
2026-09-18,YKC9,100.0,1,23400000
2026-09-18,YKD3,100.0,2,14750000
2026-09-18,YKD5,100.0,1,23100000
2026-09-18,YKD7,100.0,1,119671125
2026-09-18,YKD7AA,100.0,1,10395453
2026-09-18,YKD8,100.0,1,33259407
2026-09-18,YKE1,99.69,1,79118444
2026-09-18,YKE2,100.0,1,12000000
2026-09-18,YKE3,0.0,0,0
2026-09-18,YKE3O,100.0,1,172232666
2026-09-18,YKE6,99.99,2,19927720
2026-09-18,YKE7,100.0,1,9752000
2026-09-18,YKE8,100.0,1,37701379
2026-09-18,YKF1,100.0,1,16378330
2026-09-18,YKF2,100.0,1,1144165
2026-09-18,YKF3,100.0,1,125572455
2026-09-18,YKF8,100.0,1,351929429
2026-09-18,YKF8AB,100.0,1,3333334
2026-09-18,YKG2,100.0,1,9100000
2026-09-18,YKG3,100.0,1,63649262
2026-09-18,YKG4,100.0,1,16598480
2026-09-18,YKG4AA,100.0,1,1000000
2026-09-18,YKG4AB,100.0,1,32996076
2026-09-18,YKG4AC,100.0,1,1110000
2026-09-18,YKG6,100.0,1,40000000
2026-09-18,YKG7,100.0,1,40840000
2026-09-18,YKG7AA,100.0,1,20000000
2026-09-18,YKG9O,100.0,1,8973700
2026-09-18,YKH1,100.0,1,25000000
2026-09-18,YKH2,100.0,1,10974000
2026-09-18,YKH3,100.0,1,20000000
2026-09-18,YKH4,100.0,1,583487403
2026-09-18,YKH9,100.0,1,17660253
2026-09-18,YKJ1,100.0,1,30549211
2026-09-18,YKJ2,100.0,1,40000000
2026-09-18,YKJ4,100.0,1,33950000
2026-09-18,YKJ5,100.0,1,24488000
2026-09-18,YKK1,100.0,1,49800000
2026-09-18,YKK2,100.0,1,36810800
2026-09-18,YKK3,100.0,1,35000000
2026-09-18,YKK4,100.0,1,139917000
2026-09-18,YKL1,100.0,2,26503571
2026-09-18,YKM2,100.0,2,59264140
2026-09-18,YKM3,100.0,1,45000000
2026-09-18,YKM4,100.0,1,70000000
2026-09-18,YKM6,100.0,1,19942460
2026-09-18,YKM9,100.0,1,60000000
2026-09-18,YKN3,100.0,1,21522690
2026-09-18,YKN3AA,100.0,1,477310
2026-09-18,YKN5,100.0,1,131800000
2026-09-18,YKN6,99.99,2,37133142
2026-09-18,YKN7,100.0,1,27247461
2026-09-18,YKN9,100.0,1,1938600
2026-09-18,YKP1,100.0,1,56000000
2026-09-18,YKP3,100.0,1,17716384
2026-09-18,YKP4,100.0,1,149974327
2026-09-18,YKP5,100.0,1,6053000
2026-09-18,YKP6,100.0,1,35000000
2026-09-18,YKP8,100.0,1,19076521
2026-09-18,YKQ6,100.0,1,5000000
2026-09-18,YKQ7,100.0,1,28977401
2026-09-18,YKQ8,100.0,1,20000000
2026-09-18,YKQ9,100.0,1,21091773
2026-09-18,YKR2,100.0,1,27836000
2026-09-18,YKR6,100.0,1,22750000
2026-09-18,YKR8,100.0,1,48000000
2026-09-18,YKS1,100.0,1,70000000
2026-09-18,YKS3,100.0,1,17096104
2026-09-18,YKS4,100.0,1,1500000
2026-09-18,YKS5,100.0,1,9523656
2026-09-18,YKS6,100.0,1,126029200
2026-09-18,YKS7,98.47,2,33480000
2026-09-18,YKS9,100.0,3,20000000
2026-09-18,YKT1,99.4,2,46828078
2026-09-18,YKT5,100.0,1,12900000
2026-09-18,YKT6,100.0,1,6600000
2026-09-18,YKU1,100.0,1,62495423
2026-09-18,YKU2,100.0,1,11430000
2026-09-18,YKU4,100.0,1,9564943
2026-09-18,YKU5,100.0,1,10588166
2026-09-18,YKU7,100.0,1,25924950
2026-09-18,YKU8,100.0,1,20000000
2026-09-18,YKV1,100.0,1,12061000
2026-09-18,YKV2,100.0,2,27500000
2026-09-18,YKV5,100.0,1,24300000
2026-09-18,YKV6,100.0,1,50618600
2026-09-18,YKV7,100.0,1,12608613
2026-09-18,YKV8,100.0,1,48491777
2026-09-18,YLA1,100.0,1,26719500
2026-09-18,YLA4,100.0,1,160000000
2026-09-18,YLA5,100.0,1,20000000
2026-09-18,YLA6,99.99,2,73728000
2026-09-18,YLA7,100.0,1,34476000
2026-09-18,YLA8,100.0,1,78456000
2026-09-18,YLB1,100.0,1,2185000
2026-09-18,YLB2,100.0,1,136120000
2026-09-18,YLB3,100.0,1,68399409
2026-09-18,YLB4,100.0,1,16000000
2026-09-18,YLC1,100.0,1,48882151
2026-09-18,YLC2,100.0,1,746460000
2026-09-18,YLC5,100.0,1,16000000
2026-09-18,YLC6,100.0,1,15875000
2026-09-18,YLC7,99.88,2,26648000
2026-09-18,YLC8,100.0,1,8000000
2026-09-18,YLD1,100.0,1,26900000
2026-09-18,YLD2,100.0,2,246205940
2026-09-18,YLD3,100.0,1,16000000
2026-09-18,YLD5,100.0,1,6176526
2026-09-18,YLD6,100.0,1,35000000
2026-09-18,YLD7,100.0,1,35409182
2026-09-18,YLD8,100.0,1,33000000
2026-09-18,YLD9,100.0,1,17000000
2026-09-18,YLE2,100.0,1,47471904
2026-09-18,YLE3,100.0,1,3170000
2026-09-18,YLE5,100.0,1,22634294
2026-09-18,YLE6,100.0,1,4059764
2026-09-18,YLE7,100.0,2,100000000
2026-09-18,YLE8,100.0,1,26200000
2026-09-18,YLE9,100.0,1,15396727
2026-09-18,YLF1,100.0,1,6500000
2026-09-18,YLF2,100.0,1,9771559
2026-09-18,YLF2AA,100.0,1,2975873
2026-09-18,YLF2AB,100.0,1,1902363
2026-09-18,YLF2AC,100.0,1,5825766
2026-09-18,YLF2AD,100.0,1,4566807
2026-09-18,YLF3,100.0,1,86650000
2026-09-18,YLF4,100.0,1,17710000
2026-09-18,YLF5,100.0,1,82816443
2026-09-18,YLF6,100.0,1,40030000
2026-09-18,YLF7,100.0,1,18816698
2026-09-18,YLF8,100.0,1,20300000
2026-09-18,YLF9,100.0,1,40650000
2026-09-18,YLG1AA,100.0,1,2000000
2026-09-18,YLG2,100.0,1,542475956
2026-09-18,YLG5,100.0,1,31000000
2026-09-18,YLG6,100.0,1,7000000
2026-09-18,YLG7,100.0,1,15300000
2026-09-18,YLG8,100.0,1,20000000
2026-09-18,YLG9,100.0,1,23444566
2026-09-18,YLH2,100.0,1,94632000
2026-09-18,YLH3,100.0,1,15379321
2026-09-18,YLH4,100.0,1,5196144
2026-09-18,YLH5,99.99,2,24128000
2026-09-18,YLH6,100.0,1,4735164
2026-09-18,YLH7,100.0,1,16531250
2026-09-18,YLH8,100.0,1,17038735
2026-09-18,YLH9,100.0,1,26038930
2026-09-18,YLJ2,100.0,1,22300000
2026-09-18,YLJ3,100.0,2,33833334
2026-09-18,YLJ4,100.0,1,11944600
2026-09-18,YLJ6,100.0,1,200000000
2026-09-18,YLJ7,100.0,1,20000000
2026-09-18,YLJ8,100.0,1,65526193
2026-09-18,YLJ9,100.0,1,11105000
2026-09-18,YLK4,100.0,1,10000000
2026-09-18,YLK5,100.0,1,69300000
2026-09-18,YLK7,100.0,1,21000000
2026-09-18,YLK8,100.0,2,17934095
2026-09-18,YLK9,100.0,1,366000000
2026-09-18,YLL1,100.0,2,58824000
2026-09-18,YLL3,100.0,2,27500000
2026-09-18,YLL5,99.81,4,198652437
2026-09-18,YLL8,100.0,1,18900000
2026-09-18,YLM1,100.0,1,10000000
2026-09-18,YLM2,100.0,1,29000000
2026-09-18,YLM3,100.0,1,24000000
2026-09-18,YLM4,100.0,1,15859090
2026-09-18,YLM6,100.0,1,26000000
2026-09-18,YLM7,98.74,1,16232424
2026-09-18,YLN2,100.0,2,39000000
2026-09-18,YLN4,100.0,1,24000000
2026-09-18,YLN6,100.0,1,23344709
2026-09-18,YLN8,100.0,1,9500000
2026-09-18,YLN9,100.0,1,16361000
2026-09-18,YLP3,100.0,1,15500000
2026-09-18,YLP7,100.0,1,25000672
2026-09-18,YLP8,100.0,1,25248000
2026-09-18,YLQ1,100.0,1,14756880
2026-09-18,YLQ3,100.0,1,67000000
2026-09-18,YLQ5,100.0,1,83257235
2026-09-18,YLQ6,100.0,1,2900000
2026-09-18,YLQ7,100.0,1,2145580791
2026-09-18,YLQ9,100.0,2,144631513
2026-09-18,YLR1,100.0,1,16737425
2026-09-18,YLR2,100.0,1,947880
2026-09-18,YLR3,100.0,1,962585
2026-09-18,YLR6,100.0,1,9000000
2026-09-18,YLR8,0.0,0,0
2026-09-18,YLR9,100.0,1,21870000
2026-09-18,YLS1,100.0,1,53138600
2026-09-18,YLS4,100.0,1,117939975
2026-09-18,YLS6,99.93,2,15086850
2026-09-18,YLS8,100.0,1,42600000
2026-09-18,YLT2,100.0,2,26331561
2026-09-18,YLT3,99.99,2,20912040
2026-09-18,YLT4,100.0,1,30253608
2026-09-18,YLT5,100.0,1,353546147
2026-09-18,YLT6,100.0,1,1423000
2026-09-18,YLT7,100.0,1,42595000
2026-09-18,YLT8,100.0,1,20640000
2026-09-18,YLT9,100.0,1,14418000
2026-09-18,YLU1,100.0,1,35000000
2026-09-18,YLU2,100.0,2,20000000
2026-09-18,YLU3,100.0,1,5300000
2026-09-18,YLU4,100.0,1,32307000
2026-09-18,YLU5,100.0,1,32156445
2026-09-18,YLU7,100.0,1,50000000
2026-09-18,YLU8,100.0,2,62500000
2026-09-18,YLV1,100.0,2,13098744
2026-09-18,YLV4,100.0,1,67786666
2026-09-18,YLV5,100.0,1,17668920
2026-09-18,YLV7,100.0,1,2900000
2026-09-18,YLV8,100.0,1,113521430
2026-09-18,YLV9,100.0,1,24462000
2026-09-18,YMA1,100.0,1,44200000
2026-09-18,YMA3,100.0,1,14700000
2026-09-18,YMA5,100.0,1,35000000
2026-09-18,YMA6,100.0,1,35363949
2026-09-18,YMA7,97.14,1,6805000
2026-09-18,YMA8,100.0,1,16103383
2026-09-18,YMA9,100.0,2,14330000
2026-09-18,YMB1,100.0,1,16144000
2026-09-18,YMB2,100.0,1,210000000
2026-09-18,YMB3,100.0,1,45000000
2026-09-18,YMB4,100.0,1,9407112
2026-09-18,YMB5,100.0,1,18173913
2026-09-18,YMB6,100.0,1,25000000
2026-09-18,YMB7,100.0,2,19500000
2026-09-18,YMB8,100.0,1,42130000
2026-09-18,YMB9,100.0,1,51342218
2026-09-18,YMC1,100.0,1,3570720
2026-09-18,YMC2,100.0,1,9670970
2026-09-18,YMC3,100.0,1,8265000
2026-09-18,YMC5,100.0,1,39533000
2026-09-18,YMC6,100.0,1,16500000
2026-09-18,YMC8,100.0,1,22596000
2026-09-18,YMC9,100.0,1,12000000
2026-09-18,YMD1,100.0,1,20000000
2026-09-18,YMD2,100.0,2,22035000
2026-09-18,YMD3,100.0,1,15500000
2026-09-18,YMD4,100.0,1,24354000
2026-09-18,YMD6,100.0,1,9000000
2026-09-18,YMD7,100.0,1,50500000
2026-09-18,YMD8,100.0,1,23000000
2026-09-18,YME2,100.0,1,45500000
2026-09-18,YME4,100.0,1,19737000
2026-09-18,YME5,100.0,1,66000000
2026-09-18,YME6,100.0,1,22874000
2026-09-18,YME7,100.0,1,14950000
2026-09-18,YME8,100.0,1,45700000
2026-09-18,YME9,100.0,1,15074046
2026-09-18,YMF1,100.0,1,16000000
2026-09-18,YMF2,100.0,1,17331300
2026-09-18,YMF3,100.0,1,46633350
2026-09-18,YMF4,100.0,1,156840000
2026-09-18,YMF6,100.0,1,20000000
2026-09-18,YMF7,100.0,1,20000000
2026-09-18,YMF8,99.99,2,33875908
2026-09-18,YMF9,100.0,2,21150000
2026-09-18,YMG1,100.0,1,19948896
2026-09-18,YMG2,100.0,1,17400000
2026-09-18,YMG3,100.0,1,21600000
2026-09-18,YMG4,100.0,1,22881118
2026-09-18,YMG5,100.0,1,8000000
2026-09-18,YMG6,100.0,1,62500000
2026-09-18,YMG7,99.45,4,18348000
2026-09-18,YMG8,100.0,1,46805175
2026-09-18,YMH1,99.99,2,21000000
2026-09-18,YMH3,100.0,1,121000000
2026-09-18,YMH4,100.0,1,82000000
2026-09-18,YMH5,100.0,1,80166636
2026-09-18,YMH6,100.0,1,16819007
2026-09-18,YMH7,100.0,1,10300000
2026-09-18,YMH8,100.0,1,18540000
2026-09-18,YMH9,100.0,1,24878000
2026-09-18,YMJ1,100.0,1,15080305
2026-09-18,YMJ3,99.99,2,25300000
2026-09-18,YMJ4,100.0,1,25000000
2026-09-18,YMJ5,100.0,2,51733000
2026-09-18,YMJ8,100.0,1,103766198
2026-09-18,YMK3,100.0,1,62500000
2026-09-18,YMK5,100.0,1,3000000
2026-09-18,YMK9,100.0,1,38611270
2026-09-18,YML1,100.0,1,15000000
2026-09-18,YML3,100.0,1,30000000
2026-09-18,YML7,100.0,1,5250000
2026-09-18,YML8,100.0,1,37126500
2026-09-18,YML9,0.0,0,0
2026-09-18,YMN2,100.0,1,120000000
2026-09-18,YMN5,100.0,1,5000000
2026-09-18,YQ19AA,100.0,1,20000000
2026-09-18,YQ19AB,100.0,1,1369202
2026-09-18,YR43,100.0,1,2896811863
2026-09-18,YY0005,0.0,0,0
2026-09-18,YY0008,0.0,0,0
2026-09-18,YY0014,0.0,0,0
2026-09-18,YY0016,0.0,0,0
2026-09-18,YY0024,0.0,0,0
2026-09-18,YY0027,12.99,10,9123076
2026-09-18,YY0028,39.82,58,98526748
2026-09-18,YY0029,30.71,8,11985916
2026-09-18,YY0030,52.22,25,32768931
2026-09-18,YY0031,0.0,0,0
2026-09-18,YY0032,0.0,0,0
2026-09-18,YY0033,18.08,4,3676836
2026-09-18,YY0034,0.0,0,0
2026-09-18,YY0035,36.51,50,86522242
2026-09-18,YY0036,0.0,0,0
2026-09-18,YY0037,85.4,21,68724916
2026-09-18,YY0038,26.72,1,716500
2026-09-18,YY0039,81.42,56,204248997
2026-09-18,YY0040,44.29,13,32376446
2026-09-18,YY0041,79.99000000000001,55,223817029
2026-09-18,YY0042,14.33,10,10156954
2026-09-18,YY0043,6.33,4,2547762
2026-09-18,YY0044,19.14,48,85221964
2026-09-18,YY0045,0.0,0,0
2026-09-18,YY0046,31.79,150,174079977
2026-09-18,YY0047,31.57,283,337580670
2026-09-18,YY0048,49.38,27,48803591
2026-09-18,YY0049,26.38,7,10275743
2026-09-18,YY0050,21.61,50,51106447
2026-09-18,YY0051,33.79,17,26247902
2026-09-18,YY0052,69.17,68,139969161
2026-09-18,YY0053,46.83,45,113191561
2026-09-18,YY0054,46.92,29,50185694
2026-09-18,YY0055,46.12,54,56668400
2026-09-18,YY0056,51.38,8,10169498
2026-09-18,YY0057,56.95,40,84366062
2026-09-18,YY0058,36.12,18,20840192
2026-09-18,YY0059,21.48,6,4849424
2026-09-18,YY0060,13.47,2,1324549
2026-09-18,YY0061,22.65,16,12074599
2026-09-18,YY0062,23.66,71,75928928
2026-09-18,YY0063,2.86,1,579567
2026-09-18,YY0064,63.78,30,62311248
2026-09-18,YY0065,28.36,56,62419793
2026-09-18,YY0066,30.12,79,100006810
2026-09-18,YY0067,29.72,49,45483976
2026-09-18,YY0068,23.47,66,95277184
2026-09-18,YY0069,0.0,0,0
2026-09-18,YY0070,33.99,85,109789446
2026-09-18,YY0071,18.89,11,15254228
2026-09-18,YY0072,18.32,8,5043936
2026-09-18,YY0073,35.92,16,13163657
2026-09-18,YY0074,17.7,22,18461261
2026-09-18,YY0075,10.31,3,1694954
2026-09-18,YY0076,0.0,0,0
2026-09-18,YY0077,0.0,0,0
2026-09-18,YY0078,0.0,0,0
2026-09-18,YY0079,0.0,0,0
2026-09-18,YY0080,0.0,0,0
2026-09-24,000218,100.0,1,422278902
2026-09-24,000560,100.0,1,29700000
2026-09-24,000708,100.0,1,20200000
2026-09-24,000779,100.0,1,1150000000
2026-09-24,000815,100.0,1,2505407068
2026-09-24,000856,100.0,1,323400000
2026-09-24,00400A,17.76,205,338077843
2026-09-24,00401A,26.72,32,70041635
2026-09-24,00402A,27.25,87,183959231
2026-09-24,00403A,21.090000000000003,1503,3079451179
2026-09-24,00404A,17.75,46,77438944
2026-09-24,00405A,24.810000000000002,376,741370317
2026-09-24,00406A,24.3,1121,1208489163
2026-09-24,00407A,29.66,317,733778542
2026-09-24,00408A,32.13,31,46989642
2026-09-24,00409A,46.010000000000005,442,796336384
2026-09-24,00410A,34.51,27,54173867
2026-09-24,00411A,38.620000000000005,77,183003819
2026-09-24,0050,25.91,914,5718469743
2026-09-24,0051,13.84,5,3464396
2026-09-24,0052,20.85,162,531304889
2026-09-24,0053,50.21,3,5267564
2026-09-24,0055,38.58,16,33640355
2026-09-24,0056,11.41,733,1608607202
2026-09-24,0057,0.0,0,0
2026-09-24,0061,33.27,22,31998321
2026-09-24,006201,49.24,8,11301578
2026-09-24,006203,74.49,5,7612887
2026-09-24,006204,0.0,0,0
2026-09-24,006205,45.81,26,42817320
2026-09-24,006206,21.34,4,5718611
2026-09-24,006207,13.42,5,2806395
2026-09-24,006208,10.18,57,189874516
2026-09-24,00625K,0.0,0,0
2026-09-24,00631L,31.48,1462,2193231435
2026-09-24,00632R,44.230000000000004,861,1201388956
2026-09-24,00633L,35.83,40,43538836
2026-09-24,00634R,54.519999999999996,14,23323052
2026-09-24,00635U,19.87,32,61960053
2026-09-24,00636,21.75,19,20427432
2026-09-24,00636K,0.0,0,0
2026-09-24,00637L,57.629999999999995,275,436159803
2026-09-24,00638R,53.72,8,12331925
2026-09-24,00639,25.86,20,24816513
2026-09-24,00640L,39.2,3,2909600
2026-09-24,00641R,58.78,32,53075217
2026-09-24,00642U,45.79,12,25110860
2026-09-24,00643,45.35,23,35157733
2026-09-24,00643K,0.0,0,0
2026-09-24,00645,30.2,13,13896222
2026-09-24,00646,44.22,72,283706599
2026-09-24,00647L,31.13,1,1997323
2026-09-24,00648R,47.7,37,68082925
2026-09-24,00650L,48.71,44,46949334
2026-09-24,00651R,70.95,15,22846297
2026-09-24,00652,30.95,14,18892824
2026-09-24,00653L,6.53,1,810434
2026-09-24,00654R,57.1,9,11117007
2026-09-24,00655L,28.84,19,16721985
2026-09-24,00656R,73.78999999999999,13,15026179
2026-09-24,00657,22.91,2,1507568
2026-09-24,00657K,0.0,0,0
2026-09-24,00660,16.18,2,1057000
2026-09-24,00661,18.03,5,4317923
2026-09-24,00662,36.73,102,339733107
2026-09-24,00663L,27.13,19,35896542
2026-09-24,00664R,58.25,401,517239204
2026-09-24,00665L,58.25,155,239490773
2026-09-24,00666R,84.1,6,10197345
2026-09-24,00668,34.93,2,2613951
2026-09-24,00668K,0.0,0,0
2026-09-24,00669R,45.55,61,90284595
2026-09-24,00670L,13.31,9,10213336
2026-09-24,00671R,69.59,204,350107074
2026-09-24,00673R,51.57,353,644451719
2026-09-24,00674R,46.56,4,6714686
2026-09-24,00675L,20.759999999999998,12,21665865
2026-09-24,00676R,47.17,74,94760102
2026-09-24,00678,24.3,4,2175000
2026-09-24,00679B,42.8,693,2645480944
2026-09-24,00680L,54.04,502,771686127
2026-09-24,00681R,90.73,6,6892049
2026-09-24,00682U,77.96000000000001,4,5959732
2026-09-24,00683L,68.87,6,7875871
2026-09-24,00684R,81.24,6,7871058
2026-09-24,00685L,35.08,1426,1946573318
2026-09-24,00686R,68.53,111,182534735
2026-09-24,00687B,42.71,551,1810431799
2026-09-24,00687C,93.67,1,1819400
2026-09-24,00688L,49.89,205,304022288
2026-09-24,00689R,87.28999999999999,5,6013695
2026-09-24,00690,14.37,13,12067692
2026-09-24,00692,16.66,33,102282475
2026-09-24,00693U,43.2,17,27722459
2026-09-24,00694B,64.87,7,19190000
2026-09-24,00695B,74.6,10,31110193
2026-09-24,00696B,83.23,28,514625370
2026-09-24,00697B,21.939999999999998,10,14645155
2026-09-24,00700,13.35,6,4209622
2026-09-24,00701,6.92,11,11705819
2026-09-24,00702,54.46,5,3642989
2026-09-24,00703,27.18,4,2596883
2026-09-24,00706L,31.58,29,38640207
2026-09-24,00707R,94.19,5,5515737
2026-09-24,00708L,26.72,26,42004797
2026-09-24,00709,34.08,8,4931194
2026-09-24,00710B,81.56,7,147052378
2026-09-24,00711B,99.32000000000001,5,866040379
2026-09-24,00712,32.55,1492,1991778097
2026-09-24,00713,21.720000000000002,80,367791170
2026-09-24,00714,45.519999999999996,10,8911276
2026-09-24,00715L,56.64,13,31272312
2026-09-24,00717,26.51,23,31205520
2026-09-24,00719B,30.060000000000002,49,94911447
2026-09-24,00720B,65.76,300,2639036752
2026-09-24,00722B,89.93,49,1313414429
2026-09-24,00723B,99.72,13,1516476115
2026-09-24,00724B,97.68,32,2988561865
2026-09-24,00725B,82.33,151,3078733268
2026-09-24,00726B,98.01,17,1163498471
2026-09-24,00727B,89.67999999999999,5,51297808
2026-09-24,00728,4.1899999999999995,3,1652570
2026-09-24,00730,16.77,9,11583980
2026-09-24,00731,18.009999999999998,6,3622228
2026-09-24,00733,13.35,6,8411137
2026-09-24,00734B,82.55,2,20623000
2026-09-24,00735,21.79,21,24929597
2026-09-24,00736,76.27000000000001,6,5131325
2026-09-24,00737,17.7,5,3993023
2026-09-24,00738U,21.19,41,52343947
2026-09-24,00739,38.43,9,9606089
2026-09-24,00740B,96.68,46,2122897828
2026-09-24,00741B,49.730000000000004,3,6531530
2026-09-24,00746B,99.57000000000001,27,2540542869
2026-09-24,00749B,99.75,7,1107810000
2026-09-24,00750B,99.71,4,147587234
2026-09-24,00751B,75.58,330,3949948626
2026-09-24,00752,30.94,31,79803397
2026-09-24,00753L,48.82,249,343252396
2026-09-24,00754B,99.75,14,1300670000
2026-09-24,00755B,97.72,7,289500000
2026-09-24,00756B,97.64,18,1301057080
2026-09-24,00757,30.45,29,81224093
2026-09-24,00758B,90.49,1,5000000
2026-09-24,00759B,98.89,1,47000000
2026-09-24,00760B,99.16,6,431379722
2026-09-24,00761B,98.55,30,2696123687
2026-09-24,00762,18.509999999999998,6,8662032
2026-09-24,00763U,51.67,11,20964248
2026-09-24,00764B,94.10000000000001,32,1449748737
2026-09-24,00768B,98.11,26,776342053
2026-09-24,00770,11.559999999999999,10,10824016
2026-09-24,00771,15.559999999999999,2,2214873
2026-09-24,00772B,80.5,142,2706267254
2026-09-24,00773B,95.66999999999999,44,2481070574
2026-09-24,00775B,99.66000000000001,7,231330000
2026-09-24,00777B,99.92,14,2075360000
2026-09-24,00778B,99.94,11,1521481512
2026-09-24,00779B,99.57,8,1293237000
2026-09-24,00780B,97.39,9,239722916
2026-09-24,00781B,30.61,3,2706000
2026-09-24,00782B,24.990000000000002,5,5244182
2026-09-24,00783,13.23,1,930891
2026-09-24,00785B,99.83,11,1061745845
2026-09-24,00786B,29.86,6,5844937
2026-09-24,00787B,38.78,5,4386637
2026-09-24,00788B,27.6,7,6820632
2026-09-24,00789B,99.38,11,452790000
2026-09-24,00791B,99.68,6,280204000
2026-09-24,00792B,99.86,15,2314704733
2026-09-24,00793B,0.0,0,0
2026-09-24,00795B,55.980000000000004,144,848764045
2026-09-24,00799B,25.7,8,6697193
2026-09-24,00830,23.810000000000002,65,210196235
2026-09-24,00834B,94.36,4,21890000
2026-09-24,00836B,99.6,12,628089224
2026-09-24,00840B,99.27,3,59000000
2026-09-24,00841B,99.42999999999999,5,70047000
2026-09-24,00842B,39.050000000000004,5,8504000
2026-09-24,00844B,99.21,5,211503000
2026-09-24,00845B,99.59,4,236097767
2026-09-24,00846B,98.18,2,73000000
2026-09-24,00847B,31.759999999999998,2,1209000
2026-09-24,00848B,99.21,2,135000000
2026-09-24,00849B,99.83999999999999,5,484873299
2026-09-24,00850,17.8,32,73853957
2026-09-24,00851,27.87,1,1540000
2026-09-24,00852L,49.16,3,3375506
2026-09-24,00853B,91.24,11,162558746
2026-09-24,00856B,65.53,3,4451724
2026-09-24,00857B,59.69,69,357818779
2026-09-24,00858,16.849999999999998,13,19882375
2026-09-24,00859B,21.830000000000002,8,7753170
2026-09-24,00860B,0.0,0,0
2026-09-24,00861,6.83,5,4752986
2026-09-24,00862B,98.38,11,872539872
2026-09-24,00863B,99.59,9,512386000
2026-09-24,00864B,34.379999999999995,24,38431894
2026-09-24,00865B,30.17,52,98792435
2026-09-24,00867B,99.72,9,563570000
2026-09-24,00870B,99.61000000000001,9,561975628
2026-09-24,00875,19.87,5,3080052
2026-09-24,00876,27.33,9,25708791
2026-09-24,00877,18.439999999999998,26,29957898
2026-09-24,00878,10.94,879,2060374858
2026-09-24,00881,16.26,122,484953486
2026-09-24,00882,26.630000000000003,386,526180876
2026-09-24,00884B,98.78,4,74525702
2026-09-24,00885,16.71,87,98963487
2026-09-24,00886,13.72,1,611021
2026-09-24,00887,31.099999999999998,115,140922013
2026-09-24,00888,11.16,26,69824397
2026-09-24,00890B,73.58,3,13440305
2026-09-24,00891,14.2,106,265369175
2026-09-24,00892,17.93,27,57204280
2026-09-24,00893,8.260000000000002,21,29284130
2026-09-24,00894,13.81,11,20473003
2026-09-24,00895,10.11,8,14454204
2026-09-24,00896,8.15,23,41743027
2026-09-24,00897,23.259999999999998,26,31295377
2026-09-24,00898,19.34,24,20815070
2026-09-24,00899,5.62,1,908015
2026-09-24,00900,15.299999999999999,85,231182119
2026-09-24,00901,14.52,10,9055478
2026-09-24,00902,17.06,29,38235306
2026-09-24,00903,11.2,5,5240636
2026-09-24,00904,14.05,19,22047430
2026-09-24,00905,7.6000000000000005,18,27423298
2026-09-24,00907,13.610000000000001,12,20464549
2026-09-24,00908,36.660000000000004,8,12621818
2026-09-24,00909,16.15,12,16270998
2026-09-24,00910,7.7299999999999995,9,8635265
2026-09-24,00911,13.48,4,4101823
2026-09-24,00912,21.33,7,12434940
2026-09-24,00913,19.900000000000002,6,11505522
2026-09-24,00915,17.2,36,86812487
2026-09-24,00916,14.74,15,14670586
2026-09-24,00917,12.74,11,8226305
2026-09-24,00918,10.97,285,507545934
2026-09-24,00919,10.79,1093,2059367300
2026-09-24,00920,23.81,5,4832498
2026-09-24,00921,6.73,5,3897265
2026-09-24,00922,30.98,105,662860810
2026-09-24,00923,15.08,45,143630311
2026-09-24,00924,21.89,26,95017973
2026-09-24,00926,56.29,12,57706935
2026-09-24,00927,12.57,78,167794223
2026-09-24,00928,24.54,10,10893194
2026-09-24,00929,10.18,230,542081922
2026-09-24,00930,6.460000000000001,6,10353557
2026-09-24,00931B,76.92999999999999,103,1725825453
2026-09-24,00932,11.420000000000002,9,12327425
2026-09-24,00933B,76.75,459,5151728886
2026-09-24,00934,10.2,24,43620903
2026-09-24,00935,22.13,61,193187579
2026-09-24,00936,10.129999999999999,7,19567631
2026-09-24,00937B,60.669999999999995,3213,10294521093
2026-09-24,00938,47.56,9,49491716
2026-09-24,00939,6.97,53,81039563
2026-09-24,00940,12.219999999999999,384,622559832
2026-09-24,00941,13.52,36,61492883
2026-09-24,00942B,89.94999999999999,66,1831668268
2026-09-24,00943,31.43,6,12699658
2026-09-24,00944,9.66,6,5140090
2026-09-24,00945B,41.31,145,348235971
2026-09-24,00946,20.22,31,89007614
2026-09-24,00947,29.29,38,82626715
2026-09-24,00948B,82.33,310,3519418026
2026-09-24,00949,19.48,25,32468317
2026-09-24,00950B,91.07,145,3740099850
2026-09-24,00951,30.58,35,74694782
2026-09-24,00952,13.600000000000001,28,33752185
2026-09-24,00953B,53.05,1413,2483685161
2026-09-24,00954,22.96,17,29012292
2026-09-24,00955,32.24,61,155600752
2026-09-24,00956,17.869999999999997,4,5833619
2026-09-24,00957B,51.040000000000006,30,96126944
2026-09-24,00958B,20.28,22,24102589
2026-09-24,00959B,48.809999999999995,81,248452473
2026-09-24,00960,19.869999999999997,7,11529328
2026-09-24,00961,9.98,122,110318289
2026-09-24,00962,8.75,11,9467154
2026-09-24,00963,26.82,26,32458944
2026-09-24,00964,18.15,15,12925617
2026-09-24,00965,46.28,42,200015178
2026-09-24,00966B,36.78,16,42776378
2026-09-24,00967B,70.5,34,127926364
2026-09-24,00968B,68.83,102,546403681
2026-09-24,00969B,68.78,44,101569940
2026-09-24,00970B,60.72,63,236392259
2026-09-24,00971,16.35,8,8781322
2026-09-24,00972,33.56,2,5093089
2026-09-24,009800,30.57,49,95565528
2026-09-24,009801,21.19,18,20167417
2026-09-24,009802,19.2,48,106639315
2026-09-24,009803,14.4,30,41659506
2026-09-24,009804,11.21,16,16203490
2026-09-24,009805,18.73,69,114322160
2026-09-24,009806,57.89,6,7910437
2026-09-24,009807,57.199999999999996,8,7873565
2026-09-24,009808,12.51,5,4887624
2026-09-24,009809,38.43,7,12823685
2026-09-24,00980A,25.3,57,199671360
2026-09-24,00980B,47.96,14,25700512
2026-09-24,00980D,36.02,22,35667397
2026-09-24,00980T,53.59,8,40163313
2026-09-24,009810,36.17,6,6931368
2026-09-24,009811,17.77,35,41886714
2026-09-24,009812,36.74,22,33591768
2026-09-24,009813,23.32,46,74517105
2026-09-24,009814,20.96,21,32108598
2026-09-24,009815,22.17,58,93455857
2026-09-24,009816,19.72,1512,2373564264
2026-09-24,009817,24.48,46,53875934
2026-09-24,009818,8.4,4,3840237
2026-09-24,009819,12.219999999999999,54,74273082
2026-09-24,00981A,22.59,951,2165392231
2026-09-24,00981B,50.660000000000004,564,795331983
2026-09-24,00981D,45.07,155,235238282
2026-09-24,00981T,36.55,71,91877871
2026-09-24,009820,39.96,206,425313970
2026-09-24,009821,11.03,46,58188823
2026-09-24,009822,16.52,11,11586876
2026-09-24,009823,18.56,35,63063996
2026-09-24,009824,16.03,63,78727796
2026-09-24,009825,12.940000000000001,20,15329000
2026-09-24,009826,26.04,165,220638726
2026-09-24,009827,16.9,32,35513994
2026-09-24,009828,31.46,74,284861759
2026-09-24,009829,45.940000000000005,66,147948943
2026-09-24,00982A,14.23,169,313430568
2026-09-24,00982B,61.11,6,15525464
2026-09-24,00982D,36.78,20,28234127
2026-09-24,00982T,17.94,4,2980411
2026-09-24,00983A,24.7,14,18699713
2026-09-24,00983B,57.83,8,14838512
2026-09-24,00983D,31.22,39,32550891
2026-09-24,00984A,15.82,43,99811617
2026-09-24,00984B,35.29,27,41282299
2026-09-24,00984D,42.82,396,500882828
2026-09-24,00985A,17.21,42,78319261
2026-09-24,00985B,64.77,212,556647023
2026-09-24,00985D,55.61,29,61591487
2026-09-24,00986A,18.54,5,7297737
2026-09-24,00986B,79.22999999999999,6,16451195
2026-09-24,00986D,50.28,42,72022065
2026-09-24,00987A,17.31,19,26451105
2026-09-24,00987B,55.17,26,40742161
2026-09-24,00987D,75.75,12,71992219
2026-09-24,00988A,19.12,361,605418680
2026-09-24,00988B,29.689999999999998,40,47922896
2026-09-24,00989A,17.29,8,11444024
2026-09-24,00989B,39.96,38,44562225
2026-09-24,00990A,34.019999999999996,392,803979218
2026-09-24,00990B,34.15,21,31040917
2026-09-24,00991A,20.720000000000002,442,918751001
2026-09-24,00991B,98.42999999999999,14,255273019
2026-09-24,00992A,18.58,231,421345017
2026-09-24,00993A,22.15,96,165870559
2026-09-24,00994A,19.65,34,52472846
2026-09-24,00995A,17.119999999999997,27,46814915
2026-09-24,00996A,22.9,31,64161720
2026-09-24,00997A,17.35,146,193568955
2026-09-24,00998A,28.66,35,91815979
2026-09-24,00999A,11.719999999999999,88,120719433
2026-09-24,01001T,93.27,61,543852398
2026-09-24,01002T,93.68,112,1305307000
2026-09-24,01004T,93.96000000000001,82,686324428
2026-09-24,01007T,92.77,82,668077980
2026-09-24,01009T,90.34,62,271071019
2026-09-24,01010T,98.73,78,2279425656
2026-09-24,1101,55.1,877,4145900996
2026-09-24,1101B,94.0,22,188037651
2026-09-24,1102,82.08000000000001,334,2911627600
2026-09-24,1103,80.30000000000001,134,669009076
2026-09-24,1104,73.05,108,501817914
2026-09-24,1107,99.7,1,10069897
2026-09-24,1108,78.61,68,318209465
2026-09-24,1109,79.66,70,271837661
2026-09-24,1110,94.05,59,538113668
2026-09-24,1113O,0.0,0,0
2026-09-24,1113R,0.0,0,0
2026-09-24,1201,63.36,68,320744800
2026-09-24,1203,90.94,50,218312828
2026-09-24,1204,45.78,6,8406600
2026-09-24,1207,77.29,48,358812244
2026-09-24,1210,65.16,127,583283907
2026-09-24,1212,44.290000000000006,45,77057823
2026-09-24,1213,81.16,12,45967589
2026-09-24,1215,55.99,33,165085950
2026-09-24,1216,89.56,760,5090139417
2026-09-24,1217,61.870000000000005,130,306065453
2026-09-24,1218,67.03,66,335223383
2026-09-24,1219,64.23,78,219203969
2026-09-24,1220,67.89,47,120245291
2026-09-24,1221,34.25,22,32505214
2026-09-24,1224,88.36,20,63549780
2026-09-24,1225,89.45,39,216748865
2026-09-24,1227,67.34,75,616418568
2026-09-24,1228,38.0,5,4223807
2026-09-24,1229,66.09,175,1210924582
2026-09-24,1231,64.84,27,212886483
2026-09-24,1232,73.76,11,118009573
2026-09-24,1233,75.92,27,68798554
2026-09-24,1234,83.05,136,333845602
2026-09-24,1235,96.34,15,181688811
2026-09-24,1236,83.73,23,72580646
2026-09-24,1238,11.74,4,3516000
2026-09-24,1240,69.59,25,32327213
2026-09-24,1256,59.9,10,21437774
2026-09-24,1259,78.63,9,25476532
2026-09-24,1260,76.37,30,77989209
2026-09-24,1264,47.19,16,17492430
2026-09-24,1268,78.11,17,32982262
2026-09-24,1269,77.54,7,16195413
2026-09-24,1271,74.7,20,57603840
2026-09-24,1293,74.32,11,12707742
2026-09-24,1294,60.22,16,22063956
2026-09-24,1295,57.949999999999996,15,21799312
2026-09-24,1301,75.25,580,4791817058
2026-09-24,1303,85.91,716,6815095491
2026-09-24,1304,61.209999999999994,114,727966987
2026-09-24,1305,51.910000000000004,63,301690568
2026-09-24,1306,21.34,4,9502500
2026-09-24,1307,80.07000000000001,61,318610373
2026-09-24,1308,53.1,62,315367752
2026-09-24,1309,46.97,31,186862432
2026-09-24,1310,31.060000000000002,90,164028415
2026-09-24,1312,60.43,176,910923150
2026-09-24,1312A,54.519999999999996,12,10907496
2026-09-24,1313,68.69999999999999,166,914672172
2026-09-24,1314,42.559999999999995,774,1611730316
2026-09-24,1315,81.66,43,80948070
2026-09-24,1316,41.81999999999999,79,168065811
2026-09-24,1319,80.03999999999999,106,473512900
2026-09-24,1321,70.56,93,160388360
2026-09-24,1323,70.58,36,64447299
2026-09-24,1324,66.25,20,49782889
2026-09-24,1325,49.2,12,41966267
2026-09-24,1326,82.83,523,4855482682
2026-09-24,1333,51.19,14,38164244
2026-09-24,1336,50.38,22,39123089
2026-09-24,1337,47.2,54,127021241
2026-09-24,1338,44.870000000000005,26,37639854
2026-09-24,1339,75.25,16,55785438
2026-09-24,1340,35.15,27,53783351
2026-09-24,1341,83.71,16,44250712
2026-09-24,1342,57.87,13,45439499
2026-09-24,1343,66.19,22,26825140
2026-09-24,1402,89.07,438,4768611879
2026-09-24,1407,35.3,76,155616513
2026-09-24,1407A,53.510000000000005,9,36304000
2026-09-24,1408,20.7,72,72859689
2026-09-24,1409,61.239999999999995,208,991417619
2026-09-24,1410,77.07000000000001,20,47798072
2026-09-24,1413,76.07,26,100517965
2026-09-24,1414,88.56,38,175380656
2026-09-24,1416,56.199999999999996,38,104190468
2026-09-24,1417,57.739999999999995,48,109728053
2026-09-24,1418,71.69,19,40757006
2026-09-24,1419,90.98,74,273051016
2026-09-24,1423,83.3,29,83038727
2026-09-24,1432,54.839999999999996,14,59243524
2026-09-24,1434,72.11,162,1215112077
2026-09-24,1435,94.86,24,132624281
2026-09-24,1436,76.24,37,148060839
2026-09-24,1437,79.62,73,160761832
2026-09-24,1438,83.07000000000001,28,92396413
2026-09-24,1439,85.77,31,78920863
2026-09-24,1440,78.41,272,1299423604
2026-09-24,1441,100.0,1,61744387
2026-09-24,1441O,65.0,15,46654595
2026-09-24,1442,86.88,108,318218257
2026-09-24,1443,89.99000000000001,40,121820855
2026-09-24,1444,64.23,139,639549519
2026-09-24,1445,68.61,40,89683332
2026-09-24,1446,66.48,29,91569883
2026-09-24,1447,70.18,128,638872617
2026-09-24,1449,39.75,30,50553043
2026-09-24,1450,25.83,14,20374520
2026-09-24,1451,63.78,40,126346593
2026-09-24,1452,49.75,40,66010442
2026-09-24,1453,76.39,19,89116374
2026-09-24,1454,81.6,35,105973724
2026-09-24,1455,67.17,80,357232556
2026-09-24,1456,85.49,15,80150761
2026-09-24,1457,75.17999999999999,72,238189244
2026-09-24,1458,59.79,59,155937641
2026-09-24,1459,84.24000000000001,60,226629096
2026-09-24,1460,72.03,124,500534303
2026-09-24,1462,46.4,98,139155413
2026-09-24,1463,81.99,42,142097953
2026-09-24,1464,61.660000000000004,88,262495098
2026-09-24,1465,72.09,37,74716336
2026-09-24,1466,69.26,35,77004773
2026-09-24,1467,67.37,45,157434323
2026-09-24,1468,97.54,18,156484821
2026-09-24,1469,92.35,28,80568464
2026-09-24,1470,86.22999999999999,34,73968219
2026-09-24,1471,21.98,22,33089180
2026-09-24,1472,82.28999999999999,18,43429718
2026-09-24,1473,72.17999999999999,31,105534915
2026-09-24,1474,59.040000000000006,30,76723839
2026-09-24,1475,76.29,16,50380750
2026-09-24,1476,78.04,76,214157090
2026-09-24,1477,59.16,74,145989721
2026-09-24,1480,98.13000000000001,59,408367403
2026-09-24,1491,59.65,24,32709081
2026-09-24,1492O,0.0,0,0
2026-09-24,1492R,0.0,0,0
2026-09-24,1498,48.56,1,424968
2026-09-24,1503,73.42,66,382620704
2026-09-24,1504,70.4,232,1673357701
2026-09-24,1506,77.30999999999999,47,232302444
2026-09-24,1507,100.0,1,250000000
2026-09-24,1512,54.05,19,53079076
2026-09-24,1513,46.17,83,232349927
2026-09-24,1514,41.26,57,115022699
2026-09-24,1515,48.78,33,88538626
2026-09-24,1516,64.82,15,25938108
2026-09-24,1517,48.58,30,106908732
2026-09-24,1519,73.88000000000001,76,256779611
2026-09-24,1521,68.06,12,51893956
2026-09-24,1522,57.629999999999995,51,180412844
2026-09-24,1522A,87.74,10,26327500
2026-09-24,1524,38.59,21,63827412
2026-09-24,1525,89.25,9,65520340
2026-09-24,1526,38.150000000000006,12,22896675
2026-09-24,1527,33.620000000000005,21,46605548
2026-09-24,1528,30.25,12,57924988
2026-09-24,1529,48.47,32,98367881
2026-09-24,1530,75.94,15,71846852
2026-09-24,1531,64.12,52,116783294
2026-09-24,1532,66.84,108,282559951
2026-09-24,1533,63.66,36,62759721
2026-09-24,1534,47.059999999999995,19,31893043
2026-09-24,1535,75.82000000000001,10,93831904
2026-09-24,1536,33.449999999999996,52,93389695
2026-09-24,1537,51.1,24,41960817
2026-09-24,1538,78.44999999999999,7,25345478
2026-09-24,1539,61.14,11,39975656
2026-09-24,1540,34.8,21,29768299
2026-09-24,1541,83.75999999999999,15,66023078
2026-09-24,1553,0.0,0,0
2026-09-24,1557,30.57,1,526527
2026-09-24,1558,39.43,30,25460664
2026-09-24,1560,65.97999999999999,68,100277764
2026-09-24,1563,45.879999999999995,52,77658380
2026-09-24,1565,17.57,11,8871339
2026-09-24,1568,64.48,31,66495568
2026-09-24,1569,55.16,42,79590159
2026-09-24,1570,55.370000000000005,11,28530484
2026-09-24,1571,67.23,1,765000
2026-09-24,1573,0.0,0,0
2026-09-24,1575,0.0,0,0
2026-09-24,1577,0.0,0,0
2026-09-24,1580,38.46,14,18984076
2026-09-24,1582,30.88,25,44573206
2026-09-24,1583,91.25,17,99838703
2026-09-24,1584,40.87,34,95062935
2026-09-24,1585,65.75999999999999,33,37957711
2026-09-24,1586,72.99,49,94546985
2026-09-24,1587,47.28999999999999,21,37863897
2026-09-24,1589,28.35,30,43458415
2026-09-24,1590,72.94,101,145919812
2026-09-24,1591,19.41,8,7392385
2026-09-24,1592,26.470000000000002,25,29389503
2026-09-24,1593,50.05,18,19913906
2026-09-24,1594,82.82000000000001,12,27515325
2026-09-24,1595,47.83,22,27618906
2026-09-24,1597,49.43,32,44144393
2026-09-24,1598,60.72,50,108822214
2026-09-24,1599,65.03,21,47504765
2026-09-24,1601,11.6,13,12338189
2026-09-24,1602,12.17,26,47056285
2026-09-24,1603,72.34,29,138706423
2026-09-24,1604,58.8,75,226004628
2026-09-24,1605,75.15,371,3331031592
2026-09-24,1606,15.96,119,122912424
2026-09-24,1608,66.22,61,419198637
2026-09-24,1609,32.79,107,257623201
2026-09-24,1611,52.25,81,168685421
2026-09-24,1612,61.209999999999994,66,193553374
2026-09-24,1613,57.74,67,131348364
2026-09-24,1614,83.14,84,223813250
2026-09-24,1615,80.7,35,160332675
2026-09-24,1616,60.16,26,116825524
2026-09-24,1617,75.67,37,128294908
2026-09-24,1618,57.97,30,111737113
2026-09-24,1623,77.1,13,50897220
2026-09-24,1626,69.6,49,104306140
2026-09-24,1702,58.1,31,170960875
2026-09-24,1707,50.83,49,75325001
2026-09-24,1708,39.67,41,98790548
2026-09-24,1709,70.92,127,338375068
2026-09-24,1710,62.46,132,553377872
2026-09-24,1711,44.88,93,246020459
2026-09-24,1712,56.510000000000005,117,237704896
2026-09-24,1713,74.63000000000001,30,112677640
2026-09-24,1714,52.08,147,516775092
2026-09-24,1717,66.53999999999999,233,788304245
2026-09-24,1718,52.79,218,890121570
2026-09-24,1720,64.99000000000001,31,127776178
2026-09-24,1721,38.76,34,71692616
2026-09-24,1722,63.309999999999995,156,620700771
2026-09-24,1723,52.099999999999994,37,123487756
2026-09-24,1725,94.44,20,171753574
2026-09-24,1726,85.42,28,138412580
2026-09-24,1727,68.87,33,88188354
2026-09-24,1729,91.39,47,165189630
2026-09-24,1730,57.3,11,36241298
2026-09-24,1731,55.7,15,74052162
2026-09-24,1732,46.400000000000006,5,19695882
2026-09-24,1733,44.129999999999995,20,44123227
2026-09-24,1734,49.93000000000001,41,94993994
2026-09-24,1735,78.42999999999999,12,77955200
2026-09-24,1736,88.71000000000001,47,269200196
2026-09-24,1737,62.68,26,125422719
2026-09-24,1742,80.28,26,74412798
2026-09-24,1748,39.61,3,5667604
2026-09-24,1748R,0.0,0,0
2026-09-24,1752,63.45,17,64093061
2026-09-24,1760,42.980000000000004,22,36867728
2026-09-24,1762,45.94,16,35346786
2026-09-24,1763,100.0,1,1816737993
2026-09-24,1764,100.0,1,715186287
2026-09-24,1765,100.0,1,437517135
2026-09-24,1766,100.0,1,493557368
2026-09-24,1773,73.86999999999999,55,221676629
2026-09-24,1775,100.0,1,88000000
2026-09-24,1776,65.81,32,39566816
2026-09-24,1777,59.87,9,26702830
2026-09-24,1780,78.5,44,85650453
2026-09-24,1781,44.87,22,21280320
2026-09-24,1783,63.910000000000004,19,57340884
2026-09-24,1784,28.88,15,15349698
2026-09-24,1785,42.41,106,252821342
2026-09-24,1786,51.01,24,38183063
2026-09-24,1788,49.790000000000006,15,22176091
2026-09-24,1789,76.97999999999999,53,608964372
2026-09-24,1794,0.0,0,0
2026-09-24,1795,57.42,32,153210663
2026-09-24,1796,55.76,12,23129329
2026-09-24,1799,66.28999999999999,22,164941400
2026-09-24,1802,76.29,173,2219124722
2026-09-24,1805,77.89,39,105160024
2026-09-24,1806,74.7,60,291711832
2026-09-24,1807,47.400000000000006,37,54224582
2026-09-24,1808,80.76,93,721481089
2026-09-24,1809,48.550000000000004,32,81114483
2026-09-24,1810,62.01,69,187553619
2026-09-24,1813,47.730000000000004,16,22268888
2026-09-24,1814,78.82000000000001,12,14965621
2026-09-24,1815,51.9,94,304005487
2026-09-24,1816,94.8,2,23241949
2026-09-24,1817,64.99,26,47188937
2026-09-24,1818,75.49,7,8785473
2026-09-24,1819,84.42,17,28292267
2026-09-24,1903,81.08000000000001,65,210904571
2026-09-24,1904,68.47,145,758930938
2026-09-24,1905,71.16,67,785049073
2026-09-24,1906,74.3,26,112219284
2026-09-24,1907,85.58999999999999,215,1421584652
2026-09-24,1907A,0.0,0,0
2026-09-24,1909,68.14,169,904936938
2026-09-24,1918,20.830000000000002,26,50314034
2026-09-24,2002,52.92,1512,8330006088
2026-09-24,2002A,21.729999999999997,10,8324500
2026-09-24,2006,81.46,161,594987703
2026-09-24,2007,76.75,14,407435888
2026-09-24,2008,92.6,18,176747849
2026-09-24,2009,58.29,20,209688681
2026-09-24,2010,69.18,119,448246255
2026-09-24,2012,84.02,80,253918936
2026-09-24,2013,79.5,24,159020845
2026-09-24,2014,50.62,101,726856810
2026-09-24,2015,88.24000000000001,152,513267396
2026-09-24,2017,61.629999999999995,67,275524933
2026-09-24,2020,50.86,53,135872451
2026-09-24,2022,40.42,32,136353872
2026-09-24,2023,79.38,120,1446098753
2026-09-24,2024,83.02,13,80956652
2026-09-24,2025,63.160000000000004,31,109088743
2026-09-24,2027,77.75,379,2009749900
2026-09-24,2028,83.44,39,271817883
2026-09-24,2029,71.52,26,229744593
2026-09-24,2030,55.91,60,156915097
2026-09-24,2031,58.870000000000005,62,189115628
2026-09-24,2032,59.900000000000006,43,78206784
2026-09-24,2033,84.07000000000001,26,100890517
2026-09-24,2034,51.11,105,270566849
2026-09-24,2035,96.59,23,338132522
2026-09-24,2038,53.84,26,104547986
2026-09-24,2049,69.93,118,247434836
2026-09-24,2052R,10.19,2,934784
2026-09-24,2056,93.38,44,98067509
2026-09-24,2058,26.03,63,79542778
2026-09-24,2059,65.52,32,62458006
2026-09-24,2060,87.22,4,31173065
2026-09-24,2061,47.209999999999994,23,27093147
2026-09-24,2062,61.69,39,123433990
2026-09-24,2063,51.63,18,24842909
2026-09-24,2064,83.08,30,57607741
2026-09-24,2065,51.29,16,32590885
2026-09-24,2066,68.62,19,30509400
2026-09-24,2067,56.54,12,25527966
2026-09-24,2068,100.0,1,60068043
2026-09-24,2069,63.55,44,105787886
2026-09-24,2070,63.09,19,26370649
2026-09-24,2071,85.22999999999999,25,58863169
2026-09-24,2072,74.17,24,142450537
2026-09-24,2073,75.22999999999999,15,20691200
2026-09-24,2101,64.44,132,473099477
2026-09-24,2102,81.14,68,384151962
2026-09-24,2103,59.9,125,494724876
2026-09-24,2104,46.07,199,453800473
2026-09-24,2105,80.3,313,2603577594
2026-09-24,2106,79.72999999999999,163,761524855
2026-09-24,2107,64.4,71,195583595
2026-09-24,2108,71.10000000000001,96,350208771
2026-09-24,2109,74.67,71,208625780
2026-09-24,2113,0.0,0,0
2026-09-24,2114,65.52,18,51111924
2026-09-24,2115,70.52,36,73621243
2026-09-24,2201,63.6,102,680690553
2026-09-24,2204,73.72999999999999,62,408276707
2026-09-24,2206,85.49000000000001,105,661562479
2026-09-24,2207,89.74,113,500075513
2026-09-24,2208,55.34,153,705581231
2026-09-24,2211,80.46000000000001,55,335651375
2026-09-24,2221,64.24,4,27192186
2026-09-24,2226,100.0,1,75000000
2026-09-24,2227,93.49,11,280482000
2026-09-24,2228,56.010000000000005,13,44697356
2026-09-24,2229,41.04,1,600000
2026-09-24,2230,45.959999999999994,25,31279248
2026-09-24,2231,65.54,29,89125665
2026-09-24,2233,41.62,11,25103537
2026-09-24,2235,83.99,12,30136920
2026-09-24,2236,73.51,21,46704682
2026-09-24,2237,76.89999999999999,22,99137276
2026-09-24,2239,80.19,17,94416422
2026-09-24,2241,41.44,32,43371544
2026-09-24,2243,67.58,35,52309401
2026-09-24,2245,80.22,12,28595737
2026-09-24,2246,68.52999999999999,3,29212989
2026-09-24,2247,76.68,14,61903611
2026-09-24,2248,78.3,17,37278520
2026-09-24,2249,70.66,13,19904668
2026-09-24,2250,51.37,4,18697678
2026-09-24,2252,80.9,19,86260568
2026-09-24,2254,93.33999999999999,17,59662387
2026-09-24,2255,80.28,20,48932989
2026-09-24,2256,57.42,17,24426106
2026-09-24,2258,93.9,53,1644767121
2026-09-24,2301,80.64999999999999,480,1868377380
2026-09-24,2302,62.14,20,103375050
2026-09-24,2303,75.58,1244,9502238966
2026-09-24,2305,67.02,24,137861390
2026-09-24,2308,80.62,566,2094789220
2026-09-24,2312,48.629999999999995,214,733000671
2026-09-24,2313,58.89,220,726815947
2026-09-24,2314,11.52,14,12529359
2026-09-24,2316,64.62,46,118119261
2026-09-24,2317,69.52,1447,9788591251
2026-09-24,2318,27.009999999999998,15,28653997
2026-09-24,2321,71.42999999999999,3,11825835
2026-09-24,2323,46.3,210,504649691
2026-09-24,2324,63.22,625,2786992097
2026-09-24,2326,12.7,6,5135035
2026-09-24,2327,67.8,356,1396136184
2026-09-24,2328,41.81,62,216815065
2026-09-24,2329,50.57,65,333322897
2026-09-24,2330,87.53,2633,22704712633
2026-09-24,2331,59.05,68,329262177
2026-09-24,2332,34.14,106,205759120
2026-09-24,2333,29.049999999999997,56,80739540
2026-09-24,2335,35.58,13,17614719
2026-09-24,2337,40.42,303,803193681
2026-09-24,2338,44.949999999999996,49,164992380
2026-09-24,2340,38.61,60,169428999
2026-09-24,2341,86.94,1,5957641
2026-09-24,2342,40.22,18,63308315
2026-09-24,2344,67.75999999999999,542,3199504339
2026-09-24,2345,70.31,219,394629905
2026-09-24,2347,88.83,258,1481978758
2026-09-24,2348,69.75,31,111275396
2026-09-24,2348A,65.45,6,19637000
2026-09-24,2349,28.64,123,198822647
2026-09-24,2351,77.53,75,152227463
2026-09-24,2352,48.42,204,765476045
2026-09-24,2353,38.2,373,1164853577
2026-09-24,2354,49.81,132,704821691
2026-09-24,2355,41.28,99,164152183
2026-09-24,2356,73.71000000000001,392,2645095949
2026-09-24,2357,74.61999999999999,216,554424863
2026-09-24,2358,28.009999999999998,17,38277065
2026-09-24,2359,46.22,36,79292358
2026-09-24,2360,70.1,190,298155236
2026-09-24,2361,52.97,6,24656320
2026-09-24,2362,81.25,116,505735389
2026-09-24,2363,35.58,62,183352674
2026-09-24,2364,56.99,12,29865870
2026-09-24,2364A,0.0,0,0
2026-09-24,2365,24.11,28,53456837
2026-09-24,2367,28.97,88,204727487
2026-09-24,2368,77.22,130,409862815
2026-09-24,2369,29.779999999999998,53,113250909
2026-09-24,2371,48.73,289,1048511811
2026-09-24,2373,87.3,27,206257866
2026-09-24,2374,25.310000000000002,39,85624372
2026-09-24,2375,24.13,19,26248673
2026-09-24,2376,73.68,160,493679625
2026-09-24,2377,68.55,194,579236787
2026-09-24,2378,33.79,25,47689412
2026-09-24,2379,74.1,205,382157232
2026-09-24,2380,35.88,8,21534529
2026-09-24,2381,0.0,0,0
2026-09-24,2382,85.22999999999999,515,3501635915
2026-09-24,2383,68.23,137,244519990
2026-09-24,2384,28.02,329,574197936
2026-09-24,2385,73.84,167,565504785
2026-09-24,2387,58.440000000000005,30,114127935
2026-09-24,2388,71.03,68,395351904
2026-09-24,2390,38.989999999999995,25,75122019
2026-09-24,2392,50.339999999999996,65,258038799
2026-09-24,2393,66.83,124,296445269
2026-09-24,2395,85.11,211,739964346
2026-09-24,2396,45.53,238,581442081
2026-09-24,2397,68.78999999999999,16,78766871
2026-09-24,2398,36.589999999999996,46,151160204
2026-09-24,2399,33.09,39,58964884
2026-09-24,2401,41.39,96,245144703
2026-09-24,2402,38.01,50,116982797
2026-09-24,2404,55.519999999999996,74,105846635
2026-09-24,2405,24.39,45,83838765
2026-09-24,2406,23.61,57,82926112
2026-09-24,2407,37.9,178,278625012
2026-09-24,2408,83.82,328,2892658705
2026-09-24,2409,56.040000000000006,897,4231249782
2026-09-24,2410,36.35,51,58208519
2026-09-24,2412,79.72,522,6186369904
2026-09-24,2413,55.95,24,71282566
2026-09-24,2414,59.61,44,96451191
2026-09-24,2415,64.14,21,57738670
2026-09-24,2417,42.160000000000004,20,66307894
2026-09-24,2418,47.82,137,489460201
2026-09-24,2419,64.86,14,208472337
2026-09-24,2420,48.64,37,74276564
2026-09-24,2421,64.11,100,184015772
2026-09-24,2423,76.22999999999999,34,110584026
2026-09-24,2424,80.85000000000001,6,48185079
2026-09-24,2425,47.620000000000005,21,45971468
2026-09-24,2426,46.559999999999995,62,140033947
2026-09-24,2427,53.96,15,106873106
2026-09-24,2428,59.72,29,76522463
2026-09-24,2429,48.39,14,41386193
2026-09-24,2430,63.44,24,74136937
2026-09-24,2431,42.04,15,46655201
2026-09-24,2432,77.56,9,47988363
2026-09-24,2433,79.0,18,114157397
2026-09-24,2434,78.17999999999999,3,28928763
2026-09-24,2435,32.68,10,24422660
2026-09-24,2436,26.340000000000003,46,58247986
2026-09-24,2438,58.44,21,41618953
2026-09-24,2439,29.9,52,74394111
2026-09-24,2440,70.27999999999999,26,97794381
2026-09-24,2441,69.85,90,397480548
2026-09-24,2442,54.51,51,177360541
2026-09-24,2443,55.25,45,83395287
2026-09-24,2444,31.310000000000002,22,33386488
2026-09-24,2445,15.7,7,7571407
2026-09-24,2449,64.9,289,833450839
2026-09-24,2450,76.82,17,198444831
2026-09-24,2451,70.83,60,305596575
2026-09-24,2453,48.16,15,48173657
2026-09-24,2454,74.13,502,1189382144
2026-09-24,2455,54.27,79,102452740
2026-09-24,2457,29.28,52,124403491
2026-09-24,2458,56.989999999999995,81,173235102
2026-09-24,2459,52.900000000000006,32,55880266
2026-09-24,2460,58.510000000000005,21,99017241
2026-09-24,2461,45.39,55,86411006
2026-09-24,2462,56.17,36,84723680
2026-09-24,2464,47.91,54,104897843
2026-09-24,2465,41.15,18,38681135
2026-09-24,2466,87.22,50,151311901
2026-09-24,2467,69.22999999999999,58,112062338
2026-09-24,2468,50.660000000000004,3,35449563
2026-09-24,2471,24.72,16,11689099
2026-09-24,2472,56.27,46,92723353
2026-09-24,2474,72.66,86,391642841
2026-09-24,2475,71.16999999999999,1102,4613062320
2026-09-24,2476,68.07000000000001,61,149926613
2026-09-24,2477,73.89999999999999,41,117219418
2026-09-24,2478,57.81,51,83699975
2026-09-24,2479,32.51,6,12275799
2026-09-24,2480,31.84,35,33889306
2026-09-24,2481,58.14,82,222223586
2026-09-24,2482,41.010000000000005,14,31956294
2026-09-24,2483,63.92,29,68982084
2026-09-24,2484,25.73,36,41041075
2026-09-24,2485,23.73,38,75421439
2026-09-24,2486,35.91,50,86493470
2026-09-24,2488,52.72,24,42189150
2026-09-24,2489,29.97,76,182874473
2026-09-24,2490,21.55,30,35142838
2026-09-24,2491,73.61,23,60374175
2026-09-24,2492,63.099999999999994,67,306314036
2026-09-24,2493,50.33,35,63846472
2026-09-24,2494,81.48,10,33814016
2026-09-24,2495,50.97,45,139465654
2026-09-24,2496,49.56,9,9469641
2026-09-24,2497,65.46,33,85703648
2026-09-24,2498,38.99,139,326351003
2026-09-24,2499,44.19,81,203859774
2026-09-24,2501,76.92,159,892109156
2026-09-24,2504,75.17999999999999,204,887418493
2026-09-24,2505,79.75999999999999,69,303196909
2026-09-24,2506,76.9,75,297709963
2026-09-24,2509,69.83,45,156828312
2026-09-24,2511,80.77,296,1311476366
2026-09-24,2512,34.23,96,167810464
2026-09-24,2514,88.06,49,347731603
2026-09-24,2515,60.730000000000004,347,1025613788
2026-09-24,2516,73.3,63,165893999
2026-09-24,2520,75.25999999999999,99,458830323
2026-09-24,2521,35.27,57,112766509
2026-09-24,2523,44.8,58,102026835
2026-09-24,2524,93.23,37,341279332
2026-09-24,2525,31.82,172,207098443
2026-09-24,2527,81.45,36,220217829
2026-09-24,2528,84.30000000000001,88,369151299
2026-09-24,2530,85.84,139,722321688
2026-09-24,2533,38.41,37,58645547
2026-09-24,2534,72.82000000000001,110,345412592
2026-09-24,2535,60.89,64,164915762
2026-09-24,2536,78.16,79,260150405
2026-09-24,2537,61.48,75,184832919
2026-09-24,2538,73.76,131,328286746
2026-09-24,2539,87.34,142,1271650822
2026-09-24,2540,91.25,83,862454348
2026-09-24,2542,64.47,225,1388517162
2026-09-24,2543,71.26,73,376812394
2026-09-24,2545,76.86,44,291937616
2026-09-24,2546,63.269999999999996,23,92513544
2026-09-24,2547,70.67,190,731734029
2026-09-24,2548,49.809999999999995,102,167274688
2026-09-24,2553,18.95,13,15485835
2026-09-24,2566,0.0,0,0
2026-09-24,2569,83.38000000000001,2,9634000
2026-09-24,2572,83.39,2,3028800
2026-09-24,2591,0.0,0,0
2026-09-24,2592,90.42999999999999,4,9490283
2026-09-24,2596,72.18,29,72206736
2026-09-24,2597,81.33999999999999,41,252785098
2026-09-24,2599,66.13,41,65171850
2026-09-24,2601,31.57,111,260563080
2026-09-24,2603,75.57,379,1636562312
2026-09-24,2605,55.56999999999999,115,325342851
2026-09-24,2606,78.77,118,665794337
2026-09-24,2607,78.17999999999999,90,417238946
2026-09-24,2608,76.53,70,357506863
2026-09-24,2609,63.51,329,2218584275
2026-09-24,2610,73.08999999999999,541,4493102033
2026-09-24,2611,48.15,25,91050736
2026-09-24,2612,76.73,17,151555290
2026-09-24,2613,56.12,28,83318314
2026-09-24,2614,46.4,46,151935404
2026-09-24,2615,89.56,307,2513650125
2026-09-24,2616,45.04,18,61837588
2026-09-24,2617,65.63,67,273925757
2026-09-24,2618,82.95,671,4480408382
2026-09-24,2622,0.0,0,0
2026-09-24,2626,0.0,0,0
2026-09-24,2630,63.72,11,133505542
2026-09-24,2633,86.89,291,4891127569
2026-09-24,2634,48.65,71,458393171
2026-09-24,2636,44.63,34,63320900
2026-09-24,2637,84.05,152,627475950
2026-09-24,2639,99.01,2,99010131
2026-09-24,2640,73.62,25,43645970
2026-09-24,2641,28.480000000000004,47,94100268
2026-09-24,2642,60.38,7,57645500
2026-09-24,2643,63.97,9,22389688
2026-09-24,2644,80.05,34,66413618
2026-09-24,2645,80.95,31,303252007
2026-09-24,2646,65.29,137,1964921465
2026-09-24,2701,86.36,36,388687672
2026-09-24,2702,73.71,18,115468122
2026-09-24,2704,88.83,71,325969719
2026-09-24,2705,66.7,42,127632878
2026-09-24,2706,85.49,59,427551175
2026-09-24,2707,60.92999999999999,17,77654623
2026-09-24,2712,90.78999999999999,19,95351117
2026-09-24,2714,0.0,0,0
2026-09-24,2717,0.0,0,0
2026-09-24,2718,88.24,16,77285628
2026-09-24,2719,90.67,4,62976831
2026-09-24,2720,61.03,27,48836674
2026-09-24,2722,87.45,31,125241122
2026-09-24,2723,69.92,41,125883065
2026-09-24,2724,84.84,10,50618204
2026-09-24,2726,65.03999999999999,16,24520480
2026-09-24,2727,39.49,36,32775465
2026-09-24,2729,68.1,13,29315235
2026-09-24,2730,86.67,2,32256232
2026-09-24,2731,43.83,23,40896788
2026-09-24,2732,59.22,19,27553217
2026-09-24,2733,77.51,8,19069035
2026-09-24,2734,38.99,13,22335916
2026-09-24,2735,0.0,0,0
2026-09-24,2736,55.949999999999996,17,44763944
2026-09-24,2738,97.88,6,65966434
2026-09-24,2739,73.83,20,67580606
2026-09-24,2740,72.53,2,12157812
2026-09-24,2741,64.85,8,14654937
2026-09-24,2743,52.86,8,24755224
2026-09-24,2745,51.28,5,17338634
2026-09-24,2748,61.46,6,65024826
2026-09-24,2749,75.15,16,15633907
2026-09-24,2750,98.53,18,59126313
2026-09-24,2751,60.31,1,11970487
2026-09-24,2752,63.580000000000005,16,16976267
2026-09-24,2753,54.980000000000004,19,36649349
2026-09-24,2754,73.13000000000001,6,34311600
2026-09-24,2755,66.21,16,31299562
2026-09-24,2756,71.12,13,17497694
2026-09-24,2758,73.57000000000001,13,15074853
2026-09-24,2759,100.0,1,16200000
2026-09-24,2760,89.19,6,11595872
2026-09-24,2761,57.629999999999995,9,9996315
2026-09-24,2762,85.45,21,96163838
2026-09-24,2801,77.71,1278,9373907210
2026-09-24,2807,0.0,0,0
2026-09-24,2811,34.55,66,101120861
2026-09-24,2812,59.32,851,3812678883
2026-09-24,2816,80.94999999999999,34,181054154
2026-09-24,2820,66.17,158,888820899
2026-09-24,2825,5.7,1,714440
2026-09-24,2827,36.75,31,47642379
2026-09-24,2831,62.1,167,740913429
2026-09-24,2832,69.47,54,176219119
2026-09-24,2834,60.57,1417,6300439631
2026-09-24,2836,85.55,176,1590253984
2026-09-24,2836A,39.07,8,15629000
2026-09-24,2838,90.5,269,4170848478
2026-09-24,2838A,68.75,42,137561144
2026-09-24,2841,57.39,179,551750346
2026-09-24,2845,75.80000000000001,599,3689007675
2026-09-24,2849,98.52000000000001,59,1929024370
2026-09-24,2850,67.95,92,214768700
2026-09-24,2851,71.46000000000001,121,572069890
2026-09-24,2852,66.53999999999999,107,200486880
2026-09-24,2855,77.88000000000001,239,1247301529
2026-09-24,2880,82.08,1129,11541068376
2026-09-24,2881,86.8,1025,12161190900
2026-09-24,2881A,90.57000000000001,69,543568597
2026-09-24,2881B,94.9,69,632781243
2026-09-24,2881C,84.94,52,283217065
2026-09-24,2882,85.9,1252,12605293202
2026-09-24,2882A,95.01,84,791896583
2026-09-24,2882B,96.01,60,672198437
2026-09-24,2883,69.23,1906,11755672408
2026-09-24,2883B,66.53999999999999,394,1052927890
2026-09-24,2884,74.45,2159,13198276132
2026-09-24,2885,83.08,1321,11520600056
2026-09-24,2886,83.42,829,12377316751
2026-09-24,2887,75.61,2961,18994673183
2026-09-24,2887E,85.72,59,428760947
2026-09-24,2887F,89.41000000000001,33,268276660
2026-09-24,2887G,47.89,24,35934825
2026-09-24,2887H,70.64,60,155216047
2026-09-24,2887I,73.91000000000001,579,2289119752
2026-09-24,2887Z1,90.45,27,271412761
2026-09-24,2889,72.03,354,2617831414
2026-09-24,2890,81.25,1600,12013733602
2026-09-24,2891,81.95,1885,16129641865
2026-09-24,2891B,95.9,38,319726074
2026-09-24,2891C,93.69,22,156169449
2026-09-24,2892,72.37,1693,10409673459
2026-09-24,2897,86.62,354,2430350014
2026-09-24,2897B,83.57000000000001,61,208946885
2026-09-24,2901,79.13,20,57812668
2026-09-24,2902,47.86,41,70159550
2026-09-24,2903,79.97,161,1133512157
2026-09-24,2904,54.27,9,42252619
2026-09-24,2905,84.36,129,936879961
2026-09-24,2906,65.12,35,136225283
2026-09-24,2908,92.33,54,470830942
2026-09-24,2910,96.61,40,169511406
2026-09-24,2911,45.989999999999995,20,48373981
2026-09-24,2912,83.89,144,872433333
2026-09-24,2913,57.26,143,452450094
2026-09-24,2915,69.85,190,771664177
2026-09-24,2916,58.93,18,38097300
2026-09-24,2920,35.79,1,4448825
2026-09-24,2923,99.54,16,1732563216
2026-09-24,2924,89.50999999999999,9,46585590
2026-09-24,2926,74.64,14,35374432
2026-09-24,2929,32.74,20,35870987
2026-09-24,2936,99.52,6,75695149
2026-09-24,2937,84.55,20,36819735
2026-09-24,2938,69.37,7,15847309
2026-09-24,2939,76.14,28,34689939
2026-09-24,2940,58.13,19,14646377
2026-09-24,2941,66.47,14,10233093
2026-09-24,2942,90.71000000000001,10,54436459
2026-09-24,2945,83.48,6,56352917
2026-09-24,2947,62.81,9,14853759
2026-09-24,2948,80.37,15,25725388
2026-09-24,2949,81.77000000000001,16,25059593
2026-09-24,3001,19.560000000000002,16,14888322
2026-09-24,3002,64.88,20,66187244
2026-09-24,3003,60.28,44,93848409
2026-09-24,3004,58.910000000000004,17,37962346
2026-09-24,3005,73.71000000000001,123,460646448
2026-09-24,3006,55.43000000000001,92,165326848
2026-09-24,3008,55.339999999999996,49,72413457
2026-09-24,3010,62.88,78,163157986
2026-09-24,3011,35.97,28,46627537
2026-09-24,3013,44.49,27,91315616
2026-09-24,3014,32.89,44,54617066
2026-09-24,3015,63.809999999999995,55,119514228
2026-09-24,3016,75.39,39,222724082
2026-09-24,3017,67.59,142,266700739
2026-09-24,3018,64.28,6,48461639
2026-09-24,3019,38.98,47,108877410
2026-09-24,3020,99.45,1,122032222
2026-09-24,3021,70.62,19,66885720
2026-09-24,3022,65.74,40,116153147
2026-09-24,3023,70.11,102,168371217
2026-09-24,3024,50.6,85,140296052
2026-09-24,3025,23.23,11,13192966
2026-09-24,3026,55.42,76,91969947
2026-09-24,3027,42.599999999999994,30,55049112
2026-09-24,3028,42.72,47,101396311
2026-09-24,3029,42.9,39,71672416
2026-09-24,3030,57.36,45,135560436
2026-09-24,3031,60.35,20,104541172
2026-09-24,3032,52.1,27,59049422
2026-09-24,3033,39.16,106,205493639
2026-09-24,3034,71.9,225,437586019
2026-09-24,3035,31.67,39,82565302
2026-09-24,3036,82.97,245,1117431428
2026-09-24,3037,78.74,407,1294607747
2026-09-24,3038,41.23,30,64932463
2026-09-24,3039,33.29,23,22098614
2026-09-24,3040,68.17999999999999,15,45159646
2026-09-24,3041,26.94,16,38307733
2026-09-24,3042,56.64,95,194378922
2026-09-24,3043,19.69,7,7678712
2026-09-24,3044,79.99000000000001,182,420523141
2026-09-24,3045,92.98,378,3464150537
2026-09-24,3046,54.54,13,42803917
2026-09-24,3047,20.17,29,45395737
2026-09-24,3048,48.04,43,129674481
2026-09-24,3049,46.32,64,371637698
2026-09-24,3050,52.07,34,80736057
2026-09-24,3051,34.22,29,57171786
2026-09-24,3052,58.269999999999996,67,135945651
2026-09-24,3053,54.35,6,4327069
2026-09-24,3054,88.38,14,71302748
2026-09-24,3055,66.08,31,75997825
2026-09-24,3056,34.1,76,163931106
2026-09-24,3057,34.49,8,23419950
2026-09-24,3058,21.9,32,44232630
2026-09-24,3059,23.799999999999997,46,73286543
2026-09-24,3060,20.14,29,27740642
2026-09-24,3062,24.21,61,79974016
2026-09-24,3064,63.47,3,8260290
2026-09-24,3065,83.62,33,153802497
2026-09-24,3066,73.57,17,61130006
2026-09-24,3067,71.33,4,14270812
2026-09-24,3069,35.56,1,1066900
2026-09-24,3070,51.25,5,3730230
2026-09-24,3071,58.54,12,64418874
2026-09-24,3072,0.0,0,0
2026-09-24,3073,57.730000000000004,20,22819803
2026-09-24,3075,70.68,4,5500440
2026-09-24,3076,53.02,1,1682000
2026-09-24,3077,0.0,0,0
2026-09-24,3078,37.04,52,84285812
2026-09-24,3079,32.06,12,15285327
2026-09-24,3081,45.269999999999996,38,46091324
2026-09-24,3082,0.0,0,0
2026-09-24,3083,56.61,9,48975480
2026-09-24,3084,0.0,0,0
2026-09-24,3085,89.64,4,61879589
2026-09-24,3086,85.5,26,233214626
2026-09-24,3087,97.95,1,50259277
2026-09-24,3088,48.81,29,55173165
2026-09-24,3090,61.480000000000004,53,176823921
2026-09-24,3091,0.0,0,0
2026-09-24,3092,38.0,23,40544244
2026-09-24,3093,76.17999999999999,16,110605144
2026-09-24,3094,29.340000000000003,17,24407165
2026-09-24,3095,54.410000000000004,4,7989342
2026-09-24,3096,50.209999999999994,7,11443476
2026-09-24,3097,86.83999999999999,15,65212833
2026-09-24,3098,0.0,0,0
2026-09-24,3099,37.620000000000005,68,84775251
2026-09-24,3105,55.69,93,236182809
2026-09-24,3114,52.92,20,34482463
2026-09-24,3115,86.25,10,62280095
2026-09-24,3116,83.52,1,2275000
2026-09-24,3117,56.120000000000005,8,12796218
2026-09-24,3118,37.790000000000006,14,12271385
2026-09-24,3122,26.59,10,10845364
2026-09-24,3126,44.15,14,21528231
2026-09-24,3128,31.270000000000003,10,14805170
2026-09-24,3130,55.419999999999995,10,18395618
2026-09-24,3131,50.129999999999995,14,15253591
2026-09-24,3133,63.269999999999996,14,17255800
2026-09-24,3135,48.51,19,49670282
2026-09-24,3137,0.0,0,0
2026-09-24,3138,26.17,11,14771258
2026-09-24,3141,27.66,26,20886483
2026-09-24,3142,51.28,71,104291431
2026-09-24,3146,0.0,0,0
2026-09-24,3147,54.79,13,23943598
2026-09-24,3149,26.130000000000003,56,74819448
2026-09-24,3150,53.98,11,23960492
2026-09-24,3151,36.97,2,1528267
2026-09-24,3152,43.76,15,17082894
2026-09-24,3158,36.09,11,11084645
2026-09-24,3159,28.6,2,1671007
2026-09-24,3161,95.15,17,31009696
2026-09-24,3162,60.92,28,94064161
2026-09-24,3163,27.07,23,25641935
2026-09-24,3164,55.29,35,47568948
2026-09-24,3166,96.38,2,22532045
2026-09-24,3167,52.89,32,48352951
2026-09-24,3168,75.47,20,56686647
2026-09-24,3169,36.54,12,23147352
2026-09-24,3171,76.93,5,25480112
2026-09-24,3176,37.33,32,52044836
2026-09-24,3177,75.32,2,3094000
2026-09-24,3178,64.37,10,29000683
2026-09-24,3179,30.35,4,2989448
2026-09-24,3184,55.91,18,35276021
2026-09-24,3185,0.0,0,0
2026-09-24,3186,77.49,2,23249678
2026-09-24,3188,75.64,43,143058872
2026-09-24,3189,73.94,106,389702661
2026-09-24,3190,74.69,5,10688525
2026-09-24,3191,54.39,9,23719902
2026-09-24,3192,0.0,0,0
2026-09-24,3193,0.0,0,0
2026-09-24,3194,73.1,9,10174489
2026-09-24,3196,0.0,0,0
2026-09-24,3202,24.59,20,31835838
2026-09-24,3205,66.33,8,44821002
2026-09-24,3206,55.199999999999996,22,32536791
2026-09-24,3207,37.56,21,24964071
2026-09-24,3208,46.49,1,1406128
2026-09-24,3209,42.43,61,99937898
2026-09-24,3211,49.44,41,76389429
2026-09-24,3212,0.0,0,0
2026-09-24,3213,28.119999999999997,15,16508120
2026-09-24,3216,0.0,0,0
2026-09-24,3217,41.9,22,37762959
2026-09-24,3218,55.53,18,47065361
2026-09-24,3219,82.66,12,59350028
2026-09-24,3221,26.04,33,27357002
2026-09-24,3222,0.0,0,0
2026-09-24,3223,0.0,0,0
2026-09-24,3224,71.94,28,56250417
2026-09-24,3226,87.66000000000001,25,56493361
2026-09-24,3227,39.08,50,59397340
2026-09-24,3228,24.29,14,17484357
2026-09-24,3229,68.21,3,43843254
2026-09-24,3230,53.75,20,46240154
2026-09-24,3231,69.47,569,2383822699
2026-09-24,3232,58.39,21,27199845
2026-09-24,3233,0.0,0,0
2026-09-24,3234,35.21,30,44555627
2026-09-24,3236,30.049999999999997,16,31576670
2026-09-24,3237,0.0,0,0
2026-09-24,3239,94.47,1,538136
2026-09-24,3240,99.94,1,33475122
2026-09-24,3252,79.17,24,39754024
2026-09-24,3257,43.72,11,34921972
2026-09-24,3258,10.19,23,27933887
2026-09-24,3259,70.99,26,51818607
2026-09-24,3260,34.24,64,114580581
2026-09-24,3264,72.27,130,354371041
2026-09-24,3265,68.77000000000001,26,93724046
2026-09-24,3266,90.47,29,318791321
2026-09-24,3267,29.55,3,5043705
2026-09-24,3268,34.64,10,12031845
2026-09-24,3272,50.29,11,30775339
2026-09-24,3274,74.43,6,4214730
2026-09-24,3276,59.59,13,41556762
2026-09-24,3278,0.0,0,0
2026-09-24,3279,0.0,0,0
2026-09-24,3280,100.0,1,74160054
2026-09-24,3283,49.64,5,3304827
2026-09-24,3284,70.07,20,76123656
2026-09-24,3285,65.23,19,27884755
2026-09-24,3286,0.0,0,0
2026-09-24,3287,58.55,11,25755810
2026-09-24,3288,48.2,5,7898078
2026-09-24,3289,27.01,27,23449805
2026-09-24,3290,54.56,33,49235079
2026-09-24,3293,55.7,81,157043249
2026-09-24,3294,51.75,23,68354116
2026-09-24,3295,0.0,0,0
2026-09-24,3296,76.96,32,74456114
2026-09-24,3297,50.46,13,18198710
2026-09-24,3301,79.22999999999999,40,98518555
2026-09-24,3302,0.0,0,0
2026-09-24,3303,47.46,33,44675821
2026-09-24,3304,33.550000000000004,7,4721131
2026-09-24,3305,42.05,26,60504898
2026-09-24,3306,48.69,8,24647558
2026-09-24,3308,61.83,8,37103317
2026-09-24,3309,77.1,2,2323411
2026-09-24,3310,82.30000000000001,32,61702663
2026-09-24,3311,57.74,18,57756137
2026-09-24,3312,44.47,19,81249178
2026-09-24,3313,76.27,21,168684275
2026-09-24,3317,31.87,19,28689954
2026-09-24,3318,56.800000000000004,19,29689035
2026-09-24,3320,0.0,0,0
2026-09-24,3321,47.529999999999994,21,40947502
2026-09-24,3322,34.7,26,47762846
2026-09-24,3323,20.97,14,20897614
2026-09-24,3324,60.19,41,56375166
2026-09-24,3325,30.439999999999998,33,33558408
2026-09-24,3328,74.85,1,480000
2026-09-24,3330,0.0,0,0
2026-09-24,3332,87.0,15,41857566
2026-09-24,3333,0.0,0,0
2026-09-24,3334,91.53999999999999,5,22594007
2026-09-24,3338,30.65,17,26957082
2026-09-24,3339,26.57,17,17692312
2026-09-24,3342,53.129999999999995,17,21745768
2026-09-24,3343,44.66,10,26266841
2026-09-24,3344,32.65,2,895713
2026-09-24,3345,95.55000000000001,2,34688347
2026-09-24,3346,27.05,21,32825394
2026-09-24,3348,19.86,1,445000
2026-09-24,3349,49.89,26,23867709
2026-09-24,3350,14.05,6,3034003
2026-09-24,3353,0.0,0,0
2026-09-24,3354,71.7,6,50275383
2026-09-24,3355,0.0,0,0
2026-09-24,3356,34.5,14,23656249
2026-09-24,3357,57.36,44,68173888
2026-09-24,3360,22.59,11,17279436
2026-09-24,3361,81.55000000000001,18,40421444
2026-09-24,3362,58.75,43,86656155
2026-09-24,3363,37.12,28,42210983
2026-09-24,3364,0.0,0,0
2026-09-24,3366,0.0,0,0
2026-09-24,3369,56.22,3,16276204
2026-09-24,3370,0.0,0,0
2026-09-24,3371,78.3,1,3000000
2026-09-24,3372,53.809999999999995,26,126689592
2026-09-24,3373,26.369999999999997,4,12562958
2026-09-24,3374,67.77,41,183948977
2026-09-24,3376,39.769999999999996,58,77918675
2026-09-24,3377,64.25,12,12630570
2026-09-24,3379,28.51,6,10850540
2026-09-24,3380,65.64,38,355707653
2026-09-24,3381,0.0,0,0
2026-09-24,3383,48.480000000000004,18,36370192
2026-09-24,3386,100.0,1,23848573
2026-09-24,3388,37.93,17,32429304
2026-09-24,3390,31.21,19,24775079
2026-09-24,3391,66.0,27,45454699
2026-09-24,3394,0.0,0,0
2026-09-24,3397,0.0,0,0
2026-09-24,3401,0.0,0,0
2026-09-24,3402,30.72,11,22450951
2026-09-24,3404,0.0,0,0
2026-09-24,3406,60.93,54,68708765
2026-09-24,3408,0.0,0,0
2026-09-24,3412,84.95,1,6857152
2026-09-24,3413,46.79,25,52127882
2026-09-24,3414,0.0,0,0
2026-09-24,3416,56.66,16,45819781
2026-09-24,3419,31.27,25,37699852
2026-09-24,3430,33.52,6,11301901
2026-09-24,3431,51.349999999999994,8,28481311
2026-09-24,3432,66.5,13,28088200
2026-09-24,3434,47.1,14,16844976
2026-09-24,3437,25.4,22,36750073
2026-09-24,3438,45.120000000000005,2,21285212
2026-09-24,3441,25.54,12,10232802
2026-09-24,3443,64.79,41,86858721
2026-09-24,3444,49.35,17,22214277
2026-09-24,3447,59.480000000000004,14,46088487
2026-09-24,3450,43.24,50,63021608
2026-09-24,3455,31.729999999999997,25,18997573
2026-09-24,3462,100.0,1,36651000
2026-09-24,3463,100.0,1,71663873
2026-09-24,3465,68.03,13,28804807
2026-09-24,3466,45.81,23,35700860
2026-09-24,3467,62.379999999999995,11,19409248
2026-09-24,3469,63.92,14,14353127
2026-09-24,3471,45.040000000000006,3,2252587
2026-09-24,3472,58.36,25,44534214
2026-09-24,3473,76.03,7,17861480
2026-09-24,3475,0.0,0,0
2026-09-24,3479,39.82,17,29097780
2026-09-24,3481,37.07,1041,2963318563
2026-09-24,3482,44.4,4,2896283
2026-09-24,3483,21.810000000000002,24,21628385
2026-09-24,3484,32.37,20,25525371
2026-09-24,3485,51.37,18,19789418
2026-09-24,3489,81.58,10,73807586
2026-09-24,3490,24.77,13,13635176
2026-09-24,3491,36.519999999999996,26,25142937
2026-09-24,3492,47.22,5,16782721
2026-09-24,3494,61.82,12,58612471
2026-09-24,3496,79.91,9,17232520
2026-09-24,3497,33.29,2,1528032
2026-09-24,3498,55.35,17,33924653
2026-09-24,3499,44.34,13,24376640
2026-09-24,3501,47.370000000000005,21,56040232
2026-09-24,3502,34.17,5,3145003
2026-09-24,3504,66.13,20,75447140
2026-09-24,3505,87.89,1,4771663
2026-09-24,3506,19.83,3,1700890
2026-09-24,3507,87.08000000000001,12,27699014
2026-09-24,3508,47.75,30,52002539
2026-09-24,3511,53.61,6,42885081
2026-09-24,3512,71.88,29,81312754
2026-09-24,3513,97.03,9,9224063
2026-09-24,3515,69.14,21,85423943
2026-09-24,3516,77.96,19,46444688
2026-09-24,3517,13.89,1,698978
2026-09-24,3518,36.29,29,37201040
2026-09-24,3519,50.830000000000005,48,220654918
2026-09-24,3520,41.1,18,28312652
2026-09-24,3521,81.8,16,151993233
2026-09-24,3522,56.86,27,59209507
2026-09-24,3523,83.4,13,53601192
2026-09-24,3524,66.46000000000001,14,13714185
2026-09-24,3526,44.49,21,30060079
2026-09-24,3527,26.65,10,11855408
2026-09-24,3528,69.54,13,46353598
2026-09-24,3529,53.85,38,40235425
2026-09-24,3530,57.41,13,44483339
2026-09-24,3531,80.37,34,49181848
2026-09-24,3532,90.37,29,350584117
2026-09-24,3533,61.17999999999999,50,68877770
2026-09-24,3535,26.36,8,20851028
2026-09-24,3536,67.9,5,35375920
2026-09-24,3537,29.45,10,16570801
2026-09-24,3540,23.52,7,19870142
2026-09-24,3541,35.93,20,20259113
2026-09-24,3542,0.0,0,0
2026-09-24,3543,61.83,44,90459879
2026-09-24,3544,0.0,0,0
2026-09-24,3545,24.98,36,55591829
2026-09-24,3546,34.59,18,21230970
2026-09-24,3548,32.71,17,22337321
2026-09-24,3549,0.0,0,0
2026-09-24,3550,43.940000000000005,32,47282812
2026-09-24,3551,50.12,24,31223810
2026-09-24,3552,36.84,20,36093101
2026-09-24,3554,87.29,1,13842770
2026-09-24,3555,80.47999999999999,9,32197252
2026-09-24,3556,16.52,5,10533552
2026-09-24,3557,61.05,20,51494428
2026-09-24,3558,51.04,10,30150085
2026-09-24,3560,74.02,9,15107106
2026-09-24,3563,50.57,22,32357195
2026-09-24,3564,60.19,3,36129610
2026-09-24,3566,73.96,150,310432586
2026-09-24,3567,18.59,7,6321658
2026-09-24,3568,72.36,5,7281687
2026-09-24,3570,54.019999999999996,4,9239058
2026-09-24,3571,0.0,0,0
2026-09-24,3572,44.74,4,5290009
2026-09-24,3574,67.92,1,714009
2026-09-24,3576,39.59,196,644543305
2026-09-24,3577,67.22,25,43015441
2026-09-24,3579,74.14,3,7103266
2026-09-24,3580,15.24,8,6022664
2026-09-24,3581,59.14,15,30169483
2026-09-24,3583,59.650000000000006,26,50038394
2026-09-24,3584,25.46,29,35614756
2026-09-24,3585,39.660000000000004,13,44314167
2026-09-24,3586,51.29,2,1261000
2026-09-24,3587,31.349999999999998,15,22482363
2026-09-24,3588,27.459999999999997,12,17032297
2026-09-24,3591,52.43,34,68393927
2026-09-24,3592,36.79,21,27927154
2026-09-24,3593,64.24,18,39088381
2026-09-24,3594,53.489999999999995,26,51339950
2026-09-24,3595,30.72,7,12505644
2026-09-24,3596,69.3,65,152732308
2026-09-24,3597,64.46,11,25297392
2026-09-24,3601,52.62,9,18366115
2026-09-24,3603,71.13,10,17676115
2026-09-24,3604,0.0,0,0
2026-09-24,3605,69.66,57,123254832
2026-09-24,3606,77.4,11,13043205
2026-09-24,3607,32.25,34,39265143
2026-09-24,3609,52.6,17,20213236
2026-09-24,3610,78.86999999999999,3,32338873
2026-09-24,3611,58.29,13,27725774
2026-09-24,3613,66.67,28,42304084
2026-09-24,3615,31.409999999999997,12,21519662
2026-09-24,3616,42.66,36,40397168
2026-09-24,3617,66.32,38,62866630
2026-09-24,3619,27.79,3,2119800
2026-09-24,3622,58.58,18,88689518
2026-09-24,3623,53.6,4,15645849
2026-09-24,3624,57.26,21,67197862
2026-09-24,3625,48.7,32,55667622
2026-09-24,3627,56.06,9,17376090
2026-09-24,3628,59.150000000000006,5,26624242
2026-09-24,3629,86.89,5,28637406
2026-09-24,3630,54.160000000000004,15,110628208
2026-09-24,3631,80.25,15,65667114
2026-09-24,3632,17.2,5,7038928
2026-09-24,3633,60.69,13,20656181
2026-09-24,3634,82.97,13,41166411
2026-09-24,3635,0.0,0,0
2026-09-24,3636,87.18,1,5231007
2026-09-24,3637,77.46,6,23047225
2026-09-24,3642,63.39,18,29086139
2026-09-24,3643,97.95,1,46958218
2026-09-24,3644,76.25,31,63523869
2026-09-24,3645,37.59,38,51420512
2026-09-24,3646,48.81,21,19194432
2026-09-24,3647,0.0,0,0
2026-09-24,3649,36.51,6,3952494
2026-09-24,3651,95.9,12,66729578
2026-09-24,3652,72.28999999999999,13,54291782
2026-09-24,3653,70.61,42,103659779
2026-09-24,3656,77.46,6,45127606
2026-09-24,3657,97.29,2,4743125
2026-09-24,3659,86.52,16,47399055
2026-09-24,3661,35.31,42,30513616
2026-09-24,3662,53.41,26,98023792
2026-09-24,3663,64.96,11,70506124
2026-09-24,3664,68.46,7,52001484
2026-09-24,3665,62.53,87,124849106
2026-09-24,3666,83.34,16,115826635
2026-09-24,3669,58.58,9,54452986
2026-09-24,3671,87.86,7,12742653
2026-09-24,3672,55.919999999999995,20,22818063
2026-09-24,3673,41.71,69,169689269
2026-09-24,3674,71.06,7,12660570
2026-09-24,3675,58.48,6,31036899
2026-09-24,3678,52.550000000000004,13,13890100
2026-09-24,3679,65.87,25,41522558
2026-09-24,3680,57.58,42,55660122
2026-09-24,3681,95.08,6,112878521
2026-09-24,3683,100.0,1,63777668
2026-09-24,3684,62.43,10,18929357
2026-09-24,3685,62.21,32,49523152
2026-09-24,3686,21.85,14,16724775
2026-09-24,3687,37.330000000000005,6,11248861
2026-09-24,3689,26.409999999999997,24,23666789
2026-09-24,3690,89.17,6,53832220
2026-09-24,3691,59.71,16,54872430
2026-09-24,3693,52.81,14,22716110
2026-09-24,3694,57.97,18,89799652
2026-09-24,3701,72.82,21,172367770
2026-09-24,3702,83.11,347,1455817910
2026-09-24,3703,72.4,106,596206635
2026-09-24,3704,64.85,84,269523758
2026-09-24,3705,69.52000000000001,70,185267342
2026-09-24,3706,55.34,131,734790934
2026-09-24,3707,45.3,46,181801366
2026-09-24,3708,49.07,24,46001728
2026-09-24,3709,71.93,19,104732966
2026-09-24,3710,26.0,41,46090616
2026-09-24,3711,86.98,799,3904501244
2026-09-24,3712,58.0,28,142857217
2026-09-24,3713,56.59,31,49868810
2026-09-24,3714,43.75,122,322950010
2026-09-24,3715,29.64,62,84081703
2026-09-24,3716,52.82,34,79575621
2026-09-24,3717,39.67,57,86280310
2026-09-24,3718,41.78,61,163420186
2026-09-24,4102,46.47,12,19696067
2026-09-24,4104,45.27,24,85316885
2026-09-24,4105,48.230000000000004,68,119994837
2026-09-24,4106,51.02,17,51507805
2026-09-24,4107,61.71,24,42783030
2026-09-24,4108,28.84,26,57332965
2026-09-24,4109,43.870000000000005,29,52097811
2026-09-24,4111,42.72,23,25569627
2026-09-24,4113,74.29,74,171742204
2026-09-24,4114,44.28,117,243841463
2026-09-24,4115,75.96,16,45586623
2026-09-24,4116,54.95,3,24491956
2026-09-24,4117,54.94,25,38920543
2026-09-24,4118O,90.11,1,27027389
2026-09-24,4119,47.67,14,56985761
2026-09-24,4120,71.56,21,62087219
2026-09-24,4121,49.629999999999995,19,41256961
2026-09-24,4123,59.38,177,482204661
2026-09-24,4125,0.0,0,0
2026-09-24,4126,63.099999999999994,24,45818407
2026-09-24,4127,71.74,14,32833886
2026-09-24,4128,43.559999999999995,67,256306650
2026-09-24,4129,60.120000000000005,33,57995855
2026-09-24,4131,77.3,6,30835168
2026-09-24,4132,46.629999999999995,49,87673505
2026-09-24,4133,23.57,11,14281015
2026-09-24,4135,65.43,14,17321840
2026-09-24,4136,99.30000000000001,4,35896711
2026-09-24,4137,51.24,14,42295969
2026-09-24,4138,51.42,4,20535026
2026-09-24,4139,68.6,22,30888336
2026-09-24,4140,0.0,0,0
2026-09-24,4142,40.440000000000005,85,173785290
2026-09-24,4147,52.36,66,143093883
2026-09-24,4148,79.17,11,53237395
2026-09-24,4150,48.540000000000006,51,71483728
2026-09-24,4151,78.35000000000001,13,39203441
2026-09-24,4153,76.68,15,44998790
2026-09-24,4154,76.61,15,29414403
2026-09-24,4155,43.150000000000006,37,60305735
2026-09-24,4156,71.88,14,40644509
2026-09-24,4157,59.36,117,422654842
2026-09-24,4160,29.63,3,7910422
2026-09-24,4161,44.56999999999999,24,26662589
2026-09-24,4162,45.400000000000006,23,65260601
2026-09-24,4163,70.07000000000001,22,35519802
2026-09-24,4164,50.75,53,99342236
2026-09-24,4166,83.03,27,201840537
2026-09-24,4167,42.330000000000005,84,140403709
2026-09-24,4168,27.439999999999998,25,30901912
2026-09-24,4169,54.239999999999995,22,36039757
2026-09-24,4170,58.5,15,25616230
2026-09-24,4171,32.71,10,19002085
2026-09-24,4172,38.68,24,46278369
2026-09-24,4173,43.05,4,32109191
2026-09-24,4174,42.46,30,55880418
2026-09-24,4175,56.05,7,23724193
2026-09-24,4177,59.03,17,37091328
2026-09-24,4178,77.78,45,167975515
2026-09-24,4181,0.0,0,0
2026-09-24,4183,62.79,13,14948620
2026-09-24,4184,92.03,1,36063788
2026-09-24,4186,45.82,36,41250069
2026-09-24,4188,54.19,11,34329223
2026-09-24,4190,66.67,12,40856431
2026-09-24,4191,63.05,31,63164763
2026-09-24,4192,68.36,3,24042456
2026-09-24,4193,49.26,25,33320777
2026-09-24,4194,76.72,24,112001410
2026-09-24,4195,38.89,24,31131067
2026-09-24,4197,65.48,21,19765273
2026-09-24,4198,82.26,4,19832996
2026-09-24,4205,66.37,33,64841693
2026-09-24,4207,73.23,52,145419527
2026-09-24,4303,20.130000000000003,15,26690441
2026-09-24,4304,80.97,14,49432481
2026-09-24,4305,84.73,26,46626250
2026-09-24,4306,57.839999999999996,115,391606234
2026-09-24,4401,62.4,50,76587020
2026-09-24,4402,66.03999999999999,14,44916852
2026-09-24,4404,35.81,25,40227715
2026-09-24,4406,77.73,20,40359723
2026-09-24,4408,35.78,14,24207579
2026-09-24,4413,69.31,15,21709290
2026-09-24,4414,64.1,46,169127875
2026-09-24,4415,85.04,11,37065628
2026-09-24,4416,65.85,36,48463677
2026-09-24,4417,46.010000000000005,19,38665060
2026-09-24,4419,96.83,7,163832251
2026-09-24,4420,59.04,8,23890779
2026-09-24,4424,66.59,16,39856000
2026-09-24,4426,61.660000000000004,32,106512223
2026-09-24,4427,87.52,55,186041149
2026-09-24,4430,64.1,21,36074783
2026-09-24,4431,70.89,5,25907809
2026-09-24,4432,55.440000000000005,12,28048740
2026-09-24,4433,56.25,10,34491486
2026-09-24,4438,65.78,39,74626138
2026-09-24,4439,78.32000000000001,14,29938200
2026-09-24,4440,57.010000000000005,45,38553819
2026-09-24,4441,70.3,25,47939767
2026-09-24,4442,74.6,18,24716621
2026-09-24,4502,70.74000000000001,16,40117772
2026-09-24,4503,62.79,10,49192999
2026-09-24,4506,80.67999999999999,29,142828319
2026-09-24,4510,35.79,18,39032288
2026-09-24,4513,57.43,16,82591417
2026-09-24,4522,100.0,1,32106690
2026-09-24,4523,59.94,18,38950140
2026-09-24,4526,47.9,58,122098128
2026-09-24,4527,67.51,26,51420250
2026-09-24,4528,62.32,12,52464347
2026-09-24,4529,58.790000000000006,14,49717172
2026-09-24,4530,71.47,5,25595271
2026-09-24,4532,70.03,93,346688113
2026-09-24,4533,36.49,22,65158559
2026-09-24,4534,40.32,22,35016792
2026-09-24,4535,76.88,20,58192716
2026-09-24,4536,55.879999999999995,39,50765628
2026-09-24,4537,82.02,16,64679668
2026-09-24,4538,80.75,15,48030527
2026-09-24,4540,30.19,18,34802145
2026-09-24,4541,38.07,20,25764598
2026-09-24,4542,47.599999999999994,19,17040629
2026-09-24,4543,49.489999999999995,15,31069450
2026-09-24,4544,67.50999999999999,20,40706696
2026-09-24,4545,72.38000000000001,8,55746069
2026-09-24,4546,70.58,15,23846148
2026-09-24,4547,84.76,7,19792403
2026-09-24,4548,100.0,1,37500000
2026-09-24,4549,62.53,14,35648281
2026-09-24,4550,56.290000000000006,11,21303625
2026-09-24,4551,79.69,36,91844068
2026-09-24,4552,50.04,21,58059694
2026-09-24,4553,87.17,14,28787482
2026-09-24,4554,58.410000000000004,8,17687879
2026-09-24,4555,70.51,14,49361859
2026-09-24,4556,75.14,11,31791275
2026-09-24,4557,43.129999999999995,22,20699557
2026-09-24,4558,72.82000000000001,32,36419719
2026-09-24,4559,87.86,17,52725335
2026-09-24,4560,86.07,11,58627000
2026-09-24,4561,58.36,12,34162988
2026-09-24,4562,52.72,13,46166452
2026-09-24,4563,54.260000000000005,11,29825822
2026-09-24,4564,40.010000000000005,49,93184990
2026-09-24,4565,79.91,24,49340883
2026-09-24,4566,53.56,24,59144065
2026-09-24,4568,68.43,8,21931411
2026-09-24,4569,64.24,10,19664873
2026-09-24,4570,95.07,16,41835965
2026-09-24,4571,66.0,21,34996896
2026-09-24,4572,64.18,11,25684380
2026-09-24,4573,42.55,16,19446869
2026-09-24,4575,69.19,17,26757788
2026-09-24,4576,66.59,32,79790555
2026-09-24,4577,61.84,10,30397201
2026-09-24,4578,97.0,3,19693224
2026-09-24,4580,49.25,18,23057500
2026-09-24,4581,62.8,15,21293000
2026-09-24,4582,55.05,25,41572929
2026-09-24,4583,86.03,9,68983581
2026-09-24,4584,80.08,13,24028876
2026-09-24,4585,76.67999999999999,4,81128800
2026-09-24,4587,88.23,5,29117368
2026-09-24,4588,50.269999999999996,15,21620050
2026-09-24,4589,70.52000000000001,11,18366305
2026-09-24,4590,50.2,21,27539500
2026-09-24,4609,76.27,24,36578713
2026-09-24,4702,51.02,9,36908292
2026-09-24,4703,26.220000000000002,7,17255387
2026-09-24,4706,82.94,15,65570108
2026-09-24,4707,70.75999999999999,59,285802019
2026-09-24,4711,60.0,10,36642749
2026-09-24,4712,45.989999999999995,2,8473387
2026-09-24,4714,29.82,36,66175324
2026-09-24,4716,33.61,25,31752945
2026-09-24,4717,0.0,0,0
2026-09-24,4720,38.199999999999996,24,43767265
2026-09-24,4721,33.660000000000004,15,25244575
2026-09-24,4722,58.83,45,61339398
2026-09-24,4724,59.5,28,57129213
2026-09-24,4726,58.03,41,120184553
2026-09-24,4727,18.79,3,1368299
2026-09-24,4728,84.36,36,45959326
2026-09-24,4729,49.94,11,39583530
2026-09-24,4730,69.86,13,19471244
2026-09-24,4732,67.1,30,33324376
2026-09-24,4734,14.950000000000001,2,1532051
2026-09-24,4735,53.37,15,22189360
2026-09-24,4736,51.24,18,48894092
2026-09-24,4737,63.29,27,49015389
2026-09-24,4738,58.72,7,45579019
2026-09-24,4739,38.61,25,48166175
2026-09-24,4741,49.39,11,17199425
2026-09-24,4743,45.63,73,219351227
2026-09-24,4744,51.83,25,29529926
2026-09-24,4745,62.53,25,41425054
2026-09-24,4746,41.53,38,49962679
2026-09-24,4747,75.78,38,68917756
2026-09-24,4749,32.75,23,31043821
2026-09-24,4752,89.77,6,75611332
2026-09-24,4754,36.69,6,11112211
2026-09-24,4755,68.69,15,69188996
2026-09-24,4758,92.15,6,26924543
2026-09-24,4760,36.4,7,11702621
2026-09-24,4762,99.67,8,20653185
2026-09-24,4763,60.14,112,595081205
2026-09-24,4764,73.36999999999999,28,67183987
2026-09-24,4765,55.31,16,17776860
2026-09-24,4766,69.8,27,84182444
2026-09-24,4767,62.76,11,19718146
2026-09-24,4768,34.14,16,16228531
2026-09-24,4769,100.0,1,691793400
2026-09-24,4770,67.9,29,54316570
2026-09-24,4771,59.34,23,34896272
2026-09-24,4772,48.84,25,72158195
2026-09-24,4773,94.99000000000001,14,69091469
2026-09-24,4801,98.69999999999999,2,46593772
2026-09-24,4802,87.92,2,16578506
2026-09-24,4803,57.43,8,33935500
2026-09-24,4804,62.0,11,44648000
2026-09-24,4805,0.0,0,0
2026-09-24,4806,89.14999999999999,10,89117520
2026-09-24,4807,68.24,16,33441280
2026-09-24,4903,42.900000000000006,14,45216670
2026-09-24,4904,93.58,383,3376683774
2026-09-24,4905,81.71000000000001,18,23916292
2026-09-24,4906,27.5,91,124334506
2026-09-24,4907,85.79,10,101389068
2026-09-24,4908,52.59,20,41148748
2026-09-24,4909,25.630000000000003,13,23947886
2026-09-24,4911,58.15,20,40030890
2026-09-24,4912,53.480000000000004,26,35819075
2026-09-24,4913,25.75,3,2490000
2026-09-24,4914,77.03999999999999,5,7704594
2026-09-24,4915,60.5,123,285564827
2026-09-24,4916,25.15,17,31225708
2026-09-24,4917,97.57000000000001,5,29276154
2026-09-24,4919,61.57,44,278631965
2026-09-24,4920,93.69,6,39149436
2026-09-24,4922,25.44,12,11446009
2026-09-24,4923,37.61,15,14308374
2026-09-24,4924,71.05,18,26412936
2026-09-24,4925,49.620000000000005,30,35267489
2026-09-24,4927,27.830000000000002,67,73782174
2026-09-24,4929,0.0,0,0
2026-09-24,4930,63.65,13,50938279
2026-09-24,4931,26.31,19,17299131
2026-09-24,4932,0.0,0,0
2026-09-24,4933,63.480000000000004,11,52504055
2026-09-24,4934,34.45,24,77564543
2026-09-24,4935,62.1,24,80049086
2026-09-24,4938,79.60000000000001,411,2130588246
2026-09-24,4939,36.28,21,35650958
2026-09-24,4942,62.309999999999995,39,88723260
2026-09-24,4943,64.2,26,81356476
2026-09-24,4946,42.58,1,3770299
2026-09-24,4949,52.91,28,35960948
2026-09-24,4950,73.08,5,42205553
2026-09-24,4951,17.619999999999997,7,6022829
2026-09-24,4952,52.36,9,56994638
2026-09-24,4953,46.010000000000005,18,33667512
2026-09-24,4956,41.129999999999995,22,41319008
2026-09-24,4958,70.2,200,793116522
2026-09-24,4960,61.71,84,352870921
2026-09-24,4961,48.76,35,59159119
2026-09-24,4962,99.89,1,47602349
2026-09-24,4963,83.64,9,63121061
2026-09-24,4965,100.0,1,75500018
2026-09-24,4966,32.06,23,25331548
2026-09-24,4967,20.669999999999998,18,20397421
2026-09-24,4968,15.71,13,14517406
2026-09-24,4969,55.64,56,106296408
2026-09-24,4971,42.28,20,19955380
2026-09-24,4972,50.09,21,28508021
2026-09-24,4973,22.78,13,14880052
2026-09-24,4974,42.19,7,30594880
2026-09-24,4975,96.31,11,314557159
2026-09-24,4976,30.04,16,42461573
2026-09-24,4977,16.16,11,13377609
2026-09-24,4978,82.32,1,4116027
2026-09-24,4979,45.730000000000004,54,65383349
2026-09-24,4980,58.12,14,26282457
2026-09-24,4985,100.0,1,60580302
2026-09-24,4989,17.07,21,29545875
2026-09-24,4990,53.41,32,54862442
2026-09-24,4991,47.019999999999996,31,57095864
2026-09-24,4992,82.09,38,172475062
2026-09-24,4994,86.29,30,57299354
2026-09-24,4995,67.97,22,28956924
2026-09-24,4996,77.8,37,77094274
2026-09-24,4997,42.96,8,6302836
2026-09-24,4999,41.3,25,30748670
2026-09-24,5006,10.7,8,10374466
2026-09-24,5007,87.54,43,258266967
2026-09-24,5009,49.11,106,295964452
2026-09-24,5011,48.33,31,48673028
2026-09-24,5013,87.41,44,116664628
2026-09-24,5014,37.730000000000004,50,69203089
2026-09-24,5015,52.09,19,31599822
2026-09-24,5016,65.96,15,32740286
2026-09-24,5017,0.0,0,0
2026-09-24,5201,56.6,18,21898377
2026-09-24,5202,52.84,12,47099505
2026-09-24,5203,43.14,17,33372820
2026-09-24,5204,18.86,1,1183712
2026-09-24,5205,75.7,2,10750861
2026-09-24,5206,85.11,34,171180011
2026-09-24,5207,38.599999999999994,8,6114024
2026-09-24,5209,52.53,4,15990325
2026-09-24,5210,48.84,20,40145771
2026-09-24,5211,47.96,12,15361386
2026-09-24,5212,78.4,15,27156949
2026-09-24,5213,86.94,82,662795420
2026-09-24,5215,53.370000000000005,22,34345960
2026-09-24,5216,82.4,11,14709629
2026-09-24,5220,44.71,20,17739965
2026-09-24,5221,11.31,1,630000
2026-09-24,5222,32.88,27,32946232
2026-09-24,5223,62.22,12,27728271
2026-09-24,5225,44.49,11,35223575
2026-09-24,5226,52.74,11,12293000
2026-09-24,5227,27.0,22,25931207
2026-09-24,5228,55.39,13,21084987
2026-09-24,5229,96.50999999999999,13,54236666
2026-09-24,5230,26.84,19,15118322
2026-09-24,5232,99.99,2,20499946
2026-09-24,5233,85.35000000000001,23,236705459
2026-09-24,5234,65.09,20,66872662
2026-09-24,5236,62.46,6,37488976
2026-09-24,5238,83.48,15,56186971
2026-09-24,5239,30.080000000000002,8,7434218
2026-09-24,5240,55.519999999999996,17,14761072
2026-09-24,5242,72.33,45,90368150
2026-09-24,5243,56.370000000000005,29,95049455
2026-09-24,5244,48.39,33,33031925
2026-09-24,5245,57.980000000000004,19,26736994
2026-09-24,5246,33.54,12,15093282
2026-09-24,5247,75.94,12,56961429
2026-09-24,5248,59.24,5,14515635
2026-09-24,5250,97.08,1,37966770
2026-09-24,5251,33.49,4,11304878
2026-09-24,5253,81.05000000000001,20,33193693
2026-09-24,5254,75.64999999999999,8,17104474
2026-09-24,5256,69.00999999999999,24,49433143
2026-09-24,5257,79.63999999999999,27,105734970
2026-09-24,5258,50.57,36,55840644
2026-09-24,5259,82.07000000000001,8,35761564
2026-09-24,5262,55.989999999999995,25,29515964
2026-09-24,5263,55.03,34,43461732
2026-09-24,5265,0.0,0,0
2026-09-24,5267,62.14,13,15723437
2026-09-24,5269,60.74,13,45060014
2026-09-24,5271,27.32,10,11627343
2026-09-24,5272,23.9,15,13217707
2026-09-24,5274,34.660000000000004,14,14420284
2026-09-24,5275,30.86,6,3169146
2026-09-24,5276,88.33000000000001,6,34896000
2026-09-24,5278,82.92,70,248811205
2026-09-24,5279,94.52,3,29306693
2026-09-24,5282,85.81,10,21463358
2026-09-24,5283,60.989999999999995,23,53441333
2026-09-24,5284,55.39,13,30557613
2026-09-24,5285,63.69,35,65012803
2026-09-24,5286,79.97,6,11795138
2026-09-24,5287,57.77,22,34855310
2026-09-24,5288,69.5,16,48455474
2026-09-24,5289,29.37,25,28346326
2026-09-24,5291,44.72,23,18743788
2026-09-24,5292,57.529999999999994,19,26654105
2026-09-24,5294,0.0,0,0
2026-09-24,5295,85.65,15,24968239
2026-09-24,5296,36.07,7,7760467
2026-09-24,5297,18.65,9,7026305
2026-09-24,5299,51.809999999999995,11,26549015
2026-09-24,5301,80.22,10,52865869
2026-09-24,5302,50.73,20,81154202
2026-09-24,5304,88.1,23,288111199
2026-09-24,5306,69.89999999999999,23,88091181
2026-09-24,5307,41.190000000000005,93,174333907
2026-09-24,5309,34.28,36,79526410
2026-09-24,5310,57.099999999999994,15,16529518
2026-09-24,5312,55.76,17,33500521
2026-09-24,5314,40.949999999999996,148,494094052
2026-09-24,5315,31.01,28,32995612
2026-09-24,5321,60.78999999999999,21,36207521
2026-09-24,5324,81.16,45,183756133
2026-09-24,5325,33.49,8,18574575
2026-09-24,5328,39.58,18,68391016
2026-09-24,5336,0.0,0,0
2026-09-24,5340,59.02,30,115056097
2026-09-24,5344,75.59,7,60065365
2026-09-24,5345,78.88,2,29813960
2026-09-24,5346,37.78,304,516398837
2026-09-24,5347,84.92,244,1595692563
2026-09-24,5348,53.12,5,7850558
2026-09-24,5351,37.06,67,121953808
2026-09-24,5353,54.87,29,41585460
2026-09-24,5355,70.8,44,117656394
2026-09-24,5356,43.56999999999999,22,44916379
2026-09-24,5364,70.36,14,44929330
2026-09-24,5372,23.669999999999998,13,11510481
2026-09-24,5376,33.739999999999995,8,11372544
2026-09-24,5381,55.74,31,115804139
2026-09-24,5385,23.89,2,2666699
2026-09-24,5386,36.709999999999994,8,19874995
2026-09-24,5387,91.32000000000001,2,41101795
2026-09-24,5388,44.050000000000004,90,134128946
2026-09-24,5392,35.82,19,63276287
2026-09-24,5395,0.0,0,0
2026-09-24,5398,58.37,19,28886457
2026-09-24,5403,47.14,34,36864896
2026-09-24,5410,33.86,19,31698632
2026-09-24,5414,59.72,20,40969724
2026-09-24,5425,35.88,46,94599372
2026-09-24,5426,56.07,23,80650473
2026-09-24,5432,54.1,4,11195533
2026-09-24,5434,55.37,78,107460787
2026-09-24,5438,75.19999999999999,10,84640715
2026-09-24,5439,36.0,28,33487740
2026-09-24,5442,20.66,12,13391310
2026-09-24,5443,39.44,23,64993239
2026-09-24,5450,80.96000000000001,10,99111261
2026-09-24,5452,42.83,22,63733964
2026-09-24,5455,93.99,25,61569785
2026-09-24,5457,52.08,35,102235590
2026-09-24,5460,57.07,29,33555222
2026-09-24,5464,72.24,30,55741006
2026-09-24,5465,72.04,16,106416473
2026-09-24,5467,86.39999999999999,11,73931230
2026-09-24,5468,65.52,12,38617425
2026-09-24,5469,72.84,74,354252674
2026-09-24,5471,26.43,34,44409916
2026-09-24,5473,0.0,0,0
2026-09-24,5474,56.66,8,22534462
2026-09-24,5475,22.799999999999997,17,29012739
2026-09-24,5478,79.22,29,123685575
2026-09-24,5481,65.14,22,46528843
2026-09-24,5483,58.75,154,376872904
2026-09-24,5484,37.96,11,25370569
2026-09-24,5487,71.39,15,17297381
2026-09-24,5488,46.7,31,42784065
2026-09-24,5489,85.4,14,87724871
2026-09-24,5490,33.57,23,32300886
2026-09-24,5492,98.67,1,70463021
2026-09-24,5493,44.760000000000005,18,19566208
2026-09-24,5497,26.29,14,17179233
2026-09-24,5498,35.13,26,68018884
2026-09-24,5501,28.1,4,5958710
2026-09-24,5505,65.5,47,90973954
2026-09-24,5506,66.77000000000001,34,101889264
2026-09-24,5508,69.15,20,150411519
2026-09-24,5511,68.67,42,93411335
2026-09-24,5512,61.57,155,472033918
2026-09-24,5514,92.31,50,218009260
2026-09-24,5515,71.53,58,144231653
2026-09-24,5516,70.82,15,36517260
2026-09-24,5519,57.31999999999999,44,131978567
2026-09-24,5520,83.78999999999999,23,50263690
2026-09-24,5521,59.620000000000005,102,293602711
2026-09-24,5522,88.30000000000001,56,690259243
2026-09-24,5523,92.53,31,143469219
2026-09-24,5524,30.78,22,18074033
2026-09-24,5525,88.42,69,281331633
2026-09-24,5529,73.8,20,78085123
2026-09-24,5530,83.27,52,349889127
2026-09-24,5531,85.69,87,837834064
2026-09-24,5532,31.03,8,5526963
2026-09-24,5533,80.77,77,230442852
2026-09-24,5534,68.49000000000001,85,216029005
2026-09-24,5536,55.78,60,69246759
2026-09-24,5538,93.94,22,189036286
2026-09-24,5541,82.05,10,21689146
2026-09-24,5543,73.37,29,34270233
2026-09-24,5546,84.03,18,69220763
2026-09-24,5547,67.47,15,34426194
2026-09-24,5548,65.0,17,41432818
2026-09-24,5601,79.68,44,51650273
2026-09-24,5603,53.949999999999996,21,56592968
2026-09-24,5604,67.17,46,73084505
2026-09-24,5607,76.84,61,284770722
2026-09-24,5608,30.380000000000003,53,118346597
2026-09-24,5609,52.97,47,75710769
2026-09-24,5701,54.099999999999994,20,77397220
2026-09-24,5702,0.0,0,0
2026-09-24,5703,88.28999999999999,25,62024117
2026-09-24,5704,83.99000000000001,23,49445830
2026-09-24,5706,38.190000000000005,12,32001085
2026-09-24,5810,72.91,99,668394483
2026-09-24,5848,100.0,1,12299164593
2026-09-24,5859,96.81,47,1404343148
2026-09-24,5863,81.46,44,260917934
2026-09-24,5864,68.42,120,345263097
2026-09-24,5867,100.0,1,81500000
2026-09-24,5871,69.9,368,1220362203
2026-09-24,5871A,68.69999999999999,46,103079538
2026-09-24,5876,88.77,814,4360012236
2026-09-24,5878,72.38,13,18114645
2026-09-24,5880,75.35000000000001,1821,12114345345
2026-09-24,5901,77.87,2,17837451
2026-09-24,5902,85.47999999999999,16,80795595
2026-09-24,5903,91.42,26,204108888
2026-09-24,5904,79.4,179,845328164
2026-09-24,5905,45.98,39,129545255
2026-09-24,5906,86.25,9,30830216
2026-09-24,5907,69.05,28,135048000
2026-09-24,6005,70.63,322,1734668330
2026-09-24,6015,51.29,89,213890067
2026-09-24,6016,51.6,149,398774863
2026-09-24,6020,96.91000000000001,10,244584186
2026-09-24,6021,91.05,45,284149872
2026-09-24,6023,84.21000000000001,31,377304976
2026-09-24,6024,69.64999999999999,30,185801286
2026-09-24,6026,51.7,95,204901419
2026-09-24,6027,95.66000000000001,10,148973137
2026-09-24,6028,64.68,12,16174558
2026-09-24,6030,100.0,1,1000000000
2026-09-24,6031,100.0,1,2000000000
2026-09-24,6035,93.88999999999999,20,67109183
2026-09-24,6038,100.0,1,50000000
2026-09-24,6039,100.0,1,1000000000
2026-09-24,6040,100.0,1,82503000
2026-09-24,6101,88.3,40,102972388
2026-09-24,6103,90.69,5,12339055
2026-09-24,6104,19.12,16,17435804
2026-09-24,6107,40.96,17,35830813
2026-09-24,6108,56.53,44,87371705
2026-09-24,6109,49.36,31,43376115
2026-09-24,6110,18.44,7,5411979
2026-09-24,6111,45.879999999999995,25,49808690
2026-09-24,6112,59.160000000000004,14,111477477
2026-09-24,6113,53.300000000000004,8,28014975
2026-09-24,6114,72.79,8,31969559
2026-09-24,6115,60.22,29,113050540
2026-09-24,6116,43.57,200,1246272125
2026-09-24,6117,55.21,15,51593307
2026-09-24,6118,57.620000000000005,18,52392759
2026-09-24,6120,59.01,73,353613745
2026-09-24,6121,66.44,82,122943424
2026-09-24,6122,35.33,23,27609438
2026-09-24,6123,43.88,21,27260954
2026-09-24,6124,93.75999999999999,18,171134875
2026-09-24,6125,35.160000000000004,31,91118693
2026-09-24,6126,37.14,22,48546434
2026-09-24,6127,22.07,17,23870967
2026-09-24,6128,60.54,28,77274612
2026-09-24,6129,16.52,12,26553176
2026-09-24,6130,65.24,17,32171069
2026-09-24,6131,41.19,9,14337192
2026-09-24,6132,35.5,25,22648506
2026-09-24,6133,51.56999999999999,24,60359251
2026-09-24,6134,55.22,18,45225077
2026-09-24,6135,38.5,12,29336404
2026-09-24,6136,47.129999999999995,33,54473872
2026-09-24,6137,38.83,29,39376487
2026-09-24,6138,46.52,23,35191025
2026-09-24,6139,62.45,66,147170550
2026-09-24,6140,44.98,16,24702588
2026-09-24,6141,49.59,38,56239454
2026-09-24,6142,58.85,53,194727949
2026-09-24,6143,25.529999999999998,15,21987687
2026-09-24,6144,89.54,3,34271642
2026-09-24,6146,54.61,29,55657288
2026-09-24,6147,64.89,146,483338588
2026-09-24,6148,36.11,8,16833561
2026-09-24,6149,39.03,7,12445340
2026-09-24,6150,16.15,7,7813763
2026-09-24,6151,35.769999999999996,19,19774711
2026-09-24,6152,24.53,30,41181877
2026-09-24,6153,46.76,96,297599510
2026-09-24,6154,63.37,21,50762506
2026-09-24,6155,53.89,22,47458577
2026-09-24,6156,39.52,22,42659392
2026-09-24,6158,42.09,16,23174513
2026-09-24,6160,38.76,16,26555260
2026-09-24,6161,40.89,6,23009458
2026-09-24,6162,52.0,24,41487376
2026-09-24,6163,43.98,35,65491914
2026-09-24,6164,22.68,17,18158626
2026-09-24,6165,51.58,28,40122718
2026-09-24,6166,73.89,54,161219140
2026-09-24,6167,43.88,33,64103648
2026-09-24,6168,55.98,27,115227491
2026-09-24,6169,31.11,4,7279944
2026-09-24,6170,58.01,19,56426252
2026-09-24,6171,87.06,22,87078826
2026-09-24,6172,91.42,9,27428232
2026-09-24,6173,64.64,31,110685251
2026-09-24,6174,63.059999999999995,14,31535762
2026-09-24,6175,61.440000000000005,22,92264629
2026-09-24,6176,42.690000000000005,95,148951006
2026-09-24,6177,76.01,125,358781367
2026-09-24,6179,44.24,53,80117395
2026-09-24,6180,50.949999999999996,32,89450047
2026-09-24,6181,12.14,6,5545988
2026-09-24,6182,27.53,91,176144635
2026-09-24,6183,77.44,32,116194162
2026-09-24,6184,71.92,28,116633493
2026-09-24,6185,49.67,43,74463991
2026-09-24,6186,53.57,39,121599338
2026-09-24,6187,51.84,46,50967794
2026-09-24,6188,42.46,39,118224539
2026-09-24,6189,35.38,70,93456936
2026-09-24,6190,36.04,46,71154027
2026-09-24,6191,58.12,55,290298471
2026-09-24,6192,55.720000000000006,36,53585380
2026-09-24,6193,61.39,38,109197323
2026-09-24,6194,57.45,20,27586144
2026-09-24,6195,54.129999999999995,8,27177497
2026-09-24,6196,70.95,44,156370434
2026-09-24,6197,44.11000000000001,25,55661700
2026-09-24,6198,94.58,8,162132442
2026-09-24,6199,84.89,24,52440881
2026-09-24,6201,69.11,21,61662209
2026-09-24,6202,41.47,43,95587335
2026-09-24,6203,59.22,16,48810021
2026-09-24,6204,29.71,3,6867007
2026-09-24,6205,46.510000000000005,26,38263946
2026-09-24,6206,54.879999999999995,44,78527987
2026-09-24,6207,16.87,17,15800509
2026-09-24,6208,65.48,43,61888310
2026-09-24,6209,37.69,43,68799211
2026-09-24,6210,54.11,16,18969855
2026-09-24,6212,91.83,27,93687680
2026-09-24,6213,65.78999999999999,78,239252332
2026-09-24,6214,68.11,61,185448567
2026-09-24,6215,32.239999999999995,14,26712956
2026-09-24,6216,38.82,25,37838479
2026-09-24,6217,23.630000000000003,25,27724310
2026-09-24,6218,52.2,19,33550958
2026-09-24,6219,69.83000000000001,21,87276238
2026-09-24,6220,63.39,52,92864688
2026-09-24,6221,74.36,20,125409912
2026-09-24,6222,90.07000000000001,10,86210142
2026-09-24,6223,50.66,35,49642525
2026-09-24,6224,41.78,28,35795178
2026-09-24,6225,51.839999999999996,19,31121959
2026-09-24,6226,31.11,24,35961260
2026-09-24,6227,72.00999999999999,6,54831423
2026-09-24,6228,82.46000000000001,5,23916832
2026-09-24,6229,35.089999999999996,5,14163550
2026-09-24,6230,87.81,3,75818982
2026-09-24,6231,32.9,11,15023313
2026-09-24,6232,18.79,60,84864977
2026-09-24,6233,28.46,17,23059238
2026-09-24,6234,54.33,19,54559503
2026-09-24,6235,40.93,24,81867841
2026-09-24,6236,92.73,4,38630813
2026-09-24,6237,18.82,11,14996992
2026-09-24,6239,62.77,164,476725157
2026-09-24,6240,85.51,10,19560674
2026-09-24,6241,56.69,6,25818286
2026-09-24,6242,63.71,7,20269755
2026-09-24,6243,20.71,6,9381416
2026-09-24,6244,32.13,74,124424145
2026-09-24,6245,45.56,23,66827110
2026-09-24,6246,63.0,7,23851295
2026-09-24,6248,48.89,24,48886854
2026-09-24,6249,14.82,1,425000
2026-09-24,6250,70.88000000000001,2,12937249
2026-09-24,6252,40.34,1,546393
2026-09-24,6253,0.0,0,0
2026-09-24,6254,49.51,13,15294450
2026-09-24,6256,0.0,0,0
2026-09-24,6257,52.48,140,254024265
2026-09-24,6258,0.0,0,0
2026-09-24,6259,42.720000000000006,3,11989143
2026-09-24,6261,40.64,31,52255923
2026-09-24,6262,28.669999999999998,5,5865881
2026-09-24,6263,44.120000000000005,8,27585130
2026-09-24,6264,71.84,28,97993111
2026-09-24,6265,43.14,17,50990831
2026-09-24,6266,38.83,37,59765774
2026-09-24,6267,0.0,0,0
2026-09-24,6268,0.0,0,0
2026-09-24,6269,31.02,62,100527556
2026-09-24,6270,41.660000000000004,17,30073675
2026-09-24,6271,49.67,62,103876980
2026-09-24,6272,50.64,33,41421355
2026-09-24,6274,63.489999999999995,95,190204182
2026-09-24,6275,29.65,16,23836401
2026-09-24,6276,50.95,3,11232830
2026-09-24,6277,57.41,44,68609937
2026-09-24,6278,64.58,90,188875167
2026-09-24,6279,47.79,39,56906402
2026-09-24,6280,99.95,1,65459517
2026-09-24,6281,55.86,36,55418817
2026-09-24,6282,40.63,107,348028712
2026-09-24,6283,63.19,22,93291112
2026-09-24,6284,49.12,15,73196168
2026-09-24,6285,63.050000000000004,106,304863917
2026-09-24,6287,94.0,7,114177823
2026-09-24,6289,0.0,0,0
2026-09-24,6290,41.17,54,69915140
2026-09-24,6291,63.800000000000004,6,26800251
2026-09-24,6292,46.98,8,21900716
2026-09-24,6293,0.0,0,0
2026-09-24,6294,37.3,4,9716459
2026-09-24,6295,22.33,1,421634
2026-09-24,6296,0.0,0,0
2026-09-24,6297,99.9,1,13129198
2026-09-24,6299,98.35,1,25154338
2026-09-24,6402,64.00999999999999,24,37276176
2026-09-24,6403,41.54,1,6369110
2026-09-24,6404,67.10000000000001,5,16346018
2026-09-24,6405,51.769999999999996,23,34076004
2026-09-24,6406,58.18,5,20743917
2026-09-24,6407,37.41,18,28118039
2026-09-24,6409,66.69,38,58868249
2026-09-24,6411,34.69,32,34541402
2026-09-24,6412,77.91000000000001,47,312365350
2026-09-24,6414,62.370000000000005,59,98043961
2026-09-24,6415,80.07,163,312470224
2026-09-24,6416,49.72,18,36477201
2026-09-24,6417,68.57,20,28995375
2026-09-24,6418,58.64,11,20250563
2026-09-24,6419,39.980000000000004,4,5262365
2026-09-24,6423,40.849999999999994,12,12674574
2026-09-24,6425,42.27,14,21730610
2026-09-24,6426,53.730000000000004,12,20699705
2026-09-24,6427,100.0,1,56998677
2026-09-24,6428,91.64,3,16204735
2026-09-24,6429,38.13,5,3530082
2026-09-24,6431,70.77,21,68945252
2026-09-24,6432,31.06,11,12480473
2026-09-24,6434,85.19,21,394993745
2026-09-24,6435,52.76,5,19765891
2026-09-24,6436,98.56,1,17921525
2026-09-24,6437,65.00999999999999,19,21004715
2026-09-24,6438,33.839999999999996,22,27839626
2026-09-24,6441,45.19,6,24099791
2026-09-24,6442,55.53,34,45451460
2026-09-24,6443,15.36,40,78893098
2026-09-24,6446,56.4,157,238314184
2026-09-24,6449,69.52,24,63883094
2026-09-24,6451,64.61,15,76174792
2026-09-24,6452,39.230000000000004,24,39301056
2026-09-24,6453,0.0,0,0
2026-09-24,6455,68.47999999999999,16,25409235
2026-09-24,6456,54.46,51,184096699
2026-09-24,6458,65.25,6,17483193
2026-09-24,6461,60.5,20,66759573
2026-09-24,6462,31.020000000000003,19,28324266
2026-09-24,6464,86.17999999999999,45,115454980
2026-09-24,6465,63.43,13,37479766
2026-09-24,6467,29.23,10,15329406
2026-09-24,6468,98.55,1,11304880
2026-09-24,6469,47.739999999999995,32,75994084
2026-09-24,6470,41.809999999999995,2,15762927
2026-09-24,6471,0.0,0,0
2026-09-24,6472,56.48,35,72344430
2026-09-24,6473,78.02,27,46823877
2026-09-24,6474,67.25,29,35331448
2026-09-24,6475,73.13,12,25443151
2026-09-24,6477,40.83,22,50684785
2026-09-24,6479,86.78999999999999,9,49743233
2026-09-24,6481,96.00999999999999,6,26121892
2026-09-24,6482,67.6,8,19358223
2026-09-24,6483,43.69,34,29209168
2026-09-24,6484,100.0,1,25000000
2026-09-24,6485,24.990000000000002,10,11843007
2026-09-24,6486,43.980000000000004,6,22388393
2026-09-24,6488,76.91,90,367860151
2026-09-24,6489,62.980000000000004,18,17933233
2026-09-24,6490,70.61999999999999,10,27375474
2026-09-24,6491,64.61,24,50407782
2026-09-24,6492,39.120000000000005,27,44964275
2026-09-24,6493,80.37,9,24151999
2026-09-24,6494,17.08,8,5394645
2026-09-24,6495,52.589999999999996,39,90506153
2026-09-24,6496,65.96000000000001,9,31198962
2026-09-24,6497,97.19,5,184631605
2026-09-24,6498,67.5,18,32058194
2026-09-24,6499,41.94,14,40685496
2026-09-24,6502,90.96,1,7930713
2026-09-24,6503,80.41,3,9659856
2026-09-24,6504,70.75999999999999,23,51382527
2026-09-24,6505,96.04,192,9150130225
2026-09-24,6506,61.519999999999996,40,50683448
2026-09-24,6508,63.349999999999994,17,54827493
2026-09-24,6509,37.26,48,73612601
2026-09-24,6510,54.9,10,18083899
2026-09-24,6511,72.03,24,43228928
2026-09-24,6512,36.02,10,9105794
2026-09-24,6515,47.32000000000001,15,17271292
2026-09-24,6516,53.4,15,30094533
2026-09-24,6517,19.71,4,6030429
2026-09-24,6518,84.50999999999999,12,28174334
2026-09-24,6523,63.08,8,28418005
2026-09-24,6525,68.11,26,87906062
2026-09-24,6526,81.43,23,136423087
2026-09-24,6527,45.38,7,11558367
2026-09-24,6529,71.81,7,9121241
2026-09-24,6530,14.59,5,4931047
2026-09-24,6531,65.2,62,106421061
2026-09-24,6532,35.38,16,13256766
2026-09-24,6533,21.27,8,10778125
2026-09-24,6534,84.31,33,86694732
2026-09-24,6535,64.15,36,107696900
2026-09-24,6536,58.260000000000005,2,7169892
2026-09-24,6538,53.67,24,21258651
2026-09-24,6539,85.23,10,20756987
2026-09-24,6540,99.05,3,218374577
2026-09-24,6541,70.73,41,187614961
2026-09-24,6542,84.72,14,35595859
2026-09-24,6543,66.39,28,41072125
2026-09-24,6545,44.15,7,9751106
2026-09-24,6546,41.39,14,27682993
2026-09-24,6547,36.72,73,127067791
2026-09-24,6548,87.62,94,832957105
2026-09-24,6549,31.46,28,25218320
2026-09-24,6550,100.0,1,464846344
2026-09-24,6550O,76.61,83,685637910
2026-09-24,6551,83.69,11,60095270
2026-09-24,6552,58.37,7,48456950
2026-09-24,6555,69.53999999999999,17,82943836
2026-09-24,6556,77.46000000000001,12,22277720
2026-09-24,6558,41.87,11,39294138
2026-09-24,6559,52.92,11,12275632
2026-09-24,6560,42.260000000000005,7,14151430
2026-09-24,6561,72.84,12,56792634
2026-09-24,6562,52.76,10,62364985
2026-09-24,6563,31.5,11,9373480
2026-09-24,6564,65.07,11,46963221
2026-09-24,6565,39.9,9,10834320
2026-09-24,6566,84.51,6,27176138
2026-09-24,6567,88.53999999999999,30,91082879
2026-09-24,6568,41.96,8,12924585
2026-09-24,6569,68.08,9,29158896
2026-09-24,6570,43.55,14,16171067
2026-09-24,6572,68.80999999999999,15,71344440
2026-09-24,6573,64.21,15,51702469
2026-09-24,6574,79.19,8,17416894
2026-09-24,6575,54.400000000000006,18,73628675
2026-09-24,6576,67.67,37,106669228
2026-09-24,6577,74.66,8,44852888
2026-09-24,6578,64.45,20,46373554
2026-09-24,6579,84.47,16,143157988
2026-09-24,6580,57.739999999999995,42,64757515
2026-09-24,6581,90.07,18,100249438
2026-09-24,6582,74.25999999999999,12,78860865
2026-09-24,6583,82.44,9,13149542
2026-09-24,6584,74.50999999999999,26,53201142
2026-09-24,6585,75.96000000000001,9,55108806
2026-09-24,6586,62.3,35,133374101
2026-09-24,6587,100.0,1,17077556
2026-09-24,6588,23.84,6,8279822
2026-09-24,6589,58.379999999999995,61,176403266
2026-09-24,6590,56.86,13,14192594
2026-09-24,6591,25.369999999999997,8,10441390
2026-09-24,6592,79.76,62,512087290
2026-09-24,6592A,85.41,15,42707213
2026-09-24,6592B,81.33,17,40676000
2026-09-24,6593,46.0,14,14658275
2026-09-24,6595,80.57,25,40179600
2026-09-24,6596,26.65,6,10130435
2026-09-24,6597,81.27000000000001,7,24421662
2026-09-24,6598,52.83,39,54333535
2026-09-24,6599,76.44,4,16057199
2026-09-24,6601,86.86999999999999,5,38835670
2026-09-24,6602,0.0,0,0
2026-09-24,6603,53.92,64,90319397
2026-09-24,6604,84.05999999999999,10,36763938
2026-09-24,6605,66.96,40,111053823
2026-09-24,6606,70.66,41,77958342
2026-09-24,6607,81.0,5,7571136
2026-09-24,6608,96.78,8,58072702
2026-09-24,6609,58.839999999999996,8,42644383
2026-09-24,6610,81.32,10,167221653
2026-09-24,6611,91.68,1,1344901
2026-09-24,6612,65.69,21,34389295
2026-09-24,6613,59.440000000000005,7,46253816
2026-09-24,6614,74.21,6,59866257
2026-09-24,6615,51.510000000000005,12,11127600
2026-09-24,6616,62.16,10,22032025
2026-09-24,6617,67.26,26,85778945
2026-09-24,6618,27.64,34,28991368
2026-09-24,6620,62.25,50,103365200
2026-09-24,6621,36.89,10,13103647
2026-09-24,6622,65.49000000000001,14,23126847
2026-09-24,6624,74.15,8,16747466
2026-09-24,6625,49.63,15,28781824
2026-09-24,6626,77.35,4,6913191
2026-09-24,6627,77.55,16,21989644
2026-09-24,6629,84.24000000000001,10,32335995
2026-09-24,6633,95.66,1,10646001
2026-09-24,6634,66.18,25,47189403
2026-09-24,6635,100.0,1,32326000
2026-09-24,6637,59.22,9,15880789
2026-09-24,6638,70.5,7,21155563
2026-09-24,6639,70.06,18,40396556
2026-09-24,6640,65.67,3,18990750
2026-09-24,6641,60.25,16,21993668
2026-09-24,6642,57.67,11,21575624
2026-09-24,6643,37.05,7,15799755
2026-09-24,6645,43.82,24,26681332
2026-09-24,6648,68.03,21,37423131
2026-09-24,6649,53.51,19,22485128
2026-09-24,6650,80.17,17,24927898
2026-09-24,6651,51.72,18,17900935
2026-09-24,6652,79.07,38,108354896
2026-09-24,6653,95.45,1,5727335
2026-09-24,6654,79.29,12,32490293
2026-09-24,6655,86.13,24,69420160
2026-09-24,6656,90.33000000000001,4,11046738
2026-09-24,6657,35.43,27,31487108
2026-09-24,6658,43.269999999999996,12,15745230
2026-09-24,6659,80.75,23,69375059
2026-09-24,6660,100.0,1,42627034
2026-09-24,6661,66.1,6,15406809
2026-09-24,6662,47.67,10,12210931
2026-09-24,6664,54.95,24,33616013
2026-09-24,6665,65.83,8,29857870
2026-09-24,6666,78.82,9,37357222
2026-09-24,6667,48.72,10,26064015
2026-09-24,6668,54.730000000000004,14,58641173
2026-09-24,6669,62.83,51,132501607
2026-09-24,6670,78.63,65,109621506
2026-09-24,6671,75.16,36,45677455
2026-09-24,6672,33.64,27,27702296
2026-09-24,6673,30.57,4,8156409
2026-09-24,6674,83.44,10,56934440
2026-09-24,6676,61.51,43,104397046
2026-09-24,6677,63.97,13,35856167
2026-09-24,6679,53.83,18,29603499
2026-09-24,6680,71.58,10,17952951
2026-09-24,6681,0.0,0,0
2026-09-24,6682,53.08,25,80767320
2026-09-24,6683,20.64,5,5689627
2026-09-24,6684,36.78,6,16395935
2026-09-24,6688,73.88,12,14039420
2026-09-24,6689,48.97,26,33315675
2026-09-24,6690,59.71,3,17913993
2026-09-24,6691,67.92,45,90724583
2026-09-24,6692,71.76,16,42238986
2026-09-24,6693,42.480000000000004,13,19431316
2026-09-24,6695,50.07,17,53608157
2026-09-24,6696,63.42,245,530522434
2026-09-24,6697,66.75,6,18242211
2026-09-24,6698,38.34,14,25462685
2026-09-24,6699,85.49,16,41743594
2026-09-24,6701,97.98,3,358305811
2026-09-24,6702,79.72999999999999,98,605042914
2026-09-24,6703,51.269999999999996,13,18593574
2026-09-24,6704,44.82,34,47502289
2026-09-24,6705,73.6,10,13254210
2026-09-24,6706,24.67,18,19386116
2026-09-24,6707,80.07000000000001,15,47250617
2026-09-24,6708,53.59,13,15551315
2026-09-24,6709,64.3,22,44615473
2026-09-24,6712,39.79,23,40010816
2026-09-24,6713,60.25,15,17768186
2026-09-24,6715,76.53,24,56859308
2026-09-24,6716,35.81,12,10832839
2026-09-24,6717,75.04,13,18713710
2026-09-24,6719,48.83,14,51542778
2026-09-24,6720,57.86,20,17499030
2026-09-24,6721,50.550000000000004,9,12388050
2026-09-24,6722,76.78999999999999,16,67896215
2026-09-24,6723,58.68,12,17633821
2026-09-24,6724,62.32,2,4424880
2026-09-24,6725,64.52,10,23964766
2026-09-24,6726,100.0,1,17670000
2026-09-24,6727,23.31,10,6271735
2026-09-24,6728,63.32,9,19077261
2026-09-24,6729,47.9,11,13253427
2026-09-24,6730,74.33,20,27000205
2026-09-24,6731,99.44,1,54249491
2026-09-24,6732,49.42,4,24172914
2026-09-24,6733,48.71,26,65460710
2026-09-24,6734,59.519999999999996,15,24185343
2026-09-24,6735,48.59,16,22445003
2026-09-24,6736,93.39,1,2424263
2026-09-24,6737,80.84,23,48556385
2026-09-24,6738,66.75,24,24512818
2026-09-24,6739,57.36,9,13419037
2026-09-24,6741,70.36,39,84849422
2026-09-24,6742,34.400000000000006,19,24529933
2026-09-24,6743,64.83,30,97275680
2026-09-24,6744,65.84,7,10141232
2026-09-24,6746,99.59,2,24805196
2026-09-24,6748,35.22,20,25260936
2026-09-24,6749,100.0,1,12500000
2026-09-24,6750,59.17,22,26459697
2026-09-24,6751,64.76,4,14379828
2026-09-24,6752,47.760000000000005,19,17746889
2026-09-24,6753,58.18,23,68258757
2026-09-24,6754,83.08999999999999,9,54848413
2026-09-24,6755,53.730000000000004,16,21402463
2026-09-24,6756,62.39,8,43680757
2026-09-24,6757,75.07,31,345034337
2026-09-24,6758,81.83,3,11024696
2026-09-24,6760,100.0,1,8447352
2026-09-24,6761,39.019999999999996,9,13644927
2026-09-24,6762,77.6,18,28664432
2026-09-24,6763,61.5,21,113215362
2026-09-24,6764,98.27,2,37542917
2026-09-24,6767,59.33,10,23254250
2026-09-24,6768,81.84,34,163789399
2026-09-24,6770,49.230000000000004,574,2322521131
2026-09-24,6771,43.33,17,13514602
2026-09-24,6772,98.74,2,47422263
2026-09-24,6775,62.65,26,68620054
2026-09-24,6776,66.67,14,61084305
2026-09-24,6778,100.0,1,28031800
2026-09-24,6779,100.0,1,44417600
2026-09-24,6780,83.46,12,13749871
2026-09-24,6781,70.55,9,60270812
2026-09-24,6782,51.46,23,32434310
2026-09-24,6784,51.19,9,9768126
2026-09-24,6785,60.9,19,40695649
2026-09-24,6786,9.05,5,2792932
2026-09-24,6787,24.61,24,19954072
2026-09-24,6788,21.84,8,8471994
2026-09-24,6789,72.52,23,230928077
2026-09-24,6790,78.57,24,209944509
2026-09-24,6791,74.26,9,15486952
2026-09-24,6792,53.89,7,25807783
2026-09-24,6793,39.12,27,29590856
2026-09-24,6794,78.55,22,49999212
2026-09-24,6796,47.42,13,19082378
2026-09-24,6797,48.83,12,15013329
2026-09-24,6798,73.39,10,14368351
2026-09-24,6799,32.260000000000005,9,14086277
2026-09-24,6803,56.300000000000004,5,40992317
2026-09-24,6804,64.6,23,30695476
2026-09-24,6805,62.879999999999995,24,43122457
2026-09-24,6806,60.24,14,165489537
2026-09-24,6807,81.41,15,43973000
2026-09-24,6808,54.269999999999996,19,42259156
2026-09-24,6810,35.37,14,17497082
2026-09-24,6811,66.83,4,27706933
2026-09-24,6812,40.989999999999995,11,12540244
2026-09-24,6813,62.5,10,14622910
2026-09-24,6814,82.81,14,34681607
2026-09-24,6815,67.19,21,26687760
2026-09-24,6816,70.99,3,8648222
2026-09-24,6817,54.89,1,10110400
2026-09-24,6818,66.49,6,16960742
2026-09-24,6819,56.06,14,19052372
2026-09-24,6820,71.82,5,15984061
2026-09-24,6821,51.97,14,18597475
2026-09-24,6822,100.0,1,36300000
2026-09-24,6823,58.89,6,19576059
2026-09-24,6824,100.0,1,35590000
2026-09-24,6825,76.95,15,30276705
2026-09-24,6826,74.74,17,63947827
2026-09-24,6827,62.16,26,49310592
2026-09-24,6829,66.11,4,39126184
2026-09-24,6830,29.23,18,16033064
2026-09-24,6831,56.54,29,38171319
2026-09-24,6832,86.12,3,22748144
2026-09-24,6833,85.78999999999999,10,49751418
2026-09-24,6834,60.93,33,53923723
2026-09-24,6835,78.75999999999999,27,52123237
2026-09-24,6837,59.15,18,19422768
2026-09-24,6838,61.41,28,92744362
2026-09-24,6839,80.64,29,66158026
2026-09-24,6840,54.02,13,17177251
2026-09-24,6841,47.53,29,45276563
2026-09-24,6842,39.34,7,9555486
2026-09-24,6843,76.75,16,25564740
2026-09-24,6844,63.45,10,23751857
2026-09-24,6846,66.78,7,18078202
2026-09-24,6847,55.89,8,7956005
2026-09-24,6848,52.95,8,7559720
2026-09-24,6849,48.08,12,20159698
2026-09-24,6850,60.75,18,20103868
2026-09-24,6851,100.0,1,55380366
2026-09-24,6854,65.12,32,76659552
2026-09-24,6855,61.33,13,14263912
2026-09-24,6856,83.68,8,23601411
2026-09-24,6857,94.62,1,14407871
2026-09-24,6858,89.89,9,24470353
2026-09-24,6859,64.44,15,26815456
2026-09-24,6861,49.519999999999996,2,20603975
2026-09-24,6862,69.86,7,34936000
2026-09-24,6863,75.42999999999999,10,56499346
2026-09-24,6864,37.120000000000005,19,14069328
2026-09-24,6865,50.68,7,8031537
2026-09-24,6866,99.73,1,76018376
2026-09-24,6867,86.46000000000001,7,21187432
2026-09-24,6868,55.37,14,13874062
2026-09-24,6869,55.01,40,75864773
2026-09-24,6870,72.96,13,21452008
2026-09-24,6872,57.53999999999999,28,40725667
2026-09-24,6873,61.29,41,87459355
2026-09-24,6874,53.599999999999994,9,11796196
2026-09-24,6875,60.989999999999995,36,78815938
2026-09-24,6876,31.68,24,22357151
2026-09-24,6877,74.49,27,34996372
2026-09-24,6878,88.92999999999999,14,64609338
2026-09-24,6879,89.17,8,23596520
2026-09-24,6881,57.92,4,8690743
2026-09-24,6882,59.15,14,13727786
2026-09-24,6883,87.72,28,66908433
2026-09-24,6884,73.00999999999999,3,13428354
2026-09-24,6885,35.29,38,46987976
2026-09-24,6886,90.03,5,28641842
2026-09-24,6887,91.81,20,68140512
2026-09-24,6890,92.24,18,230891280
2026-09-24,6891,76.97,30,154500888
2026-09-24,6892,56.769999999999996,41,53398550
2026-09-24,6894,60.94,11,14532896
2026-09-24,6895,61.050000000000004,9,20822014
2026-09-24,6897,100.0,1,2372335
2026-09-24,6898,59.190000000000005,10,17179213
2026-09-24,6899,80.03,19,33940232
2026-09-24,6901,82.5,44,704655351
2026-09-24,6902,68.13,15,24229119
2026-09-24,6903,68.08000000000001,16,45401518
2026-09-24,6904,79.9,8,14783155
2026-09-24,6905,100.0,2,63912429
2026-09-24,6906,57.92,13,19429921
2026-09-24,6907,65.14999999999999,7,40763500
2026-09-24,6908,77.71,2,28893042
2026-09-24,6909,38.25,26,25830601
2026-09-24,6910,57.09,8,17427864
2026-09-24,6911,61.879999999999995,11,13619249
2026-09-24,6912,79.58999999999999,30,131351838
2026-09-24,6913,54.89,17,24074564
2026-09-24,6914,72.14,17,47786057
2026-09-24,6915,88.44,11,31220977
2026-09-24,6916,78.98,18,53326789
2026-09-24,6917,43.04,22,23798679
2026-09-24,6918,48.97,17,16936703
2026-09-24,6919,72.94,324,1136350116
2026-09-24,6920,63.02,38,130634000
2026-09-24,6921,78.02,11,25018764
2026-09-24,6922,62.9,9,17082410
2026-09-24,6923,69.74,37,63090542
2026-09-24,6924,82.21,6,16957500
2026-09-24,6925,58.019999999999996,8,11607512
2026-09-24,6926,80.75,25,40221227
2026-09-24,6927,67.9,14,25970236
2026-09-24,6928,79.69,11,68543757
2026-09-24,6929,89.6,6,40403901
2026-09-24,6930,100.0,1,90000000
2026-09-24,6931,70.04,40,46347749
2026-09-24,6932,80.43,79,347997017
2026-09-24,6933,65.43,9,27859327
2026-09-24,6934,65.05,15,23505465
2026-09-24,6935,82.34,13,30804164
2026-09-24,6936,76.19999999999999,20,55489052
2026-09-24,6937,64.03,25,43333692
2026-09-24,6938,67.01,6,8423565
2026-09-24,6939,63.07,11,22321662
2026-09-24,6940,54.3,109,174096686
2026-09-24,6942,100.0,1,43176880
2026-09-24,6943,100.0,1,194250000
2026-09-24,6944,55.31999999999999,44,55170500
2026-09-24,6945,63.43000000000001,27,61935937
2026-09-24,6946,93.88,34,304053090
2026-09-24,6947,70.23,31,74562418
2026-09-24,6949,92.88,177,1218450330
2026-09-24,6950,95.78,27,165663714
2026-09-24,6951,66.23,4,34444223
2026-09-24,6952,86.9,18,59402960
2026-09-24,6953,63.56,6,19079270
2026-09-24,6954,100.0,1,62918043
2026-09-24,6955,60.3,11,14957142
2026-09-24,6957,71.22999999999999,26,40372571
2026-09-24,6958,94.15,28,396894124
2026-09-24,6958A,83.86,7,33545234
2026-09-24,6959,40.760000000000005,12,15972127
2026-09-24,6961,44.480000000000004,6,11940043
2026-09-24,6962,52.589999999999996,78,259063961
2026-09-24,6963,87.94999999999999,3,14048478
2026-09-24,6965,92.5,19,144622038
2026-09-24,6967,65.44,16,19901280
2026-09-24,6968,58.99,18,29179776
2026-09-24,6969,53.620000000000005,15,23529711
2026-09-24,6971,73.78,16,28538196
2026-09-24,6972,83.82,9,19226244
2026-09-24,6973,67.81,20,27671867
2026-09-24,6976,80.48,109,469404272
2026-09-24,6977,39.129999999999995,8,5479291
2026-09-24,6978,98.31,3,29764005
2026-09-24,6979,59.53,4,7145005
2026-09-24,6980,77.23,6,23174397
2026-09-24,6982,65.06,15,26524362
2026-09-24,6983,43.489999999999995,9,7840301
2026-09-24,6984,56.57,14,10885985
2026-09-24,6985,100.0,1,9202274136
2026-09-24,6986,49.33,20,25728731
2026-09-24,6987,90.64,34,203509554
2026-09-24,6988,77.53,20,36911971
2026-09-24,6990,82.01,17,52868272
2026-09-24,6991,100.0,1,42991875
2026-09-24,6992,72.89,19,18734573
2026-09-24,6993,100.0,1,19054500
2026-09-24,6994,45.04,20,33417839
2026-09-24,6995,45.64,13,12327969
2026-09-24,6996,60.24,4,25363233
2026-09-24,6997,82.25999999999999,3,18181000
2026-09-24,6999,77.33,16,17880751
2026-09-24,7402,34.35,9,12123438
2026-09-24,7415,61.64,18,18618583
2026-09-24,7418,96.13,6,26491275
2026-09-24,7419,49.32,15,19737155
2026-09-24,7421,0.0,0,0
2026-09-24,7422,82.48,3,19198537
2026-09-24,7426,100.0,1,34040272
2026-09-24,7427,30.97,19,16741102
2026-09-24,7443,82.47,11,18146801
2026-09-24,7452,87.89,1,1757835
2026-09-24,7455,82.75,8,21106988
2026-09-24,7507,78.24000000000001,31,79912355
2026-09-24,7516,36.6,7,7070604
2026-09-24,7530,53.74,13,25001077
2026-09-24,7547,73.11,10,24834324
2026-09-24,7551,56.65,5,6856756
2026-09-24,7555,87.67,4,24834433
2026-09-24,7556,64.38,10,18799041
2026-09-24,7558,52.349999999999994,12,9749175
2026-09-24,7561,60.629999999999995,7,18244086
2026-09-24,7562,76.4,10,17406513
2026-09-24,7566,66.93,50,106958111
2026-09-24,7570,100.0,1,18588888
2026-09-24,7575,52.099999999999994,16,15635352
2026-09-24,7578,64.56,27,38802684
2026-09-24,7583,88.3,13,21724828
2026-09-24,7584,71.28999999999999,7,11738962
2026-09-24,7590,82.0,31,100373258
2026-09-24,7595,72.13,27,36410020
2026-09-24,7607,71.97,13,26383217
2026-09-24,7610,49.68,19,29219287
2026-09-24,7631,71.63,10,14430655
2026-09-24,7642,80.03,9,24130592
2026-09-24,7660,100.0,1,40644668
2026-09-24,7669,32.82,12,7225158
2026-09-24,7686,87.89999999999999,10,44053966
2026-09-24,7689,84.52,8,49458005
2026-09-24,7702,92.72,10,61205402
2026-09-24,7703,59.15,9,20561400
2026-09-24,7704,59.62,14,20140146
2026-09-24,7705,68.85,10,45494870
2026-09-24,7706,91.29,1,9129473
2026-09-24,7707,46.440000000000005,11,21231650
2026-09-24,7708,63.6,2,16219000
2026-09-24,7709,79.43,8,31065073
2026-09-24,7710,98.82000000000001,3,63158273
2026-09-24,7711,61.15,12,43853922
2026-09-24,7712,54.91,16,17884547
2026-09-24,7713,84.76,14,38560660
2026-09-24,7714,66.63,8,13995667
2026-09-24,7715,56.05,12,18369053
2026-09-24,7716,82.59,9,18587500
2026-09-24,7717,51.21,10,12719804
2026-09-24,7718,78.19,18,36251796
2026-09-24,7719,20.740000000000002,7,7474526
2026-09-24,7720,100.0,1,12470479
2026-09-24,7721,60.76,17,33655669
2026-09-24,7722,84.97999999999999,4,60895403
2026-09-24,7723,56.43,19,28010050
2026-09-24,7724,84.32,12,29840360
2026-09-24,7725,84.26,10,40726393
2026-09-24,7726,87.24000000000001,6,17716521
2026-09-24,7728,57.12,4,7915536
2026-09-24,7729,57.53,31,46432294
2026-09-24,7730,70.05,17,25781121
2026-09-24,7731,71.93,90,375583217
2026-09-24,7732,88.81,20,57454601
2026-09-24,7734,71.73,11,20088838
2026-09-24,7735,92.95,8,40285146
2026-09-24,7736,84.74000000000001,23,64425622
2026-09-24,7737,77.83,14,23167259
2026-09-24,7738,57.7,17,15791999
2026-09-24,7740,64.92,23,38968336
2026-09-24,7742,68.98,5,45920807
2026-09-24,7743,74.67,23,27250865
2026-09-24,7744,75.47,14,24214200
2026-09-24,7745,71.13,7,12769855
2026-09-24,7746,95.50999999999999,4,34542000
2026-09-24,7747,79.94999999999999,6,24124088
2026-09-24,7748,68.37,8,9916335
2026-09-24,7749,45.69,18,21246908
2026-09-24,7750,75.12,33,53980558
2026-09-24,7751,46.660000000000004,11,12550061
2026-09-24,7752,86.13000000000001,35,172295111
2026-09-24,7753,74.15,4,18541000
2026-09-24,7754,69.2,38,70089351
2026-09-24,7756,70.79,8,15070229
2026-09-24,7757,59.28,10,14288420
2026-09-24,7758,83.39,3,13427440
2026-09-24,7759,80.67,17,56760136
2026-09-24,7760,65.32,30,43152710
2026-09-24,7761,49.34,10,14262329
2026-09-24,7762,55.34,26,32155443
2026-09-24,7763,82.08000000000001,17,49269375
2026-09-24,7764,81.47,26,48889075
2026-09-24,7765,59.37,3,24153300
2026-09-24,7767,71.63,16,21566699
2026-09-24,7768,64.18,21,44991569
2026-09-24,7769,67.03,44,120620412
2026-09-24,7770,74.25999999999999,14,22327443
2026-09-24,7771,80.09,2,16030028
2026-09-24,7772,56.38,5,14942336
2026-09-24,7773,57.64,16,23011823
2026-09-24,7775,100.0,1,89500000
2026-09-24,7776,74.5,15,36592591
2026-09-24,7777,63.84,28,129396566
2026-09-24,7779,66.94999999999999,7,10783255
2026-09-24,7780,75.61,47,612643309
2026-09-24,7781,72.94,83,473941320
2026-09-24,7782,76.06,9,17659044
2026-09-24,7783,91.81,16,57336122
2026-09-24,7784,87.32000000000001,47,163843534
2026-09-24,7785,85.55,13,28527433
2026-09-24,7786,82.51,32,145216331
2026-09-24,7788,68.36,33,54527102
2026-09-24,7789,71.35,14,15118680
2026-09-24,7790,70.29,15,13066986
2026-09-24,7791,80.08,16,64076843
2026-09-24,7792,70.42,15,32867831
2026-09-24,7793,100.0,1,15397250
2026-09-24,7794,81.49,7,22820085
2026-09-24,7795,70.03,8,55209985
2026-09-24,7796,57.01,5,13094250
2026-09-24,7797,79.28999999999999,11,17643499
2026-09-24,7798,94.74,63,335581480
2026-09-24,7799,79.66,39,127277121
2026-09-24,7801,69.64,5,12746762
2026-09-24,7803,79.33,31,74924988
2026-09-24,7805,73.11,10,29068553
2026-09-24,7806,77.28999999999999,16,22611144
2026-09-24,7808,77.96,3,54579706
2026-09-24,7810,46.800000000000004,6,9480381
2026-09-24,7811,73.35,7,24488416
2026-09-24,7812,58.35,20,37586317
2026-09-24,7813,42.31,8,8212096
2026-09-24,7814,77.67999999999999,9,34966009
2026-09-24,7815,60.39,7,19918761
2026-09-24,7816,79.41999999999999,6,23256630
2026-09-24,7817,100.0,1,130000000
2026-09-24,7818,90.14,12,151396000
2026-09-24,7819,59.14,2,14941500
2026-09-24,7820,77.0,12,29090013
2026-09-24,7821,78.62,22,95854829
2026-09-24,7822,68.19,9,31080126
2026-09-24,7823,72.56,15,24303750
2026-09-24,7824,79.91,18,25047896
2026-09-24,7825,40.28,9,10323600
2026-09-24,7826,84.38,9,10127000
2026-09-24,7827,79.12,29,110824978
2026-09-24,7828,64.89,18,26307760
2026-09-24,7829,82.86000000000001,43,82375062
2026-09-24,7830,100.0,1,29800000
2026-09-24,7831,74.55,8,9993228
2026-09-24,7832,92.65,99,537483953
2026-09-24,7833,73.61,20,31669215
2026-09-24,7834,75.03,7,12364488
2026-09-24,7835,69.60000000000001,18,32401799
2026-09-24,7836,71.07,20,35186788
2026-09-24,7837,74.9,4,17080966
2026-09-24,7839,72.5,7,10946260
2026-09-24,7840,89.53999999999999,13,30446699
2026-09-24,7841,77.83,10,18838354
2026-09-24,7842,69.17999999999999,3,12628513
2026-09-24,7843,67.64,9,22626116
2026-09-24,7844,100.0,1,78681000
2026-09-24,7846,84.01,8,28912152
2026-09-24,7847,63.09,14,18300866
2026-09-24,7848,72.89,17,24331797
2026-09-24,7849,95.78,1,11391342
2026-09-24,7850,70.56,39,68922363
2026-09-24,7851,83.47999999999999,21,56521544
2026-09-24,7853,27.9,13,13465883
2026-09-24,7854,89.32,16,36003653
2026-09-24,7855,76.23,18,211471476
2026-09-24,7856,61.33,15,20247186
2026-09-24,7857,83.46,13,44651051
2026-09-24,7858,48.519999999999996,10,10792866
2026-09-24,7859,100.0,1,36200000
2026-09-24,7860,94.61999999999999,11,30282986
2026-09-24,7861,77.23,23,49904527
2026-09-24,7862,87.05,4,34821612
2026-09-24,7863,98.41,5,29527447
2026-09-24,7864,100.0,3,18355700
2026-09-24,7865,61.92,13,15562153
2026-09-24,7866,61.41,17,26518747
2026-09-24,7867,95.13,25,91348846
2026-09-24,7868,57.39,10,12768081
2026-09-24,7869,88.66,4,24154332
2026-09-24,7870,76.09,12,14005010
2026-09-24,7871,54.29,32,72932188
2026-09-24,7872,65.06,3,19521939
2026-09-24,7873,85.17,36,127694709
2026-09-24,7875,96.46,1,19292021
2026-09-24,7876,83.69999999999999,30,90013492
2026-09-24,7877,71.89,12,27942921
2026-09-24,7878,47.17,24,26493902
2026-09-24,7879,62.05,17,24827977
2026-09-24,7880,66.45,16,17611350
2026-09-24,7881,84.10000000000001,6,22708189
2026-09-24,7882,83.49,47,171412959
2026-09-24,7883,71.29,24,43482060
2026-09-24,7884,100.0,1,56000000
2026-09-24,7885,76.53999999999999,16,22354870
2026-09-24,7886,65.28,14,16308511
2026-09-24,7887,42.86,33,35032046
2026-09-24,7888,80.94,40,61408175
2026-09-24,7889,83.85,16,17429897
2026-09-24,7890,86.06,12,17904750
2026-09-24,7891,56.46,7,10971375
2026-09-24,7892,75.07,15,35440440
2026-09-24,7893,86.15,5,35154500
2026-09-24,7894,54.269999999999996,8,13030072
2026-09-24,7895,73.06,6,28348025
2026-09-24,7896,86.61999999999999,5,24171061
2026-09-24,7897,98.36,2,131434799
2026-09-24,7898,69.21,6,20794527
2026-09-24,7899,41.85,12,10173775
2026-09-24,7901,84.23,13,50546150
2026-09-24,7902,89.32,43,179227713
2026-09-24,7904,92.47,4,13871030
2026-09-24,7906,100.0,1,55775000
2026-09-24,7907,75.22999999999999,17,29644567
2026-09-24,7909,83.27000000000001,14,58792385
2026-09-24,7911,63.09,13,25242000
2026-09-24,7912,79.29,10,17612311
2026-09-24,7913,90.38000000000001,7,40802841
2026-09-24,7914,94.85,4,50133399
2026-09-24,7915,86.14999999999999,19,34551249
2026-09-24,7916,100.0,1,70000000
2026-09-24,7917,80.03999999999999,16,53556997
2026-09-24,7918,79.72999999999999,5,34368633
2026-09-24,7919,50.06,4,6358300
2026-09-24,7920,88.75999999999999,181,527374422
2026-09-24,7921,83.85000000000001,11,34220040
2026-09-24,7922,95.56,18,63240591
2026-09-24,7924,81.42999999999999,46,108781630
2026-09-24,7925,89.65,40,58821840
2026-09-24,7926,73.49000000000001,4,11027400
2026-09-24,7927,70.14,29,31363178
2026-09-24,7928,72.28,18,30023609
2026-09-24,7929,81.59,12,17685799
2026-09-24,7930,67.77000000000001,12,22879800
2026-09-24,7931,96.2,5,23704905
2026-09-24,7932,58.879999999999995,21,29446242
2026-09-24,7933,86.69,8,20434570
2026-09-24,7934,55.56,16,14469082
2026-09-24,7935,82.84,16,30653196
2026-09-24,7936,67.81,3,24442872
2026-09-24,7939,74.62,2,14612669
2026-09-24,7942,82.33,6,26159363
2026-09-24,7943,73.63,18,22572697
2026-09-24,7944,85.75,13,26380759
2026-09-24,7945,71.73,5,8281019
2026-09-24,7947,81.62,19,49283526
2026-09-24,7949,97.4,1,58442862
2026-09-24,7950,95.34,1,12299000
2026-09-24,7952,100.0,1,58550000
2026-09-24,8002,0.0,0,0
2026-09-24,8009,0.0,0,0
2026-09-24,8010,46.01,4,3068148
2026-09-24,8011,31.779999999999998,28,52759871
2026-09-24,8012,93.02,1,3534856
2026-09-24,8014,37.88,2,3344070
2026-09-24,8015,29.54,2,886424
2026-09-24,8016,44.92,52,53998416
2026-09-24,8018,21.62,1,746000
2026-09-24,8019,93.81,3,31800978
2026-09-24,8020,59.32,4,4902264
2026-09-24,8021,49.190000000000005,48,72507984
2026-09-24,8022,70.18,1,2105545
2026-09-24,8023,0.0,0,0
2026-09-24,8024,29.88,12,13501524
2026-09-24,8026,0.0,0,0
2026-09-24,8027,26.77,30,30310303
2026-09-24,8028,48.07000000000001,60,88879904
2026-09-24,8029,75.2,24,58687650
2026-09-24,8030,0.0,0,0
2026-09-24,8031,25.57,1,1150562
2026-09-24,8032,75.96,9,39360424
2026-09-24,8033,25.91,33,42693917
2026-09-24,8034,18.4,12,10424486
2026-09-24,8035,44.2,4,2964772
2026-09-24,8036,20.62,1,1579559
2026-09-24,8037,0.0,0,0
2026-09-24,8038,21.229999999999997,10,13224643
2026-09-24,8039,56.88,56,150166750
2026-09-24,8040,49.35,11,47611329
2026-09-24,8042,63.9,41,85564170
2026-09-24,8043,40.06,14,32019527
2026-09-24,8044,60.64,29,124207760
2026-09-24,8045,65.94,35,62691584
2026-09-24,8046,84.75,94,547770085
2026-09-24,8047,82.50999999999999,15,34385714
2026-09-24,8048,40.11,19,23852773
2026-09-24,8049,33.42,23,39566810
2026-09-24,8050,43.5,38,89304904
2026-09-24,8051,0.0,0,0
2026-09-24,8052,0.0,0,0
2026-09-24,8053,85.44,76,351941527
2026-09-24,8054,34.62,16,37670315
2026-09-24,8055,0.0,0,0
2026-09-24,8056,60.660000000000004,80,236649368
2026-09-24,8057,67.07,3,4255568
2026-09-24,8058,67.45,27,46424330
2026-09-24,8059,71.55,10,83355993
2026-09-24,8060,49.68,2,3022836
2026-09-24,8061,25.89,1,523331
2026-09-24,8062,0.0,0,0
2026-09-24,8064,48.29,45,89276730
2026-09-24,8065,37.58,3,1691650
2026-09-24,8066,38.07,13,13955473
2026-09-24,8067,81.35,9,16844083
2026-09-24,8068,61.39,17,49592996
2026-09-24,8069,74.05,287,855582115
2026-09-24,8070,73.84,103,536007192
2026-09-24,8071,32.97,13,19828320
2026-09-24,8072,60.16,10,48141597
2026-09-24,8073,0.0,0,0
2026-09-24,8074,39.14,24,34054487
2026-09-24,8076,34.08,64,99635941
2026-09-24,8077,82.07,4,18013168
2026-09-24,8080,84.74,5,56922645
2026-09-24,8081,37.36,23,32208994
2026-09-24,8082,71.71,22,76470102
2026-09-24,8083,54.21,11,19052305
2026-09-24,8084,57.28,19,39831695
2026-09-24,8085,41.47,28,58078399
2026-09-24,8086,44.4,32,87293229
2026-09-24,8087,57.36,21,22172683
2026-09-24,8088,17.29,6,10538627
2026-09-24,8089,40.870000000000005,7,26979978
2026-09-24,8091,46.55,24,26780731
2026-09-24,8092,60.86,25,34808759
2026-09-24,8093,67.55,7,38212529
2026-09-24,8094,43.019999999999996,10,7974559
2026-09-24,8095,51.29,6,4068255
2026-09-24,8096,40.330000000000005,27,60248690
2026-09-24,8097,71.77000000000001,19,43288443
2026-09-24,8098,57.120000000000005,8,7561285
2026-09-24,8099,81.75,18,81825372
2026-09-24,8101,81.4,3,42467584
2026-09-24,8102,38.9,10,9088932
2026-09-24,8103,46.0,30,36098939
2026-09-24,8104,33.81,8,35214491
2026-09-24,8105,63.57,41,280813346
2026-09-24,8106,60.81999999999999,3,2398312
2026-09-24,8107,53.92,20,40455131
2026-09-24,8108,0.0,0,0
2026-09-24,8109,54.0,35,44392794
2026-09-24,8110,48.68,38,252151803
2026-09-24,8111,36.25,27,39557540
2026-09-24,8112,35.93,85,203420493
2026-09-24,8112A,50.72,13,15223000
2026-09-24,8114,46.900000000000006,32,36028587
2026-09-24,8115,86.41,25,60501763
2026-09-24,8119,46.709999999999994,26,29753655
2026-09-24,8121,61.230000000000004,38,130428915
2026-09-24,8122,93.10000000000001,13,374716613
2026-09-24,8127,7.67,1,426795
2026-09-24,8130,70.92,21,33777755
2026-09-24,8131,70.46000000000001,26,311703171
2026-09-24,8143,0.0,0,0
2026-09-24,8147,44.1,13,18654288
2026-09-24,8150,67.66,149,476837209
2026-09-24,8152,100.0,1,54483000
2026-09-24,8155,45.39,15,28546767
2026-09-24,8157,78.63000000000001,2,10553362
2026-09-24,8162,73.98,26,50838508
2026-09-24,8163,45.06,44,126231896
2026-09-24,8171,61.15,27,69025443
2026-09-24,8172,0.0,0,0
2026-09-24,8176,33.32,19,23902157
2026-09-24,8182,67.15,13,71889870
2026-09-24,8183,48.33,18,58614721
2026-09-24,8197,84.91,4,52437254
2026-09-24,8201,58.160000000000004,16,36288983
2026-09-24,8204,0.0,0,0
2026-09-24,8210,64.97,29,81440099
2026-09-24,8213,50.51,83,137074033
2026-09-24,8215,53.59,29,171890526
2026-09-24,8218,0.0,0,0
2026-09-24,8219,0.0,0,0
2026-09-24,8221,0.0,0,0
2026-09-24,8222,36.23,13,24859265
2026-09-24,8225,79.64999999999999,4,17827859
2026-09-24,8227,38.160000000000004,13,15100202
2026-09-24,8234,54.94,37,77607022
2026-09-24,8240,54.480000000000004,22,54502756
2026-09-24,8249,57.82,18,79709371
2026-09-24,8255,51.57,17,52614620
2026-09-24,8259,0.0,0,0
2026-09-24,8261,44.12,17,52473221
2026-09-24,8264,0.0,0,0
2026-09-24,8271,40.93,24,53076823
2026-09-24,8272,38.04,6,7230785
2026-09-24,8276,48.36,2,1696622
2026-09-24,8277,15.9,3,6283659
2026-09-24,8279,60.23,5,16329848
2026-09-24,8281,44.49,8,13024976
2026-09-24,8284,64.4,19,30473589
2026-09-24,8286,0.0,0,0
2026-09-24,8287,70.24,1,17045992
2026-09-24,8289,44.650000000000006,18,30525446
2026-09-24,8291,71.89,3,12565803
2026-09-24,8297,92.95,1,13942779
2026-09-24,8298,81.42,3,20869844
2026-09-24,8299,39.55,61,87608339
2026-09-24,8307,99.42,6,125132412
2026-09-24,8325,0.0,0,0
2026-09-24,8329,91.0,36,255375944
2026-09-24,8341,48.64,15,63246458
2026-09-24,8342,72.33,9,24262472
2026-09-24,8345,83.43,15,50081080
2026-09-24,8349,71.35,37,149027883
2026-09-24,8349A,10.25,2,1025000
2026-09-24,8351,72.53999999999999,3,18135542
2026-09-24,8354,65.52000000000001,32,51468109
2026-09-24,8358,35.41,56,89502162
2026-09-24,8359,83.33999999999999,26,113779988
2026-09-24,8361,0.0,0,0
2026-09-24,8367,70.66,33,65152767
2026-09-24,8374,71.41,11,80428985
2026-09-24,8375,77.08,6,5671437
2026-09-24,8380,19.46,2,1386332
2026-09-24,8382,66.04,81,193261819
2026-09-24,8383,52.08,28,59278919
2026-09-24,8390,45.980000000000004,21,44212343
2026-09-24,8391,100.0,1,1230000000
2026-09-24,8401,63.2,22,44675545
2026-09-24,8403,38.339999999999996,22,52799621
2026-09-24,8404,78.91999999999999,67,331526158
2026-09-24,8409,48.769999999999996,9,15608383
2026-09-24,8410,56.95,11,20844040
2026-09-24,8411,82.05,33,181494999
2026-09-24,8415,93.11999999999999,137,960694350
2026-09-24,8416,77.13,7,21759704
2026-09-24,8419,53.22,11,15972100
2026-09-24,8421,64.8,19,41367972
2026-09-24,8422,38.0,133,516870460
2026-09-24,8423,63.660000000000004,14,26558165
2026-09-24,8424,60.57000000000001,7,21846824
2026-09-24,8426,74.92,6,37653241
2026-09-24,8427,0.0,0,0
2026-09-24,8429,42.24,27,78499868
2026-09-24,8431,33.4,17,16299077
2026-09-24,8432,61.56,4,23647118
2026-09-24,8433,66.8,16,36420400
2026-09-24,8435,41.14,13,14485736
2026-09-24,8436,35.67,32,42017563
2026-09-24,8437,41.879999999999995,19,19698475
2026-09-24,8438,79.06,22,55306626
2026-09-24,8440,32.68,7,16428619
2026-09-24,8442,71.69,24,50319683
2026-09-24,8443,69.59,23,46509138
2026-09-24,8444,85.93,33,107527645
2026-09-24,8446,51.3,15,27152807
2026-09-24,8450,58.33,14,29933338
2026-09-24,8452,100.0,1,42000000
2026-09-24,8454,81.35,19,215610684
2026-09-24,8455,89.89999999999999,3,22675306
2026-09-24,8458,73.63,25,26403048
2026-09-24,8462,65.65,20,52792578
2026-09-24,8463,82.45,29,123703219
2026-09-24,8464,87.02,92,255033437
2026-09-24,8465,58.22,4,4716647
2026-09-24,8466,77.09,27,61254779
2026-09-24,8467,81.99,21,39669914
2026-09-24,8472,63.04,3,11182000
2026-09-24,8473,66.16,19,124911729
2026-09-24,8475,100.0,1,109000000
2026-09-24,8476,72.19,54,120972040
2026-09-24,8477,83.50999999999999,5,70303395
2026-09-24,8478,75.66,12,71102800
2026-09-24,8479,62.089999999999996,7,12455493
2026-09-24,8481,66.51,24,44307813
2026-09-24,8482,95.14,18,102245548
2026-09-24,8485,96.18,2,1507916
2026-09-24,8487,55.94,9,14846813
2026-09-24,8488,86.84,18,63837860
2026-09-24,8489,56.83,14,34078179
2026-09-24,8490,45.75,12,10876495
2026-09-24,8491,0.0,0,0
2026-09-24,8492,92.97,12,30963129
2026-09-24,8495,92.59,6,117860132
2026-09-24,8496,87.42999999999999,12,31195288
2026-09-24,8499,79.87,12,32884600
2026-09-24,8707,0.0,0,0
2026-09-24,8708,43.760000000000005,31,85066108
2026-09-24,8710,29.02,29,33529810
2026-09-24,8712,76.16,266,615486657
2026-09-24,8718,35.42,20,34386728
2026-09-24,8719,86.78,136,569755952
2026-09-24,8720,56.97,19,51007503
2026-09-24,8721,0.0,0,0
2026-09-24,8722,62.760000000000005,15,33024900
2026-09-24,8723,50.72,31,53026608
2026-09-24,8724,40.7,6,8235520
2026-09-24,8725,32.37,23,36312291
2026-09-24,8905,92.63,26,110650249
2026-09-24,8906,56.39,16,24839095
2026-09-24,8908,89.16000000000001,47,281255477
2026-09-24,8916,66.03999999999999,48,98186299
2026-09-24,8916A,0.0,0,0
2026-09-24,8917,82.64,69,134441717
2026-09-24,8921,85.56,24,39872910
2026-09-24,8923,82.32,10,25009020
2026-09-24,8924,38.8,22,32531003
2026-09-24,8925,41.31,123,150947207
2026-09-24,8926,56.96,128,473073480
2026-09-24,8927,83.7,112,350856483
2026-09-24,8928,49.14,13,25001527
2026-09-24,8929,45.67,10,23110005
2026-09-24,8930,69.12,35,56555621
2026-09-24,8931,82.00999999999999,16,100284581
2026-09-24,8932,78.9,77,282492179
2026-09-24,8933,52.83,43,172694239
2026-09-24,8934,94.77,1,7555940
2026-09-24,8935,51.260000000000005,26,58207178
2026-09-24,8936,31.68,56,78626258
2026-09-24,8937,90.89,53,392435252
2026-09-24,8938,57.77,59,90717882
2026-09-24,8940,70.71,24,47735373
2026-09-24,8941,66.7,20,23332619
2026-09-24,8942,51.31,62,102056699
2026-09-24,8945,0.0,0,0
2026-09-24,8977,96.97,8,46355327
2026-09-24,8996,51.66,51,48380513
2026-09-24,8999,63.91,29,23012550
2026-09-24,9103,11.719999999999999,32,24125536
2026-09-24,910322,28.93,5,6010000
2026-09-24,9105,26.56,366,421998670
2026-09-24,910861,37.47,13,12710500
2026-09-24,9110,43.8,25,23877001
2026-09-24,911608,31.479999999999997,13,10778356
2026-09-24,911611,41.32,27,36504899
2026-09-24,911613,5.99,1,666001
2026-09-24,911622,52.47,9,15741000
2026-09-24,911868,36.68,37,51386000
2026-09-24,912000,34.44,49,54908803
2026-09-24,9136,67.58,33,89155100
2026-09-24,916665,0.0,0,0
2026-09-24,9801,69.33999999999999,40,274589797
2026-09-24,9802,63.540000000000006,58,127756228
2026-09-24,9902,57.17,22,56067802
2026-09-24,9904,68.01,458,2004951365
2026-09-24,9905,74.3,45,226672935
2026-09-24,9906,78.74,24,71179177
2026-09-24,9907,74.63,184,1178753014
2026-09-24,9908,80.57,111,416131282
2026-09-24,9910,88.96000000000001,91,878647205
2026-09-24,9911,67.19,56,149400771
2026-09-24,9912,62.809999999999995,18,33796025
2026-09-24,9914,64.78999999999999,84,193757113
2026-09-24,9917,76.92,97,347104247
2026-09-24,9918,85.05,50,153598520
2026-09-24,9919,45.38999999999999,27,88721048
2026-09-24,9921,69.52000000000001,125,272637791
2026-09-24,9922,69.34,59,149806112
2026-09-24,9924,61.129999999999995,45,92186646
2026-09-24,9925,68.17,92,264209399
2026-09-24,9926,83.81,52,150475266
2026-09-24,9927,58.89,18,70703514
2026-09-24,9928,75.17999999999999,15,53181688
2026-09-24,9929,88.10000000000001,19,89252204
2026-09-24,9930,77.67,17,193076436
2026-09-24,9931,78.02,26,93941127
2026-09-24,9933,62.86,163,593846062
2026-09-24,9934,66.62,82,273893516
2026-09-24,9935,61.75,65,109838390
2026-09-24,9936,29.08,22,30454155
2026-09-24,9937,89.18,69,275682095
2026-09-24,9938,52.93,79,157745581
2026-09-24,9939,62.33,90,184449362
2026-09-24,9940,81.61,73,601462051
2026-09-24,9941,70.62,66,414771520
2026-09-24,9941A,82.12,23,82137832
2026-09-24,9942,51.730000000000004,24,43036938
2026-09-24,9943,71.10000000000001,13,89019110
2026-09-24,9944,78.82,43,83498682
2026-09-24,9945,66.36,352,1887952287
2026-09-24,9946,81.91000000000001,40,267549888
2026-09-24,9947,0.0,0,0
2026-09-24,9948,0.0,0,0
2026-09-24,9949,73.0,17,32755042
2026-09-24,9950,83.89999999999999,25,140745530
2026-09-24,9951,46.5,19,34097102
2026-09-24,9952,0.0,0,0
2026-09-24,9953,0.0,0,0
2026-09-24,9955,61.510000000000005,21,64247604
2026-09-24,9956,0.0,0,0
2026-09-24,9957,96.06,73,3093956593
2026-09-24,9958,49.16,58,131251719
2026-09-24,9959,0.0,0,0
2026-09-24,9960,77.78,17,26137359
2026-09-24,9961,93.39,16,64543057
2026-09-24,9962,46.7,26,42150291
2026-09-24,9963,100.0,1,9900000000
2026-09-24,9964,100.0,1,75927625
2026-09-24,9965,0.0,0,0
2026-09-24,Y5810A,100.0,1,100560316
2026-09-24,YCJ1AA,100.0,1,25894736
2026-09-24,YEK9AA,0.0,0,0
2026-09-24,YEL5,100.0,1,110090000
2026-09-24,YEL9,100.0,1,40372420
2026-09-24,YEQ5,100.0,1,40100000
2026-09-24,YEQ6,100.0,1,25039250
2026-09-24,YEQ7,100.0,1,27459600
2026-09-24,YEQ8,100.0,1,25408000
2026-09-24,YEQ9,100.0,1,25590000
2026-09-24,YER1,100.0,1,120000000
2026-09-24,YER3,100.0,1,28354000
2026-09-24,YES7,100.0,1,1037885
2026-09-24,YES7AA,100.0,1,617228
2026-09-24,YES8,100.0,1,38789212
2026-09-24,YET2,100.0,1,14459620
2026-09-24,YET5,100.0,1,561151515
2026-09-24,YET6,100.0,1,19221059
2026-09-24,YET7,100.0,1,16648950
2026-09-24,YEU2O,100.0,1,41587064
2026-09-24,YEU5,100.0,2,35745069
2026-09-24,YEU8,100.0,1,14520934
2026-09-24,YEV2,100.0,1,11997000
2026-09-24,YEV6,100.0,1,29842026
2026-09-24,YEV8,100.0,1,22004771
2026-09-24,YFA8,100.0,1,24000000
2026-09-24,YFB4,100.0,1,3000000
2026-09-24,YFC1,100.0,1,10000000
2026-09-24,YFC4,100.0,1,39536015
2026-09-24,YFC5,100.0,1,25200000
2026-09-24,YFC9,100.0,1,60000000
2026-09-24,YFD5,100.0,1,122526557
2026-09-24,YFE2,100.0,1,30000000
2026-09-24,YFE9,100.0,1,4185000
2026-09-24,YFF2,100.0,1,12605950
2026-09-24,YFF3,100.0,1,20000000
2026-09-24,YFF7,100.0,1,85766666
2026-09-24,YFG9,100.0,1,41397238
2026-09-24,YFJ1,100.0,1,21000000
2026-09-24,YFK1,100.0,1,319418495
2026-09-24,YFK2,100.0,1,9500000
2026-09-24,YFK4,100.0,1,35000000
2026-09-24,YFK8,100.0,1,7835403
2026-09-24,YFL7,100.0,1,169795723
2026-09-24,YFL9,100.0,1,44224000
2026-09-24,YFM1,100.0,1,467260000
2026-09-24,YFM2,100.0,1,49635902
2026-09-24,YFN3,0.0,0,0
2026-09-24,YFN5,100.0,1,41065428
2026-09-24,YFN6,100.0,1,3030000
2026-09-24,YFN9,100.0,1,27751204
2026-09-24,YFP5,100.0,1,22943000
2026-09-24,YFQ1,98.0,1,11295085
2026-09-24,YFQ3,100.0,1,29762500
2026-09-24,YFQ8,100.0,1,19682623
2026-09-24,YFR5,100.0,1,3500000
2026-09-24,YFR6,100.0,1,90000000
2026-09-24,YFR6AA,100.0,1,660000
2026-09-24,YFT2,100.0,1,91844901
2026-09-24,YFU5,100.0,1,190363503
2026-09-24,YFU6,88.00999999999999,10,20299022
2026-09-24,YG56AA,100.0,3,100000000
2026-09-24,YG83AE,100.0,1,1500000
2026-09-24,YGA1,100.0,1,48259363
2026-09-24,YGA5,100.0,1,32098300
2026-09-24,YGB1,0.0,0,0
2026-09-24,YGB2,99.19,1,6899576
2026-09-24,YGB6,100.0,1,2515000
2026-09-24,YGB7,100.0,1,12000000
2026-09-24,YGC3,100.0,1,32695408
2026-09-24,YGC5,100.0,1,108853500
2026-09-24,YGC6,100.0,1,60000000
2026-09-24,YGC7,100.0,1,13100000
2026-09-24,YGC8,100.0,1,13505258
2026-09-24,YGC9,100.0,1,6700000
2026-09-24,YGD3,100.0,1,110836800
2026-09-24,YGD6,100.0,1,29920000
2026-09-24,YGD7,100.0,1,14875000
2026-09-24,YGD9,100.0,1,28654707
2026-09-24,YGE1,100.0,1,287432769
2026-09-24,YGE2,100.0,1,545000
2026-09-24,YGE4,100.0,1,64910449
2026-09-24,YGE7,100.0,1,38860000
2026-09-24,YGE8,100.0,1,5070000
2026-09-24,YGE9,100.0,1,15250246
2026-09-24,YGF1,100.0,1,20393121
2026-09-24,YGG2,100.0,1,1000000
2026-09-24,YGG6,100.0,1,26000000
2026-09-24,YGG7,100.0,1,122220000
2026-09-24,YGG9,0.0,0,0
2026-09-24,YGH3,100.0,1,16000000
2026-09-24,YGH4,100.0,1,28918314
2026-09-24,YGH5,100.0,1,65200000
2026-09-24,YGJ1,100.0,1,31686700
2026-09-24,YGJ6,100.0,1,123729000
2026-09-24,YGK1,100.0,1,2000000
2026-09-24,YGK9,100.0,1,53000000
2026-09-24,YGL1,100.0,1,60660000
2026-09-24,YGL4,100.0,1,30000000
2026-09-24,YGL7,100.0,1,77235551
2026-09-24,YGL8,100.0,1,65520000
2026-09-24,YGM3,100.0,1,78973750
2026-09-24,YGM5,100.0,1,28575424
2026-09-24,YGM7,100.0,1,41937016
2026-09-24,YGN3,100.0,2,54675875
2026-09-24,YGN6,100.0,1,20683495
2026-09-24,YGN8,100.0,1,200000000
2026-09-24,YGP5,100.0,1,80000000
2026-09-24,YGP7,100.0,1,600000000
2026-09-24,YGQ2,100.0,1,3000000
2026-09-24,YGR2,100.0,1,4000000
2026-09-24,YGR3,100.0,1,20000000
2026-09-24,YGR9,100.0,1,23191320
2026-09-24,YGS2,100.0,1,10000000
2026-09-24,YGS5,100.0,1,6065000
2026-09-24,YGS5AA,100.0,1,437500
2026-09-24,YGS6,100.0,1,7008000
2026-09-24,YGS8,100.0,1,6188763
2026-09-24,YGS9,100.0,1,59437632
2026-09-24,YGT1,100.0,1,10009000
2026-09-24,YGT5,100.0,1,61047000
2026-09-24,YGT6,100.0,1,53640500
2026-09-24,YGU3,100.0,1,300000000
2026-09-24,YGU7,100.0,1,4898695
2026-09-24,YGU8,100.0,1,4788000
2026-09-24,YGV3,100.0,1,18050000
2026-09-24,YGV7,100.0,1,6000000
2026-09-24,YH12AA,100.0,1,31153147
2026-09-24,YHA5,100.0,2,194563302
2026-09-24,YHA7,100.0,1,11308000
2026-09-24,YHA9,100.0,1,38007675
2026-09-24,YHB2,100.0,1,18192198
2026-09-24,YHB4,100.0,1,34716000
2026-09-24,YHB7,100.0,1,10000000
2026-09-24,YHB8,100.0,1,17848705
2026-09-24,YHC2,100.0,2,172635000
2026-09-24,YHC7,100.0,1,20630325
2026-09-24,YHD1,100.0,1,8503492
2026-09-24,YHD3,100.0,1,151868752
2026-09-24,YHD4,100.0,1,14447252
2026-09-24,YHD5,100.0,1,27900000
2026-09-24,YHD6,100.0,1,6000000
2026-09-24,YHD8,100.0,1,7019910
2026-09-24,YHD9,100.0,1,1667647
2026-09-24,YHE1,100.0,1,30000000
2026-09-24,YHE4,100.0,1,6850000
2026-09-24,YHE5,100.0,1,56142869
2026-09-24,YHF4,96.6,1,38690000
2026-09-24,YHF9,100.0,1,3350000
2026-09-24,YHG1,100.0,1,27514706
2026-09-24,YHG4,100.0,1,14194594
2026-09-24,YHG5,100.0,1,130529137
2026-09-24,YHG5AA,100.0,1,24564339
2026-09-24,YHG6,100.0,1,27135568
2026-09-24,YHG8,100.0,1,9461256
2026-09-24,YHH1,100.0,1,147350000
2026-09-24,YHH7,100.0,1,37368000
2026-09-24,YHH8,100.0,1,13300000
2026-09-24,YHJ8,100.0,1,5600000
2026-09-24,YHJ9,100.0,1,11600000
2026-09-24,YHK1,100.0,1,500000
2026-09-24,YHK3,99.98,3,57709166
2026-09-24,YHK8,100.0,1,30831137
2026-09-24,YHK9,100.0,1,7880000
2026-09-24,YHL1,100.0,1,7307968
2026-09-24,YHL2,100.0,1,5557418
2026-09-24,YHL4,100.0,1,4250000
2026-09-24,YHL5,100.0,1,50000000
2026-09-24,YHL5AA,100.0,1,4752710
2026-09-24,YHL9,100.0,1,17500000
2026-09-24,YHM2,100.0,1,5275200
2026-09-24,YHM2AA,0.0,0,0
2026-09-24,YHN3,100.0,1,21988089
2026-09-24,YHN6,100.0,1,33007388
2026-09-24,YHP3,100.0,2,23800000
2026-09-24,YHP5,100.0,1,2009840
2026-09-24,YHP6,98.74,1,44027244
2026-09-24,YHQ2,100.0,1,5704112
2026-09-24,YHQ4,99.99000000000001,2,33601237
2026-09-24,YHQ6,100.0,1,31680036
2026-09-24,YHQ8,100.0,1,22575000
2026-09-24,YHQ8AA,100.0,1,4795000
2026-09-24,YHQ9,100.0,1,3460000
2026-09-24,YHR6,100.0,1,20300000
2026-09-24,YHR7,100.0,1,147500028
2026-09-24,YHR8,100.0,1,53921000
2026-09-24,YHR9,100.0,1,53025000
2026-09-24,YHS5,98.34,1,20447695
2026-09-24,YHS6,100.0,1,34604143
2026-09-24,YHS7,100.0,1,1088417
2026-09-24,YHS7AA,100.0,1,415000
2026-09-24,YHS7AB,0.0,0,0
2026-09-24,YHS8,100.0,1,24110000
2026-09-24,YHS9,100.0,1,20347059
2026-09-24,YHT1,100.0,1,9100000
2026-09-24,YHT2,100.0,1,16590000
2026-09-24,YHT4,100.0,1,30145637
2026-09-24,YHT7,100.0,1,268840332
2026-09-24,YHT8,100.0,1,80000000
2026-09-24,YHT9,100.0,2,280000000
2026-09-24,YHU2O,100.0,1,60390000
2026-09-24,YHU4,95.39,6,221996188
2026-09-24,YHU5,100.0,1,13300000
2026-09-24,YHU6,100.0,1,100000000
2026-09-24,YHV1,100.0,1,14000000
2026-09-24,YHV4,100.0,1,25580000
2026-09-24,YHV6,100.0,1,53000000
2026-09-24,YHV7,100.0,1,100000000
2026-09-24,YHV8,100.0,1,6037463
2026-09-24,YHV9,100.0,1,76000000
2026-09-24,YJA1,100.0,1,4500000
2026-09-24,YJA2,100.0,1,14010000
2026-09-24,YJA6,100.0,1,230300000
2026-09-24,YJB1,100.0,1,13964141
2026-09-24,YJB4,100.0,1,1000000
2026-09-24,YJB5,99.99000000000001,2,22338495
2026-09-24,YJB6,100.0,1,25552716
2026-09-24,YJB8,100.0,1,15975000
2026-09-24,YJB9,100.0,2,20914390
2026-09-24,YJC3,100.0,1,881107
2026-09-24,YJC4,100.0,1,33941000
2026-09-24,YJC8,100.0,2,27875000
2026-09-24,YJD1,100.0,1,8895944
2026-09-24,YJD2,100.0,1,95000000
2026-09-24,YJD4,100.0,1,25000000
2026-09-24,YJD5,100.0,1,38172400
2026-09-24,YJD7,99.99000000000001,2,60700000
2026-09-24,YJD9,100.0,1,14143458
2026-09-24,YJE1,0.0,0,0
2026-09-24,YJE3,100.0,1,130629068
2026-09-24,YJE6,100.0,1,12822833
2026-09-24,YJE7,100.0,1,6192000
2026-09-24,YJE8,100.0,1,21700000
2026-09-24,YJE9,100.0,1,12000000
2026-09-24,YJF1,100.0,1,38419720
2026-09-24,YJF3,100.0,1,800000
2026-09-24,YJF4,100.0,1,16024360
2026-09-24,YJF6,100.0,2,20648862
2026-09-24,YJF7,100.0,1,188000000
2026-09-24,YJF8,100.0,1,20000000
2026-09-24,YJF9,100.0,1,30274000
2026-09-24,YJG1,100.0,1,23000000
2026-09-24,YJG4,99.99,1,272487267
2026-09-24,YJG5,100.0,1,11082068
2026-09-24,YJG9,100.0,1,359468221
2026-09-24,YJG9AA,100.0,1,10000000
2026-09-24,YJH3,100.0,1,39000000
2026-09-24,YJH4,99.92,1,22763000
2026-09-24,YJH5,100.0,1,74500000
2026-09-24,YJH9,100.0,1,14997030
2026-09-24,YJJ2,100.0,1,70000000
2026-09-24,YJJ3,100.0,1,25586505
2026-09-24,YJJ4,100.0,1,27091000
2026-09-24,YJJ5,100.0,1,38203689
2026-09-24,YJJ7,100.0,1,9088085
2026-09-24,YJJ9,100.0,1,10000000
2026-09-24,YJK1,0.0,0,0
2026-09-24,YJK1AA,100.0,1,704400
2026-09-24,YJK4,100.0,1,5000000
2026-09-24,YJK5,100.0,1,60815832
2026-09-24,YJK6,100.0,1,40921364
2026-09-24,YJL2,100.0,1,10000000
2026-09-24,YJL3,100.0,1,30000000
2026-09-24,YJL4,100.0,1,13822809
2026-09-24,YJL7,100.0,1,24000000
2026-09-24,YJL8,100.0,2,28150000
2026-09-24,YJL9,100.0,1,39473685
2026-09-24,YJM2,100.0,1,8674376
2026-09-24,YJM2AA,100.0,1,1145651
2026-09-24,YJM2AB,100.0,1,683334
2026-09-24,YJM2AC,100.0,1,556120
2026-09-24,YJM3,100.0,1,61825929
2026-09-24,YJM4,100.0,1,18000000
2026-09-24,YJM6,100.0,1,57005338
2026-09-24,YJM8,100.0,1,33200000
2026-09-24,YJM9,100.0,1,38834441
2026-09-24,YJN1,100.0,1,40000000
2026-09-24,YJN5,100.0,1,25580000
2026-09-24,YJN8,100.0,1,7279500
2026-09-24,YJP1,100.0,1,66773449
2026-09-24,YJP2,100.0,1,1761880
2026-09-24,YJP3,100.0,1,23660000
2026-09-24,YJP6,100.0,1,33272967
2026-09-24,YJP8,100.0,1,43445000
2026-09-24,YJP9,100.0,1,194621114
2026-09-24,YJQ2,100.0,1,18010816
2026-09-24,YJQ3,100.0,2,32710247
2026-09-24,YJQ4,100.0,1,19648000
2026-09-24,YJQ5,100.0,1,93759589
2026-09-24,YJQ8,100.0,1,34919024
2026-09-24,YJQ9,99.99000000000001,2,34824020
2026-09-24,YJR1,100.0,1,40396834
2026-09-24,YJR2,100.0,1,13394950
2026-09-24,YJR4,100.0,1,20236400
2026-09-24,YJR5,100.0,1,2755292
2026-09-24,YJR8,100.0,1,33300000
2026-09-24,YJR9,100.0,1,12118731
2026-09-24,YJS1,100.0,1,19635000
2026-09-24,YJS2,78.86,19,90793027
2026-09-24,YJS7,100.0,1,54000000
2026-09-24,YJS9,100.0,1,45695791
2026-09-24,YJT2,99.29,2,25824063
2026-09-24,YJT5,100.0,1,13255220
2026-09-24,YJT6,100.0,1,11309592
2026-09-24,YJU1,100.0,2,16702000
2026-09-24,YJU2,100.0,1,57476035
2026-09-24,YJU3,100.0,1,16765500
2026-09-24,YJU4,100.0,1,60000000
2026-09-24,YJU7,100.0,1,164544000
2026-09-24,YJU8,100.0,1,500000
2026-09-24,YJU9,99.59,2,52250000
2026-09-24,YJV1,100.0,1,100000000
2026-09-24,YJV6,100.0,1,19465149
2026-09-24,YJV8,100.0,1,37959172
2026-09-24,YJV9,99.99,2,55039500
2026-09-24,YKA1,98.98,2,16085000
2026-09-24,YKA4,100.0,1,39566759
2026-09-24,YKA6,100.0,1,9534003
2026-09-24,YKA7,99.99,3,9450000
2026-09-24,YKB1,100.0,1,17167043
2026-09-24,YKB1AA,100.0,1,1979120
2026-09-24,YKB2,100.0,1,471860000
2026-09-24,YKB3,100.0,1,6000000
2026-09-24,YKB6,100.0,1,58305925
2026-09-24,YKB8,100.0,1,11400649
2026-09-24,YKB9,100.0,1,1015000
2026-09-24,YKC3,100.0,1,7000000
2026-09-24,YKC6,100.0,1,23000000
2026-09-24,YKC9,100.0,1,23400000
2026-09-24,YKD3,100.0,2,14750000
2026-09-24,YKD5,100.0,1,23100000
2026-09-24,YKD7,100.0,1,119671125
2026-09-24,YKD7AA,100.0,1,10395453
2026-09-24,YKD8,100.0,1,33259407
2026-09-24,YKE1,99.69,1,79118444
2026-09-24,YKE2,100.0,1,12000000
2026-09-24,YKE3,0.0,0,0
2026-09-24,YKE3O,100.0,1,172232666
2026-09-24,YKE6,99.99000000000001,2,19927720
2026-09-24,YKE7,100.0,1,9752000
2026-09-24,YKE8,100.0,1,37701379
2026-09-24,YKF1,100.0,1,16378330
2026-09-24,YKF2,100.0,1,1144165
2026-09-24,YKF3,100.0,1,125572455
2026-09-24,YKF8,100.0,1,351929429
2026-09-24,YKF8AB,100.0,1,3333334
2026-09-24,YKG2,100.0,1,9100000
2026-09-24,YKG3,100.0,1,63649262
2026-09-24,YKG4,100.0,1,16598480
2026-09-24,YKG4AA,100.0,1,1000000
2026-09-24,YKG4AB,100.0,1,32996076
2026-09-24,YKG4AC,100.0,1,1110000
2026-09-24,YKG6,100.0,1,40000000
2026-09-24,YKG7,100.0,1,40840000
2026-09-24,YKG7AA,100.0,1,20000000
2026-09-24,YKG9,100.0,1,897370
2026-09-24,YKH1,100.0,1,25000000
2026-09-24,YKH2,100.0,1,10974000
2026-09-24,YKH3,100.0,1,20000000
2026-09-24,YKH4,100.0,1,583487403
2026-09-24,YKH9,100.0,1,17660253
2026-09-24,YKJ1,100.0,1,30549211
2026-09-24,YKJ2,100.0,1,40000000
2026-09-24,YKJ4,100.0,1,33950000
2026-09-24,YKJ5,100.0,1,24488000
2026-09-24,YKK1,100.0,1,49800000
2026-09-24,YKK2,100.0,1,36810800
2026-09-24,YKK3,100.0,1,35000000
2026-09-24,YKK4,100.0,1,139917000
2026-09-24,YKL1,100.0,2,26503571
2026-09-24,YKM2,100.0,2,59264140
2026-09-24,YKM3,100.0,1,45000000
2026-09-24,YKM4,100.0,1,70000000
2026-09-24,YKM6,100.0,1,19942460
2026-09-24,YKM9,100.0,1,60000000
2026-09-24,YKN3,100.0,1,21522690
2026-09-24,YKN3AA,100.0,1,477310
2026-09-24,YKN5,100.0,1,131800000
2026-09-24,YKN6,99.99000000000001,2,37133142
2026-09-24,YKN7,100.0,1,27247461
2026-09-24,YKN9,100.0,1,1938600
2026-09-24,YKP1,100.0,1,56000000
2026-09-24,YKP3,100.0,1,17716384
2026-09-24,YKP4,100.0,1,149974327
2026-09-24,YKP5,100.0,1,6053000
2026-09-24,YKP6,100.0,1,35000000
2026-09-24,YKP8,100.0,1,19076521
2026-09-24,YKQ6,100.0,1,5000000
2026-09-24,YKQ7,100.0,1,28977401
2026-09-24,YKQ8,100.0,1,20000000
2026-09-24,YKQ9,100.0,1,21091773
2026-09-24,YKR2,100.0,1,27836000
2026-09-24,YKR6,100.0,1,22750000
2026-09-24,YKR8,100.0,1,48000000
2026-09-24,YKS1,100.0,1,70000000
2026-09-24,YKS3,100.0,1,17096104
2026-09-24,YKS4,100.0,1,1500000
2026-09-24,YKS5,100.0,1,9523656
2026-09-24,YKS6,100.0,1,96029200
2026-09-24,YKS6O,100.0,1,126029200
2026-09-24,YKS7,98.47,2,33480000
2026-09-24,YKS9,100.0,3,20000000
2026-09-24,YKT1,99.43,2,46840078
2026-09-24,YKT6,100.0,1,6600000
2026-09-24,YKU1,100.0,1,62495423
2026-09-24,YKU2,100.0,1,11430000
2026-09-24,YKU4,100.0,1,9564943
2026-09-24,YKU5,100.0,1,10588166
2026-09-24,YKU7,100.0,1,25924950
2026-09-24,YKU8,100.0,1,20000000
2026-09-24,YKV1,100.0,1,12061000
2026-09-24,YKV2,100.0,2,27500000
2026-09-24,YKV5,100.0,1,24300000
2026-09-24,YKV6,100.0,1,50618600
2026-09-24,YKV7,100.0,1,12608613
2026-09-24,YKV8,100.0,1,48491777
2026-09-24,YLA1,100.0,1,26719500
2026-09-24,YLA4,100.0,1,160000000
2026-09-24,YLA5,100.0,1,20000000
2026-09-24,YLA6,99.99,2,73728000
2026-09-24,YLA7,100.0,1,34476000
2026-09-24,YLA8,100.0,1,78456000
2026-09-24,YLB1,100.0,1,2185000
2026-09-24,YLB2,100.0,1,136120000
2026-09-24,YLB3,100.0,1,68399409
2026-09-24,YLB4,100.0,1,16000000
2026-09-24,YLC1,100.0,1,48882151
2026-09-24,YLC2,100.0,1,746460000
2026-09-24,YLC5,100.0,1,16000000
2026-09-24,YLC6,100.0,1,15875000
2026-09-24,YLC7,99.88,2,26648000
2026-09-24,YLC8,100.0,1,8000000
2026-09-24,YLD1,100.0,1,26900000
2026-09-24,YLD2,100.0,1,246205940
2026-09-24,YLD3,100.0,1,16000000
2026-09-24,YLD5,100.0,1,6176526
2026-09-24,YLD6,100.0,1,35000000
2026-09-24,YLD7,100.0,1,35409182
2026-09-24,YLD8,100.0,1,33000000
2026-09-24,YLD9,100.0,1,17000000
2026-09-24,YLE2,100.0,1,47471904
2026-09-24,YLE3,100.0,1,3170000
2026-09-24,YLE5,100.0,1,22634294
2026-09-24,YLE6,100.0,1,4059764
2026-09-24,YLE7,100.0,2,100000000
2026-09-24,YLE8,100.0,1,26200000
2026-09-24,YLE9,100.0,1,20396727
2026-09-24,YLF1,100.0,1,6500000
2026-09-24,YLF2,100.0,1,9771559
2026-09-24,YLF2AA,100.0,1,2975873
2026-09-24,YLF2AB,100.0,1,1902363
2026-09-24,YLF2AC,100.0,1,5825766
2026-09-24,YLF2AD,100.0,1,4566807
2026-09-24,YLF3,100.0,1,86650000
2026-09-24,YLF4,100.0,1,17710000
2026-09-24,YLF5,100.0,1,82816443
2026-09-24,YLF6,100.0,1,40030000
2026-09-24,YLF7,100.0,1,18816698
2026-09-24,YLF8,100.0,1,20300000
2026-09-24,YLF9,100.0,1,40650000
2026-09-24,YLG1AO,100.0,1,2000000
2026-09-24,YLG2,100.0,1,542475956
2026-09-24,YLG5,100.0,1,31000000
2026-09-24,YLG6,100.0,1,7000000
2026-09-24,YLG7,100.0,1,15300000
2026-09-24,YLG8,100.0,1,20000000
2026-09-24,YLG9,100.0,1,23444566
2026-09-24,YLH2,100.0,1,94632000
2026-09-24,YLH3,100.0,1,15379321
2026-09-24,YLH4,100.0,1,5196144
2026-09-24,YLH5,99.99,2,24128000
2026-09-24,YLH6,100.0,1,4735164
2026-09-24,YLH7,100.0,1,16531250
2026-09-24,YLH8,100.0,1,17038735
2026-09-24,YLH9,100.0,1,26038930
2026-09-24,YLJ2,100.0,1,22300000
2026-09-24,YLJ3,100.0,2,33833334
2026-09-24,YLJ4,100.0,1,11944600
2026-09-24,YLJ6,100.0,1,200000000
2026-09-24,YLJ7,100.0,1,20000000
2026-09-24,YLJ8,100.0,1,65526193
2026-09-24,YLJ9,100.0,1,11105000
2026-09-24,YLK4,100.0,1,10000000
2026-09-24,YLK5,100.0,1,69300000
2026-09-24,YLK7,100.0,1,21000000
2026-09-24,YLK8,100.0,2,17934095
2026-09-24,YLK9,100.0,1,366000000
2026-09-24,YLL1,100.0,2,58824000
2026-09-24,YLL3,100.0,2,27500000
2026-09-24,YLL5,99.80999999999999,4,198652437
2026-09-24,YLL8,100.0,1,18900000
2026-09-24,YLM1,100.0,1,10000000
2026-09-24,YLM2,100.0,1,29000000
2026-09-24,YLM3,100.0,1,24000000
2026-09-24,YLM4,100.0,1,15859090
2026-09-24,YLM6,100.0,1,26000000
2026-09-24,YLM7,98.74,1,16232424
2026-09-24,YLN2,100.0,2,39000000
2026-09-24,YLN4,100.0,1,24000000
2026-09-24,YLN6,100.0,1,23344709
2026-09-24,YLN8,100.0,1,9500000
2026-09-24,YLN9,100.0,1,16361000
2026-09-24,YLP3,100.0,1,15500000
2026-09-24,YLP7,100.0,1,25000672
2026-09-24,YLP8,100.0,1,25248000
2026-09-24,YLQ1,100.0,1,14756880
2026-09-24,YLQ3,100.0,1,67000000
2026-09-24,YLQ5,100.0,1,83257235
2026-09-24,YLQ6,100.0,1,2900000
2026-09-24,YLQ7,100.0,1,2145580791
2026-09-24,YLQ9,100.0,2,144631513
2026-09-24,YLR1,100.0,1,16737425
2026-09-24,YLR2,100.0,1,947880
2026-09-24,YLR3,100.0,1,962585
2026-09-24,YLR6,100.0,1,9000000
2026-09-24,YLR8,0.0,0,0
2026-09-24,YLR9,100.0,1,21870000
2026-09-24,YLS1,100.0,1,53138600
2026-09-24,YLS4,100.0,1,117939975
2026-09-24,YLS6,100.0,2,15096050
2026-09-24,YLS8,100.0,1,42600000
2026-09-24,YLT2,100.0,1,26331561
2026-09-24,YLT3,99.99000000000001,2,20912040
2026-09-24,YLT4,100.0,1,30253608
2026-09-24,YLT5,100.0,1,353546147
2026-09-24,YLT6,100.0,1,1423000
2026-09-24,YLT7,100.0,1,42595000
2026-09-24,YLT8,100.0,1,20640000
2026-09-24,YLT9,100.0,1,14418000
2026-09-24,YLU1,100.0,1,35000000
2026-09-24,YLU2,100.0,2,20000000
2026-09-24,YLU3,100.0,1,5300000
2026-09-24,YLU4,100.0,1,32307000
2026-09-24,YLU5,100.0,1,32156445
2026-09-24,YLU7,100.0,1,50000000
2026-09-24,YLU8,100.0,2,62500000
2026-09-24,YLV1,100.0,2,13098744
2026-09-24,YLV4,100.0,1,67786666
2026-09-24,YLV5,100.0,1,17668920
2026-09-24,YLV7,100.0,1,2900000
2026-09-24,YLV8,100.0,1,113521430
2026-09-24,YLV9,100.0,1,24462000
2026-09-24,YMA1,100.0,1,44200000
2026-09-24,YMA3,100.0,1,14700000
2026-09-24,YMA5,100.0,1,35000000
2026-09-24,YMA6,100.0,1,35363949
2026-09-24,YMA7,97.14,1,6805000
2026-09-24,YMA8,100.0,1,16103383
2026-09-24,YMA9,100.0,2,14330000
2026-09-24,YMB1,100.0,1,16144000
2026-09-24,YMB2,100.0,1,210000000
2026-09-24,YMB3,100.0,1,45000000
2026-09-24,YMB4,100.0,1,9407112
2026-09-24,YMB5,100.0,1,18173913
2026-09-24,YMB6,81.47999999999999,6,40576958
2026-09-24,YMB7,100.0,2,19500000
2026-09-24,YMB8,100.0,1,42130000
2026-09-24,YMB9,100.0,1,51342218
2026-09-24,YMC1,100.0,1,3570720
2026-09-24,YMC2,100.0,1,9670970
2026-09-24,YMC3,100.0,1,8265000
2026-09-24,YMC5,100.0,1,39533000
2026-09-24,YMC6,100.0,1,16500000
2026-09-24,YMC8,100.0,1,22596000
2026-09-24,YMC9,100.0,1,12000000
2026-09-24,YMD1,100.0,1,20000000
2026-09-24,YMD2,100.0,2,22035000
2026-09-24,YMD3,100.0,1,15500000
2026-09-24,YMD4,100.0,1,24354000
2026-09-24,YMD6,100.0,1,9000000
2026-09-24,YMD7,100.0,1,50500000
2026-09-24,YMD8,100.0,1,23000000
2026-09-24,YME2,100.0,1,45500000
2026-09-24,YME4,100.0,1,19737000
2026-09-24,YME5,100.0,1,66000000
2026-09-24,YME6,100.0,1,22874000
2026-09-24,YME7,100.0,1,14950000
2026-09-24,YME8,100.0,1,45700000
2026-09-24,YME9,100.0,1,15074046
2026-09-24,YMF1,100.0,1,16000000
2026-09-24,YMF2,100.0,1,17331300
2026-09-24,YMF3,100.0,1,46633350
2026-09-24,YMF4,100.0,1,156840000
2026-09-24,YMF6,100.0,1,20000000
2026-09-24,YMF7,100.0,1,20000000
2026-09-24,YMF8,99.99,2,34875908
2026-09-24,YMF9,100.0,2,21150000
2026-09-24,YMG1,100.0,1,19948896
2026-09-24,YMG2,100.0,1,17400000
2026-09-24,YMG3,100.0,1,21600000
2026-09-24,YMG4,100.0,1,22881118
2026-09-24,YMG5,100.0,1,15440000
2026-09-24,YMG6,100.0,1,62500000
2026-09-24,YMG7,99.53,4,21848000
2026-09-24,YMG8,100.0,1,46805175
2026-09-24,YMG9,100.0,1,94500000
2026-09-24,YMH1,99.99000000000001,2,21000000
2026-09-24,YMH2,100.0,1,10000000
2026-09-24,YMH3,100.0,1,121000000
2026-09-24,YMH4,100.0,1,82000000
2026-09-24,YMH5,100.0,1,80166636
2026-09-24,YMH6,100.0,1,16819007
2026-09-24,YMH7,100.0,1,10300000
2026-09-24,YMH8,100.0,1,18540000
2026-09-24,YMH9,100.0,1,24878000
2026-09-24,YMJ1,100.0,1,15080305
2026-09-24,YMJ3,99.99,2,25300000
2026-09-24,YMJ4,100.0,1,25000000
2026-09-24,YMJ5,100.0,2,51733000
2026-09-24,YMJ7,100.0,1,13000000
2026-09-24,YMJ7AA,0.0,0,0
2026-09-24,YMJ7AB,100.0,1,1000000
2026-09-24,YMJ8,100.0,1,103766198
2026-09-24,YMK3,100.0,1,62500000
2026-09-24,YMK5,100.0,1,3000000
2026-09-24,YMK8,100.0,1,11720000
2026-09-24,YMK9,100.0,1,38611270
2026-09-24,YML1,100.0,1,15000000
2026-09-24,YML3,100.0,1,30000000
2026-09-24,YML7,100.0,1,5250000
2026-09-24,YML8,100.0,1,37126500
2026-09-24,YML9,0.0,0,0
2026-09-24,YMM7,100.0,1,1500000
2026-09-24,YMM8,100.0,1,11000000
2026-09-24,YMN2,100.0,1,120000000
2026-09-24,YMN5,100.0,1,5000000
2026-09-24,YMN9,100.0,1,15787276
2026-09-24,YQ19AA,100.0,1,20000000
2026-09-24,YQ19AB,100.0,1,1369202
2026-09-24,YR43,100.0,1,2896811863
2026-09-24,YY0005,0.0,0,0
2026-09-24,YY0008,0.0,0,0
2026-09-24,YY0014,0.0,0,0
2026-09-24,YY0016,0.0,0,0
2026-09-24,YY0024,0.0,0,0
2026-09-24,YY0027,13.0,10,9123076
2026-09-24,YY0028,39.82,58,98532412
2026-09-24,YY0029,30.71,8,11985916
2026-09-24,YY0030,52.22,25,32768931
2026-09-24,YY0031,0.0,0,0
2026-09-24,YY0032,0.0,0,0
2026-09-24,YY0033,18.08,4,3676837
2026-09-24,YY0034,0.0,0,0
2026-09-24,YY0035,36.51,50,86522242
2026-09-24,YY0036,0.0,0,0
2026-09-24,YY0037,85.4,21,68724916
2026-09-24,YY0038,26.72,1,716500
2026-09-24,YY0039,81.42,56,204250307
2026-09-24,YY0040,44.29,13,32376446
2026-09-24,YY0041,79.99000000000001,55,223817029
2026-09-24,YY0042,14.33,10,10156954
2026-09-24,YY0043,6.34,4,2548762
2026-09-24,YY0044,19.14,48,85224811
2026-09-24,YY0045,0.0,0,0
2026-09-24,YY0046,31.81,150,174146232
2026-09-24,YY0047,31.57,283,337580670
2026-09-24,YY0048,49.379999999999995,27,48804591
2026-09-24,YY0049,26.38,7,10276607
2026-09-24,YY0050,21.61,50,51112701
2026-09-24,YY0051,33.79,17,26248168
2026-09-24,YY0052,69.17,68,139969161
2026-09-24,YY0053,46.84,45,113227083
2026-09-24,YY0054,46.92,29,50185739
2026-09-24,YY0055,46.12,54,56668620
2026-09-24,YY0056,51.38,8,10169498
2026-09-24,YY0057,56.95,40,84368799
2026-09-24,YY0058,36.12,18,20840192
2026-09-24,YY0059,21.48,6,4849424
2026-09-24,YY0060,13.47,2,1324549
2026-09-24,YY0061,22.65,16,12074599
2026-09-24,YY0062,23.66,71,75929096
2026-09-24,YY0063,2.86,1,580117
2026-09-24,YY0064,63.78,30,62311248
2026-09-24,YY0065,28.36,56,62420928
2026-09-24,YY0066,30.12,79,100009050
2026-09-24,YY0067,29.72,49,45492976
2026-09-24,YY0068,23.47,66,95284644
2026-09-24,YY0069,0.0,0,0
2026-09-24,YY0070,33.99,85,109789727
2026-09-24,YY0071,18.89,11,15254228
2026-09-24,YY0072,18.32,8,5043936
2026-09-24,YY0073,35.94,16,13168057
2026-09-24,YY0074,17.7,22,18461261
2026-09-24,YY0075,10.309999999999999,3,1694954
2026-09-24,YY0076,0.0,0,0
2026-09-24,YY0077,0.0,0,0
2026-09-24,YY0078,0.0,0,0
2026-09-24,YY0079,0.0,0,0
2026-09-24,YY0080,0.0,0,0
